Sale_ID,Month,Region,Product,Units_Sold,Unit_Price,Unit_Cost,Revenue,Profit,Profit_Margin_%
1,Dec,Dubai,Enterprise Software,18,640.81,278.68,11534.5,6518.32,56.5
2,Feb,Dubai,Security Package,38,959.46,390.93,36459.45,21604.07,59.3
3,Sep,Abu Dhabi,Cloud Storage,39,247.76,111.42,9662.83,5317.36,55.0
4,Apr,Riyadh,CRM Platform,29,1260.68,759.38,36559.67,14537.67,39.8
5,Dec,Dubai,Cloud Storage,28,812.45,356.56,22748.63,12764.94,56.1
6,Feb,Sharjah,Enterprise Software,25,374.09,228.9,9352.24,3629.85,38.8
7,Jan,Riyadh,Analytics Suite,47,1026.96,442.83,48267.34,27454.15,56.9
8,Sep,Ajman,Enterprise Software,19,1692.93,938.95,32165.64,14325.61,44.5
9,Apr,Sharjah,Security Package,46,325.2,183.84,14959.17,6502.51,43.5
10,Apr,Sharjah,Enterprise Software,7,884.23,453.92,6189.59,3012.15,48.7
11,Jun,Sharjah,Cloud Storage,23,577.11,269.36,13273.59,7078.22,53.3
12,Nov,Dubai,Security Package,11,1161.45,535.66,12775.97,6883.66,53.9
13,May,Ajman,CRM Platform,41,1438.69,654.47,58986.35,32153.24,54.5
14,Apr,Sharjah,Enterprise Software,3,1649.08,825.02,4947.25,2472.18,50.0
15,Oct,Dubai,Cloud Storage,46,766.42,432.15,35255.33,15376.27,43.6
16,Mar,Ajman,CRM Platform,17,451.33,264.59,7672.69,3174.6,41.4
17,Dec,Riyadh,Analytics Suite,38,971.18,530.15,36904.87,16759.12,45.4
18,Mar,Sharjah,Cloud Storage,33,1088.33,640.97,35914.84,14762.96,41.1
19,Nov,Dubai,Cloud Storage,11,1625.74,821.88,17883.17,8842.51,49.4
20,Jul,Dubai,CRM Platform,39,1993.02,1060.84,77727.72,36354.92,46.8
21,Nov,Riyadh,Enterprise Software,47,406.19,252.33,19091.08,7231.76,37.9
22,Feb,Sharjah,Analytics Suite,19,982.58,504.49,18668.97,9083.74,48.7
23,Mar,Sharjah,Security Package,33,1842.73,1138.12,60810.09,23251.98,38.2
24,Oct,Sharjah,Security Package,13,475.11,280.61,6176.44,2528.46,40.9
25,Jan,Riyadh,Security Package,39,783.48,317.21,30555.76,18184.67,59.5
26,Apr,Sharjah,Analytics Suite,4,633.57,343.29,2534.28,1161.11,45.8
27,Dec,Dubai,Enterprise Software,32,1668.84,1075.56,53402.94,18984.95,35.6
28,Mar,Riyadh,Cloud Storage,43,1055.51,567.28,45386.86,20993.65,46.3
29,Oct,Sharjah,Security Package,28,1935.85,1223.9,54203.89,19934.65,36.8
30,Jul,Abu Dhabi,Analytics Suite,43,1369.78,697.94,58900.56,28889.25,49.0
31,Feb,Riyadh,CRM Platform,16,604.46,292.87,9671.28,4985.34,51.5
32,Apr,Riyadh,Security Package,38,596.39,249.14,22662.87,13195.49,58.2
33,Feb,Dubai,Cloud Storage,3,1747.34,729.89,5242.03,3052.36,58.2
34,Nov,Abu Dhabi,Analytics Suite,32,585.63,253.62,18740.04,10624.14,56.7
35,Aug,Riyadh,Security Package,16,1612.31,970.41,25797.04,10270.47,39.8
36,Feb,Abu Dhabi,Enterprise Software,43,975.89,493.7,41963.36,20734.32,49.4
37,Nov,Ajman,Enterprise Software,42,1971.5,837.11,82802.89,47644.41,57.5
38,Feb,Ajman,Analytics Suite,16,544.86,291.0,8717.79,4061.87,46.6
39,Mar,Abu Dhabi,CRM Platform,18,1032.73,638.87,18589.15,7089.5,38.1
40,Sep,Dubai,CRM Platform,7,291.06,189.14,2037.41,713.46,35.0
41,Apr,Dubai,Enterprise Software,11,931.55,484.72,10247.0,4915.08,48.0
42,Mar,Ajman,Enterprise Software,25,203.88,101.45,5096.99,2560.7,50.2
43,Jul,Ajman,Analytics Suite,45,1923.17,1247.86,86542.73,30388.99,35.1
44,Mar,Riyadh,CRM Platform,13,734.07,471.41,9542.96,3414.69,35.8
45,Jan,Riyadh,Security Package,48,764.49,315.38,36695.46,21557.27,58.7
46,Sep,Ajman,Security Package,11,302.38,159.34,3326.22,1573.44,47.3
47,Oct,Abu Dhabi,Enterprise Software,5,1415.38,649.38,7076.91,3830.02,54.1
48,Apr,Dubai,Security Package,38,1270.13,704.73,48265.11,21485.44,44.5
49,Oct,Ajman,Security Package,34,769.47,357.95,26161.83,13991.57,53.5
50,May,Sharjah,Cloud Storage,26,435.58,244.52,11325.1,4967.47,43.9
51,Feb,Ajman,Analytics Suite,1,1024.91,665.8,1024.91,359.12,35.0
52,Sep,Dubai,Enterprise Software,14,1110.59,481.01,15548.29,8814.11,56.7
53,Apr,Sharjah,Enterprise Software,24,712.98,363.29,17111.46,8392.38,49.0
54,Oct,Riyadh,Analytics Suite,42,1152.09,653.2,48387.92,20953.62,43.3
55,Nov,Riyadh,Analytics Suite,7,1890.07,819.48,13230.52,7494.13,56.6
56,Dec,Dubai,Enterprise Software,36,479.81,225.72,17273.02,9147.12,53.0
57,Apr,Abu Dhabi,Analytics Suite,44,1341.63,625.19,59031.65,31523.14,53.4
58,Jan,Ajman,Analytics Suite,6,1341.71,814.87,8050.27,3161.04,39.3
59,Jun,Dubai,Enterprise Software,50,435.48,280.86,21773.77,7730.79,35.5
60,Sep,Abu Dhabi,CRM Platform,46,969.84,390.28,44612.48,26659.64,59.8
61,Sep,Dubai,Cloud Storage,3,1702.27,928.81,5106.81,2320.4,45.4
62,Mar,Abu Dhabi,CRM Platform,3,754.87,471.6,2264.6,849.8,37.5
63,Apr,Dubai,Analytics Suite,44,649.15,276.34,28562.76,16403.64,57.4
64,Oct,Riyadh,CRM Platform,48,478.2,302.44,22953.41,8436.06,36.8
65,Jul,Abu Dhabi,Cloud Storage,2,522.85,329.98,1045.7,385.74,36.9
66,May,Ajman,Cloud Storage,11,1617.27,690.61,17790.02,10193.25,57.3
67,Apr,Dubai,CRM Platform,13,1669.86,860.1,21708.13,10526.8,48.5
68,Apr,Sharjah,Cloud Storage,2,1388.06,693.5,2776.12,1389.12,50.0
69,May,Sharjah,Enterprise Software,23,1354.67,677.22,31157.34,15581.18,50.0
70,Jan,Riyadh,Analytics Suite,8,1778.67,827.62,14229.35,7608.38,53.5
71,Jan,Riyadh,Analytics Suite,7,1273.83,619.62,8916.8,4579.47,51.4
72,Oct,Sharjah,CRM Platform,33,408.16,255.05,13469.36,5052.68,37.5
73,Jan,Abu Dhabi,Analytics Suite,46,984.9,521.98,45305.56,21294.52,47.0
74,Jun,Riyadh,Cloud Storage,28,325.95,184.51,9126.68,3960.44,43.4
75,Jun,Sharjah,Security Package,43,1726.43,1001.22,74236.38,31183.84,42.0
76,May,Sharjah,Security Package,43,935.11,468.11,40209.61,20080.68,49.9
77,Mar,Sharjah,Security Package,13,956.8,607.66,12438.44,4538.9,36.5
78,Oct,Abu Dhabi,Security Package,20,930.94,566.41,18618.71,7290.5,39.2
79,Apr,Sharjah,Analytics Suite,28,1614.37,890.59,45202.24,20265.73,44.8
80,Aug,Sharjah,CRM Platform,29,1416.13,747.42,41067.74,19392.45,47.2
81,May,Abu Dhabi,Enterprise Software,33,1394.94,773.93,46032.92,20493.16,44.5
82,Nov,Dubai,Cloud Storage,20,604.35,271.83,12087.06,6650.51,55.0
83,Apr,Dubai,Enterprise Software,31,1300.29,769.93,40309.09,16441.18,40.8
84,Nov,Ajman,CRM Platform,37,549.98,315.74,20349.39,8667.04,42.6
85,Apr,Ajman,CRM Platform,10,1380.9,554.28,13809.04,8266.28,59.9
86,Apr,Dubai,CRM Platform,12,1647.4,945.57,19768.77,8421.93,42.6
87,Sep,Ajman,Enterprise Software,16,1851.45,796.75,29623.14,16875.13,57.0
88,Nov,Abu Dhabi,CRM Platform,34,1978.21,1085.76,67259.02,30343.03,45.1
89,Dec,Ajman,Security Package,33,968.13,606.74,31948.4,11925.9,37.3
90,Dec,Ajman,Cloud Storage,31,1010.13,593.9,31313.89,12903.07,41.2
91,Aug,Sharjah,Security Package,41,630.64,321.61,25856.34,12670.43,49.0
92,May,Sharjah,Cloud Storage,22,775.48,414.91,17060.5,7932.48,46.5
93,Apr,Abu Dhabi,Cloud Storage,25,1449.11,835.56,36227.74,15338.65,42.3
94,Jul,Dubai,CRM Platform,22,1176.7,592.99,25887.4,12841.61,49.6
95,Jul,Abu Dhabi,CRM Platform,50,1251.34,718.12,62567.15,26661.07,42.6
96,Aug,Riyadh,CRM Platform,1,1896.93,900.39,1896.93,996.55,52.5
97,Sep,Ajman,CRM Platform,48,1522.34,913.35,73072.38,29231.36,40.0
98,Apr,Abu Dhabi,CRM Platform,18,984.5,400.95,17721.09,10504.06,59.3
99,Dec,Sharjah,CRM Platform,11,1712.91,1078.94,18842.01,6973.7,37.0
100,Jan,Riyadh,Security Package,26,1265.41,715.9,32900.58,14287.08,43.4
101,Mar,Dubai,CRM Platform,30,527.11,245.13,15813.37,8459.53,53.5
102,Aug,Sharjah,Cloud Storage,21,807.5,500.58,16957.52,6445.38,38.0
103,May,Sharjah,CRM Platform,6,1046.55,614.59,6279.31,2591.75,41.3
104,Apr,Dubai,Analytics Suite,42,323.51,206.83,13587.55,4900.74,36.1
105,Apr,Dubai,Enterprise Software,13,1710.61,949.96,22237.96,9888.46,44.5
106,Aug,Abu Dhabi,Cloud Storage,43,405.9,258.53,17453.74,6336.77,36.3
107,Jun,Ajman,Analytics Suite,11,1290.61,827.19,14196.68,5097.55,35.9
108,May,Dubai,Cloud Storage,7,1241.63,784.99,8691.43,3196.52,36.8
109,Jul,Riyadh,CRM Platform,46,556.99,305.25,25621.71,11580.38,45.2
110,Dec,Abu Dhabi,Enterprise Software,50,742.85,424.21,37142.44,15931.7,42.9
111,Jan,Dubai,Security Package,23,1158.94,655.24,26655.65,11585.07,43.5
112,Nov,Dubai,Security Package,22,222.77,112.5,4901.03,2425.94,49.5
113,Jul,Ajman,Enterprise Software,24,1344.05,816.08,32257.28,12671.41,39.3
114,Mar,Abu Dhabi,CRM Platform,47,1139.14,640.9,53539.77,23417.53,43.7
115,Aug,Riyadh,Security Package,30,984.03,573.45,29521.02,12317.45,41.7
116,Apr,Sharjah,Analytics Suite,6,702.07,359.95,4212.43,2052.71,48.7
117,Oct,Ajman,Security Package,43,882.18,359.2,37933.77,22488.09,59.3
118,Aug,Sharjah,Cloud Storage,14,838.68,389.64,11741.59,6286.59,53.5
119,Dec,Sharjah,Security Package,18,1200.42,635.21,21607.63,10173.81,47.1
120,Apr,Abu Dhabi,Enterprise Software,47,931.57,501.92,43783.82,20193.36,46.1
121,Nov,Abu Dhabi,CRM Platform,46,1083.48,648.17,49840.01,20024.06,40.2
122,Apr,Dubai,Analytics Suite,26,1445.22,688.72,37575.64,19668.91,52.3
123,Aug,Riyadh,Analytics Suite,36,1155.66,585.2,41603.74,20536.61,49.4
124,Jun,Riyadh,Analytics Suite,45,1016.74,484.64,45753.37,23944.76,52.3
125,Dec,Abu Dhabi,Enterprise Software,13,767.99,449.83,9983.82,4136.1,41.4
126,Apr,Abu Dhabi,Cloud Storage,48,1071.56,622.73,51434.76,21543.64,41.9
127,May,Riyadh,Security Package,7,1698.73,805.3,11891.12,6254.0,52.6
128,May,Sharjah,Cloud Storage,1,1474.43,636.43,1474.43,838.0,56.8
129,Sep,Dubai,Enterprise Software,19,1455.35,628.09,27651.67,15718.05,56.8
130,Jan,Ajman,Enterprise Software,37,711.81,369.91,26337.0,12650.23,48.0
131,Jan,Sharjah,Cloud Storage,17,1893.91,983.76,32196.55,15472.62,48.1
132,Aug,Dubai,CRM Platform,5,1238.64,708.02,6193.19,2653.08,42.8
133,Oct,Abu Dhabi,Cloud Storage,20,353.33,163.25,7066.51,3801.45,53.8
134,Oct,Riyadh,CRM Platform,39,1623.33,740.92,63310.01,34413.94,54.4
135,Aug,Riyadh,CRM Platform,29,735.24,402.27,21321.83,9655.99,45.3
136,Oct,Ajman,Analytics Suite,40,308.41,197.39,12336.58,4440.83,36.0
137,Nov,Dubai,Cloud Storage,14,676.36,284.27,9469.08,5489.26,58.0
138,Sep,Abu Dhabi,Cloud Storage,5,481.76,241.91,2408.79,1199.27,49.8
139,May,Riyadh,CRM Platform,3,616.66,355.65,1849.97,783.02,42.3
140,Nov,Ajman,Enterprise Software,15,1863.04,1112.15,27945.6,11263.28,40.3
141,Jul,Riyadh,Cloud Storage,8,1180.21,663.17,9441.7,4136.33,43.8
142,Feb,Sharjah,Cloud Storage,4,498.66,237.81,1994.64,1043.39,52.3
143,Aug,Riyadh,Analytics Suite,8,1043.66,496.8,8349.25,4374.82,52.4
144,Sep,Ajman,Analytics Suite,35,1088.83,457.43,38109.1,22099.07,58.0
145,Dec,Dubai,CRM Platform,21,1286.68,522.99,27020.38,16037.51,59.4
146,Oct,Abu Dhabi,Security Package,2,1999.23,1135.7,3998.46,1727.05,43.2
147,Jan,Sharjah,Security Package,49,1561.28,808.16,76502.91,36903.08,48.2
148,Mar,Ajman,Analytics Suite,38,984.59,594.26,37414.53,14832.57,39.6
149,Jun,Dubai,CRM Platform,27,799.96,454.0,21598.79,9340.75,43.2
150,Jul,Abu Dhabi,Analytics Suite,45,1091.84,617.6,49132.99,21341.12,43.4
151,Jan,Ajman,Security Package,30,358.51,166.02,10755.23,5774.49,53.7
152,Sep,Dubai,CRM Platform,1,1383.79,741.22,1383.79,642.56,46.4
153,Apr,Ajman,Enterprise Software,34,851.2,501.45,28940.9,11891.5,41.1
154,Apr,Ajman,Enterprise Software,18,1188.6,751.1,21394.72,7875.01,36.8
155,Feb,Ajman,CRM Platform,2,1951.66,1077.74,3903.33,1747.84,44.8
156,May,Abu Dhabi,Cloud Storage,36,224.61,112.76,8086.11,4026.9,49.8
157,Aug,Abu Dhabi,Enterprise Software,8,1365.88,598.93,10927.02,6135.6,56.2
158,Dec,Sharjah,Security Package,18,947.88,493.49,17061.89,8179.04,47.9
159,Aug,Ajman,Cloud Storage,36,460.36,206.08,16572.8,9153.94,55.2
160,Dec,Riyadh,Security Package,9,1755.25,823.32,15797.24,8387.36,53.1
161,Sep,Ajman,Analytics Suite,18,1676.99,789.38,30185.8,15977.05,52.9
162,Oct,Sharjah,Security Package,43,1081.35,472.71,46498.16,26171.54,56.3
163,Jun,Riyadh,CRM Platform,22,1193.45,639.52,26255.93,12186.49,46.4
164,Apr,Ajman,Analytics Suite,45,629.85,312.24,28343.25,14292.29,50.4
165,Jun,Ajman,Enterprise Software,48,1051.36,660.63,50465.15,18754.99,37.2
166,Nov,Ajman,CRM Platform,42,1965.47,1029.58,82549.85,39307.58,47.6
167,Sep,Dubai,Cloud Storage,38,797.59,339.05,30308.44,17424.59,57.5
168,Sep,Ajman,Enterprise Software,30,227.63,99.25,6828.77,3851.16,56.4
169,Aug,Abu Dhabi,Enterprise Software,17,809.41,463.93,13759.97,5873.08,42.7
170,Nov,Dubai,Analytics Suite,35,884.02,423.59,30940.59,16114.93,52.1
171,Jan,Ajman,Security Package,40,323.16,180.25,12926.29,5716.13,44.2
172,Dec,Sharjah,Cloud Storage,6,981.15,416.61,5886.89,3387.25,57.5
173,Mar,Dubai,CRM Platform,45,739.04,300.96,33256.75,19713.38,59.3
174,May,Sharjah,Enterprise Software,23,874.71,381.72,20118.42,11338.89,56.4
175,Oct,Riyadh,CRM Platform,44,1626.54,719.74,71567.54,39899.2,55.8
176,Jul,Dubai,Security Package,40,1429.64,749.73,57185.69,27196.55,47.6
177,Apr,Riyadh,Cloud Storage,30,1348.23,694.19,40446.85,19621.07,48.5
178,May,Dubai,CRM Platform,44,1183.88,495.41,52090.57,30292.47,58.2
179,May,Sharjah,Security Package,41,1931.65,1106.02,79197.75,33850.83,42.7
180,Apr,Ajman,Analytics Suite,25,1736.0,740.69,43400.1,24882.87,57.3
181,Jun,Ajman,Security Package,37,732.57,421.1,27105.1,11524.55,42.5
182,May,Dubai,CRM Platform,1,1218.67,696.41,1218.67,522.26,42.9
183,Dec,Dubai,Security Package,32,1699.11,1063.19,54371.52,20349.43,37.4
184,Jun,Abu Dhabi,Security Package,15,1345.91,747.28,20188.68,8979.47,44.5
185,Nov,Abu Dhabi,Enterprise Software,42,270.96,161.8,11380.35,4584.54,40.3
186,Jun,Dubai,Security Package,47,436.54,273.89,20517.44,7644.66,37.3
187,Mar,Sharjah,CRM Platform,13,437.89,234.21,5692.54,2647.87,46.5
188,Sep,Sharjah,Security Package,18,1694.85,786.82,30507.31,16344.52,53.6
189,Dec,Ajman,Analytics Suite,22,1647.62,851.96,36247.61,17504.59,48.3
190,Apr,Dubai,Cloud Storage,44,1503.59,969.79,66157.96,23487.03,35.5
191,Feb,Riyadh,Analytics Suite,26,225.05,120.21,5851.39,2725.91,46.6
192,Nov,Ajman,Analytics Suite,48,1410.21,770.17,67690.24,30721.89,45.4
193,Nov,Sharjah,Enterprise Software,15,1048.66,581.89,15729.88,7001.58,44.5
194,Oct,Riyadh,Analytics Suite,15,1365.77,763.26,20486.61,9037.65,44.1
195,Nov,Ajman,Analytics Suite,27,410.02,168.65,11070.45,6516.77,58.9
196,Aug,Dubai,Analytics Suite,8,374.95,233.15,2999.56,1134.39,37.8
197,Aug,Abu Dhabi,CRM Platform,24,1406.88,824.13,33765.0,13985.97,41.4
198,Oct,Riyadh,CRM Platform,48,1507.88,936.93,72378.17,27405.74,37.9
199,Oct,Dubai,CRM Platform,27,1890.3,888.32,51037.98,27053.44,53.0
200,Aug,Sharjah,Cloud Storage,29,1911.0,1173.09,55418.98,21399.34,38.6
201,Sep,Dubai,Analytics Suite,42,845.61,422.41,35515.74,17774.39,50.0
202,Aug,Abu Dhabi,Enterprise Software,6,1392.98,780.66,8357.9,3673.92,44.0
203,Jan,Riyadh,Enterprise Software,22,638.42,275.47,14045.33,7985.04,56.9
204,Feb,Riyadh,Cloud Storage,49,1197.57,654.59,58681.13,26606.27,45.3
205,Mar,Abu Dhabi,Analytics Suite,39,205.1,126.06,7999.06,3082.82,38.5
206,Sep,Abu Dhabi,Cloud Storage,17,1637.32,699.93,27834.52,15935.78,57.3
207,Jan,Dubai,Cloud Storage,23,1621.97,745.27,37305.37,20164.19,54.1
208,Mar,Sharjah,Enterprise Software,17,294.32,172.3,5003.41,2074.27,41.5
209,Dec,Riyadh,Enterprise Software,5,1057.24,628.54,5286.21,2143.54,40.5
210,Feb,Riyadh,Security Package,29,1106.91,704.39,32100.38,11673.18,36.4
211,May,Dubai,Security Package,30,1358.01,553.78,40740.4,24126.97,59.2
212,Jul,Ajman,CRM Platform,44,394.33,227.96,17350.58,7320.2,42.2
213,Feb,Ajman,Enterprise Software,21,1294.94,539.24,27193.64,15869.65,58.4
214,Nov,Sharjah,Security Package,38,1187.04,571.32,45107.58,23397.47,51.9
215,May,Riyadh,Security Package,30,1109.99,563.38,33299.76,16398.47,49.2
216,Dec,Dubai,Security Package,14,974.13,605.93,13637.76,5154.76,37.8
217,Aug,Ajman,Analytics Suite,26,948.78,402.07,24668.32,14214.59,57.6
218,Nov,Ajman,Analytics Suite,17,873.74,382.84,14853.61,8345.36,56.2
219,Feb,Ajman,Enterprise Software,6,367.81,156.01,2206.89,1270.85,57.6
220,Sep,Sharjah,Cloud Storage,4,1255.64,678.54,5022.55,2308.38,46.0
221,Jul,Sharjah,Enterprise Software,23,1772.49,1126.03,40767.35,14868.57,36.5
222,May,Ajman,Enterprise Software,39,762.41,324.71,29733.91,17070.24,57.4
223,Mar,Riyadh,Cloud Storage,43,1067.94,653.39,45921.46,17825.85,38.8
224,Jun,Sharjah,Security Package,8,1572.69,854.8,12581.52,5743.15,45.6
225,Oct,Ajman,Security Package,40,1414.96,762.92,56598.32,26081.36,46.1
226,Jan,Riyadh,Analytics Suite,12,691.89,408.63,8302.64,3399.08,40.9
227,Jan,Sharjah,Analytics Suite,12,1765.75,956.3,21189.03,9713.47,45.8
228,Mar,Ajman,Enterprise Software,48,1339.71,546.15,64306.06,38090.78,59.2
229,Jul,Riyadh,Cloud Storage,27,1016.56,446.63,27447.19,15388.2,56.1
230,Oct,Sharjah,Analytics Suite,39,352.92,145.81,13763.98,8077.36,58.7
231,Jan,Abu Dhabi,Security Package,44,346.85,177.16,15261.26,7466.14,48.9
232,Oct,Ajman,CRM Platform,29,945.53,429.17,27420.39,14974.49,54.6
233,Jun,Riyadh,Enterprise Software,28,399.6,227.59,11188.84,4816.19,43.0
234,Sep,Riyadh,CRM Platform,43,755.15,343.69,32471.66,17692.85,54.5
235,Jan,Riyadh,Enterprise Software,14,742.55,336.24,10395.77,5688.48,54.7
236,May,Abu Dhabi,Analytics Suite,21,415.97,218.11,8735.41,4155.03,47.6
237,Mar,Ajman,Cloud Storage,25,1158.65,530.11,28966.21,15713.36,54.2
238,Feb,Riyadh,Analytics Suite,26,1751.18,718.99,45530.57,26836.83,58.9
239,Feb,Dubai,CRM Platform,21,1236.37,671.78,25963.7,11856.32,45.7
240,Feb,Ajman,Analytics Suite,26,237.54,114.3,6176.09,3204.2,51.9
241,Dec,Riyadh,CRM Platform,24,358.63,219.17,8607.21,3347.16,38.9
242,Oct,Abu Dhabi,CRM Platform,26,1143.13,570.36,29721.45,14892.18,50.1
243,Apr,Sharjah,Analytics Suite,22,1602.41,671.56,35253.07,20478.69,58.1
244,Sep,Dubai,Security Package,13,1830.66,892.16,23798.59,12200.5,51.3
245,Feb,Abu Dhabi,Cloud Storage,10,660.74,292.96,6607.43,3677.86,55.7
246,Mar,Abu Dhabi,Enterprise Software,50,1330.31,686.42,66515.39,32194.23,48.4
247,Aug,Riyadh,Security Package,44,1863.48,1008.37,81993.02,37624.71,45.9
248,Nov,Riyadh,Analytics Suite,21,471.72,196.74,9906.19,5774.6,58.3
249,May,Ajman,Analytics Suite,38,301.11,158.63,11442.17,5414.04,47.3
250,Aug,Sharjah,CRM Platform,3,302.4,183.84,907.21,355.69,39.2
251,Oct,Dubai,Enterprise Software,39,1112.72,573.81,43396.16,21017.72,48.4
252,Aug,Riyadh,Enterprise Software,37,1373.31,659.71,50812.37,26403.04,52.0
253,Mar,Ajman,Security Package,4,1010.94,609.34,4043.77,1606.42,39.7
254,Sep,Sharjah,Enterprise Software,42,510.61,235.87,21445.45,11539.03,53.8
255,Sep,Ajman,CRM Platform,34,1297.65,637.11,44120.09,22458.25,50.9
256,Jul,Sharjah,CRM Platform,50,809.06,444.56,40453.04,18225.25,45.1
257,Jun,Sharjah,Enterprise Software,7,1204.33,598.12,8430.34,4243.49,50.3
258,Mar,Sharjah,Security Package,22,346.7,196.2,7627.48,3311.07,43.4
259,Nov,Sharjah,Analytics Suite,45,1391.84,601.61,62632.95,35560.61,56.8
260,Sep,Dubai,Analytics Suite,25,1358.29,654.86,33957.2,17585.78,51.8
261,Feb,Abu Dhabi,Security Package,42,1406.82,741.57,59086.48,27940.69,47.3
262,May,Dubai,Analytics Suite,12,1912.1,928.2,22945.26,11806.87,51.5
263,Apr,Ajman,Cloud Storage,9,478.9,226.97,4310.11,2267.34,52.6
264,Sep,Dubai,Security Package,48,1790.63,733.15,85950.14,50758.98,59.1
265,Mar,Sharjah,Security Package,39,878.1,386.86,34245.73,19158.37,55.9
266,Dec,Riyadh,Cloud Storage,29,278.65,136.84,8080.74,4112.49,50.9
267,Oct,Abu Dhabi,CRM Platform,19,1554.3,926.29,29531.78,11932.31,40.4
268,Apr,Abu Dhabi,Security Package,20,1938.07,1155.27,38761.48,15656.05,40.4
269,Nov,Abu Dhabi,Analytics Suite,37,1971.99,1016.4,72963.69,35356.75,48.5
270,Sep,Sharjah,CRM Platform,34,953.59,420.07,32422.04,18139.66,55.9
271,Mar,Abu Dhabi,Security Package,17,293.92,152.88,4996.7,2397.68,48.0
272,Feb,Sharjah,Security Package,46,1722.61,1055.6,79239.88,30682.35,38.7
273,Mar,Sharjah,Enterprise Software,18,1008.77,532.97,18157.94,8564.41,47.2
274,Apr,Ajman,Enterprise Software,29,1792.33,1133.86,51977.67,19095.66,36.7
275,Jul,Ajman,Enterprise Software,33,873.13,433.55,28813.31,14506.31,50.3
276,Apr,Dubai,Analytics Suite,2,773.63,328.62,1547.27,890.03,57.5
277,Mar,Sharjah,Cloud Storage,3,716.38,435.16,2149.15,843.67,39.3
278,Aug,Abu Dhabi,CRM Platform,40,209.45,87.93,8378.09,4860.91,58.0
279,Mar,Sharjah,Cloud Storage,36,1892.41,1045.02,68126.64,30505.75,44.8
280,May,Ajman,Enterprise Software,16,742.07,305.69,11873.15,6982.16,58.8
281,Aug,Ajman,Security Package,5,399.54,250.23,1997.72,746.57,37.4
282,Jan,Riyadh,Security Package,41,1127.68,519.28,46234.73,24944.35,54.0
283,Jul,Abu Dhabi,Analytics Suite,1,1306.66,601.25,1306.66,705.41,54.0
284,Nov,Ajman,Cloud Storage,43,354.11,227.92,15226.52,5425.76,35.6
285,Sep,Dubai,Security Package,33,1615.54,851.24,53312.89,25222.03,47.3
286,Aug,Dubai,CRM Platform,3,1344.21,867.36,4032.62,1430.53,35.5
287,Jun,Sharjah,Enterprise Software,5,820.64,478.63,4103.22,1710.08,41.7
288,Dec,Dubai,Security Package,49,798.53,328.26,39128.14,23043.19,58.9
289,Nov,Riyadh,Analytics Suite,12,1694.69,967.96,20336.29,8720.8,42.9
290,Mar,Ajman,Cloud Storage,5,1488.88,946.78,7444.41,2710.5,36.4
291,Apr,Dubai,Analytics Suite,3,1624.0,1009.23,4871.99,1844.3,37.9
292,Sep,Sharjah,Analytics Suite,26,1980.42,1061.03,51490.94,23904.27,46.4
293,Nov,Sharjah,Enterprise Software,13,715.0,440.11,9294.99,3573.6,38.4
294,May,Dubai,Analytics Suite,8,1638.82,834.55,13110.53,6434.15,49.1
295,Jul,Ajman,CRM Platform,22,1952.7,1023.32,42959.45,20446.52,47.6
296,Sep,Ajman,Analytics Suite,18,1642.07,955.31,29557.2,12361.7,41.8
297,Oct,Dubai,CRM Platform,12,1181.85,567.65,14182.25,7370.47,52.0
298,Nov,Dubai,Analytics Suite,19,751.69,413.92,14282.16,6417.61,44.9
299,Dec,Ajman,Cloud Storage,29,832.78,341.93,24150.75,14234.72,58.9
300,Jul,Sharjah,Security Package,18,1351.04,807.75,24318.81,9779.33,40.2
301,Nov,Dubai,Enterprise Software,41,931.18,491.92,38178.32,18009.8,47.2
302,Mar,Abu Dhabi,Enterprise Software,39,1420.56,723.84,55401.84,27172.21,49.0
303,Apr,Abu Dhabi,Enterprise Software,50,1361.29,667.77,68064.66,34676.38,50.9
304,Oct,Riyadh,Enterprise Software,10,1422.31,906.31,14223.12,5160.06,36.3
305,Feb,Sharjah,CRM Platform,37,447.85,220.23,16570.49,8422.16,50.8
306,Apr,Sharjah,Analytics Suite,8,246.64,110.13,1973.15,1092.12,55.3
307,Sep,Riyadh,CRM Platform,8,671.2,312.16,5369.58,2872.34,53.5
308,Oct,Ajman,Cloud Storage,19,1449.17,941.46,27534.14,9646.39,35.0
309,Mar,Abu Dhabi,Enterprise Software,5,1013.68,633.21,5068.38,1902.32,37.5
310,Nov,Ajman,Enterprise Software,21,1402.11,809.56,29444.34,12443.62,42.3
311,May,Riyadh,Security Package,20,1732.45,1001.27,34649.03,14623.55,42.2
312,Sep,Abu Dhabi,Analytics Suite,15,418.45,188.41,6276.79,3450.69,55.0
313,Aug,Abu Dhabi,Cloud Storage,2,849.61,461.4,1699.23,776.43,45.7
314,Mar,Ajman,Security Package,40,1791.64,746.11,71665.74,41821.47,58.4
315,Sep,Ajman,CRM Platform,27,1584.5,959.94,42781.4,16862.94,39.4
316,Jun,Dubai,Cloud Storage,42,333.5,172.24,14006.88,6772.91,48.4
317,Mar,Riyadh,Analytics Suite,50,1192.35,652.15,59617.31,27009.83,45.3
318,Sep,Abu Dhabi,CRM Platform,4,1696.5,898.34,6786.01,3192.65,47.0
319,Mar,Sharjah,Cloud Storage,21,1882.53,859.12,39533.09,21491.47,54.4
320,Feb,Riyadh,Analytics Suite,17,553.34,353.64,9406.84,3395.04,36.1
321,Nov,Sharjah,Cloud Storage,20,1305.97,552.89,26119.42,15061.58,57.7
322,Oct,Abu Dhabi,Security Package,10,508.16,282.6,5081.61,2255.63,44.4
323,Oct,Riyadh,Analytics Suite,3,1685.43,686.13,5056.28,2997.9,59.3
324,May,Dubai,Security Package,42,579.46,314.66,24337.11,11121.23,45.7
325,Aug,Riyadh,Enterprise Software,41,1182.04,662.51,48463.62,21300.88,44.0
326,Apr,Sharjah,CRM Platform,44,930.97,477.95,40962.53,19932.94,48.7
327,Aug,Dubai,Cloud Storage,27,1071.65,483.32,28934.6,15884.93,54.9
328,Jun,Riyadh,Cloud Storage,46,774.77,501.28,35639.4,12580.5,35.3
329,Mar,Sharjah,CRM Platform,49,866.97,468.52,42481.65,19524.02,46.0
330,Aug,Sharjah,Cloud Storage,8,681.45,314.82,5451.59,2933.07,53.8
331,May,Dubai,Enterprise Software,25,1755.49,885.71,43887.37,21744.72,49.5
332,Oct,Abu Dhabi,Analytics Suite,47,762.89,450.7,35855.68,14672.85,40.9
333,Aug,Ajman,Security Package,32,1782.34,934.55,57034.76,27129.01,47.6
334,Sep,Dubai,CRM Platform,30,1940.04,880.36,58201.08,31790.24,54.6
335,Jan,Sharjah,Enterprise Software,19,1090.81,676.94,20725.38,7863.52,37.9
336,Sep,Ajman,Analytics Suite,1,1724.91,875.79,1724.91,849.12,49.2
337,Jul,Sharjah,Analytics Suite,24,281.44,116.17,6754.47,3966.3,58.7
338,Jun,Riyadh,Cloud Storage,36,719.48,357.29,25901.39,13039.09,50.3
339,May,Ajman,Security Package,40,1424.72,612.21,56988.7,32500.5,57.0
340,Jun,Dubai,CRM Platform,22,1204.1,591.7,26490.14,13472.84,50.9
341,Oct,Abu Dhabi,Cloud Storage,33,922.5,378.28,30442.39,17959.07,59.0
342,Dec,Dubai,Cloud Storage,22,1647.14,872.71,36237.05,17037.46,47.0
343,Sep,Abu Dhabi,Security Package,9,790.34,437.27,7113.05,3177.63,44.7
344,Oct,Abu Dhabi,CRM Platform,48,1716.68,941.48,82400.81,37209.64,45.2
345,Sep,Riyadh,Security Package,32,1475.73,700.9,47223.41,24794.76,52.5
346,Jun,Dubai,Analytics Suite,44,397.29,200.29,17480.68,8668.06,49.6
347,Oct,Sharjah,Enterprise Software,31,677.95,382.3,21016.6,9165.39,43.6
348,Apr,Riyadh,Security Package,47,292.44,152.1,13744.65,6595.89,48.0
349,Jul,Riyadh,Security Package,10,1678.99,773.26,16789.9,9057.33,53.9
350,Apr,Riyadh,Enterprise Software,2,993.87,501.6,1987.74,984.54,49.5
351,Jul,Ajman,Cloud Storage,33,1594.95,1005.03,52633.35,19467.49,37.0
352,Sep,Dubai,Cloud Storage,14,1209.6,785.67,16934.35,5934.97,35.0
353,Jul,Ajman,Security Package,21,1922.03,989.69,40362.71,19579.31,48.5
354,Sep,Riyadh,Analytics Suite,23,1416.56,873.9,32580.96,12481.32,38.3
355,Aug,Sharjah,Security Package,13,1923.21,903.43,25001.7,13257.11,53.0
356,May,Sharjah,Cloud Storage,50,720.21,325.4,36010.37,19740.19,54.8
357,Aug,Ajman,Analytics Suite,23,1208.88,765.97,27804.19,10186.86,36.6
358,Feb,Sharjah,Analytics Suite,37,1417.92,701.76,52463.04,26497.85,50.5
359,Mar,Ajman,Analytics Suite,19,275.72,176.14,5238.67,1892.06,36.1
360,Aug,Dubai,Analytics Suite,42,661.6,343.88,27787.16,13344.24,48.0
361,May,Abu Dhabi,Security Package,36,1453.11,631.11,52311.9,29591.89,56.6
362,Apr,Riyadh,Security Package,16,291.38,182.49,4662.04,1742.22,37.4
363,Jan,Abu Dhabi,Cloud Storage,7,943.94,546.86,6607.6,2779.56,42.1
364,Jan,Dubai,Cloud Storage,36,1960.24,861.5,70568.61,39554.75,56.1
365,Nov,Ajman,CRM Platform,13,1560.64,736.33,20288.32,10716.06,52.8
366,Feb,Sharjah,Enterprise Software,42,1233.44,658.4,51804.48,24151.87,46.6
367,Jul,Dubai,Cloud Storage,12,1881.06,769.51,22572.73,13338.56,59.1
368,Mar,Ajman,CRM Platform,48,1931.84,1219.97,92728.15,34169.4,36.8
369,May,Dubai,Enterprise Software,37,1285.01,812.27,47545.35,17491.28,36.8
370,Aug,Sharjah,Analytics Suite,42,1177.94,616.63,49473.52,23575.21,47.7
371,Aug,Abu Dhabi,Security Package,18,547.06,234.23,9847.09,5630.94,57.2
372,Nov,Abu Dhabi,CRM Platform,17,1493.48,602.65,25389.1,15144.07,59.6
373,Oct,Sharjah,Analytics Suite,44,1563.11,693.82,68776.79,38248.58,55.6
374,Sep,Ajman,CRM Platform,21,356.13,202.04,7478.69,3235.92,43.3
375,Aug,Abu Dhabi,Cloud Storage,21,1884.49,757.01,39574.2,23676.95,59.8
376,Aug,Ajman,Cloud Storage,49,680.59,328.32,33348.9,17261.18,51.8
377,Jan,Riyadh,Security Package,17,1376.63,789.07,23402.71,9988.46,42.7
378,Aug,Dubai,Enterprise Software,20,487.49,278.61,9749.81,4177.61,42.8
379,Nov,Sharjah,Enterprise Software,19,861.58,392.2,16370.0,8918.18,54.5
380,Mar,Abu Dhabi,CRM Platform,30,1545.92,852.48,46377.68,20803.42,44.9
381,Aug,Ajman,Security Package,49,1167.53,660.85,57209.06,24827.38,43.4
382,Nov,Abu Dhabi,Cloud Storage,49,1272.47,759.46,62350.84,25137.2,40.3
383,Sep,Riyadh,CRM Platform,46,851.21,535.68,39155.79,14514.61,37.1
384,Sep,Dubai,Enterprise Software,33,563.88,301.21,18608.11,8668.31,46.6
385,Sep,Abu Dhabi,Analytics Suite,29,409.23,184.71,11867.73,6511.23,54.9
386,Feb,Riyadh,CRM Platform,33,1001.87,414.68,33061.67,19377.15,58.6
387,Jul,Abu Dhabi,Security Package,30,1215.04,655.76,36451.2,16778.51,46.0
388,Jul,Sharjah,Enterprise Software,17,1669.62,979.15,28383.47,11737.95,41.4
389,Jan,Riyadh,Enterprise Software,28,820.15,341.13,22964.25,13412.5,58.4
390,Aug,Dubai,Enterprise Software,3,716.76,318.96,2150.29,1193.42,55.5
391,Jun,Abu Dhabi,CRM Platform,25,1007.37,633.91,25184.17,9336.31,37.1
392,Feb,Ajman,CRM Platform,44,1935.46,1197.35,85160.23,32476.84,38.1
393,Feb,Abu Dhabi,Analytics Suite,12,1987.12,990.11,23845.49,11964.13,50.2
394,Jan,Abu Dhabi,Cloud Storage,49,240.92,114.34,11805.26,6202.59,52.5
395,Sep,Riyadh,CRM Platform,25,1682.05,776.9,42051.22,22628.69,53.8
396,May,Sharjah,Cloud Storage,13,1887.34,1097.03,24535.4,10274.05,41.9
397,Nov,Dubai,Enterprise Software,27,1306.86,828.63,35285.27,12912.31,36.6
398,Apr,Dubai,Cloud Storage,5,381.61,155.85,1908.07,1128.83,59.2
399,Apr,Riyadh,Enterprise Software,48,279.63,142.54,13422.05,6580.29,49.0
400,Jan,Riyadh,Cloud Storage,9,1107.01,522.86,9963.11,5257.38,52.8
401,Oct,Riyadh,Analytics Suite,39,1590.57,961.65,62032.18,24527.8,39.5
402,Mar,Abu Dhabi,Analytics Suite,43,1138.25,572.98,48944.83,24306.49,49.7
403,Sep,Sharjah,Enterprise Software,38,1783.49,1119.84,67772.43,25218.5,37.2
404,Aug,Ajman,Security Package,4,1950.12,1239.1,7800.49,2844.09,36.5
405,Jun,Ajman,Security Package,45,949.38,415.17,42722.3,24039.65,56.3
406,Sep,Ajman,Cloud Storage,31,633.74,289.2,19646.02,10680.83,54.4
407,Jan,Abu Dhabi,CRM Platform,36,942.82,475.3,33941.5,16830.68,49.6
408,Jul,Riyadh,Cloud Storage,16,658.99,318.01,10543.87,5455.76,51.7
409,Jun,Dubai,CRM Platform,6,1164.14,707.04,6984.86,2742.6,39.3
410,Jul,Dubai,Analytics Suite,44,1288.95,528.32,56713.58,33467.43,59.0
411,Oct,Dubai,Cloud Storage,47,1408.61,639.87,66204.71,36130.95,54.6
412,May,Abu Dhabi,Analytics Suite,1,581.25,260.11,581.25,321.14,55.2
413,Apr,Dubai,CRM Platform,45,1287.92,581.02,57956.52,31810.7,54.9
414,Jun,Abu Dhabi,Security Package,50,709.51,366.5,35475.33,17150.1,48.3
415,May,Sharjah,Analytics Suite,24,1123.07,588.85,26953.67,12821.34,47.6
416,Jun,Dubai,CRM Platform,14,867.27,436.65,12141.76,6028.6,49.7
417,Dec,Riyadh,Cloud Storage,10,229.2,123.38,2291.96,1058.13,46.2
418,Dec,Riyadh,Security Package,27,731.35,328.41,19746.35,10879.29,55.1
419,Oct,Abu Dhabi,CRM Platform,16,1098.74,619.31,17579.88,7670.95,43.6
420,Aug,Sharjah,Analytics Suite,47,1355.05,708.22,63687.35,30401.23,47.7
421,Mar,Abu Dhabi,Analytics Suite,9,1496.56,781.32,13469.08,6437.15,47.8
422,Sep,Riyadh,Enterprise Software,3,1710.32,715.91,5130.97,2983.24,58.1
423,Jul,Dubai,Enterprise Software,9,1716.58,785.95,15449.22,8375.67,54.2
424,Apr,Abu Dhabi,Enterprise Software,33,1020.82,423.75,33686.97,19703.09,58.5
425,Nov,Riyadh,CRM Platform,32,228.32,121.71,7306.15,3411.58,46.7
426,Jan,Ajman,Enterprise Software,34,1499.95,800.87,50998.19,23768.5,46.6
427,Sep,Sharjah,Enterprise Software,45,1413.26,850.13,63596.67,25340.61,39.8
428,Feb,Abu Dhabi,Enterprise Software,34,468.02,209.66,15912.53,8783.98,55.2
429,Jun,Riyadh,Analytics Suite,18,1630.89,684.57,29355.94,17033.64,58.0
430,Oct,Ajman,CRM Platform,16,1982.42,904.9,31718.71,17240.25,54.4
431,Feb,Dubai,Enterprise Software,26,882.68,475.03,22949.56,10598.67,46.2
432,Dec,Dubai,Enterprise Software,11,348.84,213.25,3837.19,1491.39,38.9
433,Feb,Sharjah,Security Package,34,1854.47,848.31,63052.12,34209.45,54.3
434,May,Riyadh,CRM Platform,3,1863.49,1064.25,5590.46,2397.71,42.9
435,Oct,Sharjah,Security Package,43,259.22,163.88,11146.6,4099.81,36.8
436,Apr,Sharjah,Enterprise Software,38,459.54,278.1,17462.7,6894.75,39.5
437,May,Ajman,Enterprise Software,11,1215.12,658.2,13366.37,6126.16,45.8
438,Jun,Ajman,Security Package,25,1560.1,678.62,39002.42,22036.85,56.5
439,Dec,Dubai,Security Package,23,296.65,151.08,6823.03,3348.25,49.1
440,Oct,Dubai,Analytics Suite,50,1304.96,716.29,65247.87,29433.17,45.1
441,Nov,Sharjah,Enterprise Software,18,1610.39,825.54,28986.96,14127.16,48.7
442,Sep,Abu Dhabi,Analytics Suite,25,977.33,557.0,24433.16,10508.12,43.0
443,Oct,Ajman,Enterprise Software,19,1636.5,946.35,31093.49,13112.83,42.2
444,Mar,Dubai,Analytics Suite,25,1481.02,827.11,37025.47,16347.66,44.2
445,Jun,Ajman,Analytics Suite,7,364.74,231.88,2553.16,930.01,36.4
446,May,Ajman,Analytics Suite,7,438.51,195.95,3069.59,1697.95,55.3
447,Sep,Ajman,Security Package,33,934.48,379.93,30837.82,18300.23,59.3
448,Feb,Sharjah,Security Package,39,1276.48,614.12,49782.67,25831.85,51.9
449,May,Ajman,Enterprise Software,27,898.04,378.23,24247.06,14034.81,57.9
450,Oct,Riyadh,Cloud Storage,34,505.25,250.19,17178.47,8671.99,50.5
451,May,Abu Dhabi,Analytics Suite,18,1087.62,452.25,19577.22,11436.68,58.4
452,Jul,Ajman,Analytics Suite,20,1071.62,449.25,21432.33,12447.25,58.1
453,Dec,Sharjah,Cloud Storage,41,1092.44,605.4,44790.22,19968.95,44.6
454,Mar,Ajman,Enterprise Software,20,212.18,105.86,4243.63,2126.38,50.1
455,Jun,Riyadh,CRM Platform,29,802.53,484.62,23273.23,9219.25,39.6
456,May,Riyadh,Cloud Storage,21,1285.78,737.81,27001.39,11507.37,42.6
457,Mar,Ajman,Analytics Suite,26,1943.71,919.1,50536.34,26639.62,52.7
458,Apr,Ajman,Security Package,21,876.9,529.76,18414.89,7290.02,39.6
459,Feb,Ajman,Analytics Suite,37,559.64,363.38,20706.68,7261.5,35.1
460,Jan,Abu Dhabi,Security Package,47,1030.92,594.94,48453.24,20491.27,42.3
461,Dec,Ajman,Analytics Suite,5,1674.14,1002.67,8370.69,3357.36,40.1
462,Mar,Ajman,CRM Platform,41,745.1,345.11,30549.05,16399.63,53.7
463,Jul,Abu Dhabi,CRM Platform,5,1008.32,554.06,5041.6,2271.32,45.1
464,Sep,Riyadh,CRM Platform,33,1862.29,1149.8,61455.65,23512.41,38.3
465,Jan,Ajman,Security Package,24,1462.94,882.26,35110.6,13936.3,39.7
466,Feb,Riyadh,Enterprise Software,50,646.82,366.21,32340.79,14030.29,43.4
467,Jan,Abu Dhabi,Security Package,37,1970.49,1121.94,72908.31,31396.65,43.1
468,Jul,Ajman,Analytics Suite,7,218.99,101.76,1532.9,820.59,53.5
469,Sep,Riyadh,Security Package,38,1437.8,654.57,54636.25,29762.66,54.5
470,Aug,Sharjah,CRM Platform,50,1423.2,814.94,71159.99,30413.12,42.7
471,Jan,Abu Dhabi,Analytics Suite,31,388.19,195.64,12033.85,5968.87,49.6
472,Dec,Dubai,Enterprise Software,10,826.99,401.72,8269.92,4252.67,51.4
473,Aug,Abu Dhabi,Security Package,23,1057.09,538.63,24313.13,11924.58,49.0
474,Feb,Ajman,Analytics Suite,20,280.43,162.0,5608.59,2368.54,42.2
475,Nov,Dubai,Analytics Suite,7,1418.85,625.84,9931.96,5551.08,55.9
476,Mar,Abu Dhabi,Security Package,36,488.24,263.63,17576.79,8085.99,46.0
477,Jul,Ajman,Cloud Storage,41,532.01,297.99,21812.54,9594.91,44.0
478,Jan,Ajman,CRM Platform,48,1305.39,586.55,62658.84,34504.27,55.1
479,Jul,Riyadh,CRM Platform,1,1468.52,662.96,1468.52,805.56,54.9
480,Feb,Dubai,Security Package,35,536.53,258.34,18778.47,9736.71,51.9
481,May,Ajman,Enterprise Software,43,1752.75,932.34,75368.07,35277.63,46.8
482,Jul,Sharjah,Security Package,40,906.58,388.52,36263.17,20722.3,57.1
483,Oct,Sharjah,CRM Platform,12,1664.73,959.71,19976.75,8460.21,42.4
484,Oct,Sharjah,Security Package,6,1409.8,674.3,8458.79,4412.98,52.2
485,Feb,Abu Dhabi,Analytics Suite,12,871.95,379.59,10463.41,5908.27,56.5
486,Oct,Ajman,CRM Platform,9,1234.65,624.44,11111.86,5491.93,49.4
487,Dec,Ajman,Security Package,42,1875.25,831.32,78760.54,43845.31,55.7
488,May,Abu Dhabi,CRM Platform,9,536.78,327.7,4831.0,1881.69,39.0
489,Jun,Riyadh,Enterprise Software,1,1072.3,481.23,1072.3,591.07,55.1
490,Sep,Ajman,Security Package,42,1090.95,623.12,45819.72,19648.68,42.9
491,Aug,Ajman,CRM Platform,11,348.81,142.21,3836.88,2272.52,59.2
492,Jan,Abu Dhabi,Analytics Suite,18,604.72,285.53,10884.93,5745.42,52.8
493,Dec,Ajman,Security Package,50,1578.66,848.42,78932.76,36511.8,46.3
494,Feb,Dubai,Security Package,18,1595.2,966.41,28713.66,11318.33,39.4
495,Jan,Sharjah,Security Package,49,1494.16,801.75,73214.06,33928.25,46.3
496,Dec,Ajman,Enterprise Software,42,1552.42,736.51,65201.72,34268.25,52.6
497,May,Dubai,CRM Platform,23,1751.96,738.88,40295.06,23300.79,57.8
498,Apr,Dubai,Cloud Storage,48,1258.26,613.6,60396.62,30943.74,51.2
499,Mar,Riyadh,CRM Platform,40,450.62,203.53,18024.92,9883.87,54.8
500,Oct,Abu Dhabi,Enterprise Software,23,1158.11,636.05,26636.43,12007.32,45.1
501,Dec,Abu Dhabi,Analytics Suite,19,720.8,336.5,13695.2,7301.79,53.3
502,Mar,Riyadh,Enterprise Software,49,1614.24,1016.48,79097.95,29290.59,37.0
503,Dec,Sharjah,Cloud Storage,9,649.42,375.27,5844.77,2467.38,42.2
504,Aug,Abu Dhabi,CRM Platform,10,1239.37,579.01,12393.66,6603.6,53.3
505,Aug,Ajman,CRM Platform,5,1340.53,831.17,6702.65,2546.8,38.0
506,Sep,Dubai,CRM Platform,48,700.81,444.37,33638.7,12308.94,36.6
507,Aug,Sharjah,CRM Platform,21,1247.52,770.0,26197.92,10027.86,38.3
508,Nov,Dubai,CRM Platform,43,1455.12,891.3,62570.17,24244.28,38.7
509,Apr,Riyadh,CRM Platform,28,1684.73,882.26,47172.32,22469.18,47.6
510,Jun,Sharjah,Analytics Suite,36,1240.28,671.66,44650.1,20470.48,45.8
511,Nov,Ajman,Analytics Suite,49,287.14,122.0,14069.7,8091.57,57.5
512,Feb,Ajman,Enterprise Software,11,994.31,397.89,10937.46,6560.63,60.0
513,Dec,Ajman,Cloud Storage,9,1787.87,850.07,16090.79,8440.16,52.5
514,Nov,Sharjah,Enterprise Software,24,650.7,320.77,15616.82,7918.34,50.7
515,Jul,Abu Dhabi,Enterprise Software,41,749.92,431.1,30746.58,13071.59,42.5
516,Nov,Abu Dhabi,CRM Platform,6,1466.66,587.06,8799.94,5277.57,60.0
517,Mar,Ajman,Enterprise Software,38,607.14,346.07,23071.45,9920.83,43.0
518,Dec,Dubai,Enterprise Software,22,1670.8,1081.07,36757.52,12973.98,35.3
519,Aug,Ajman,Cloud Storage,5,612.1,258.51,3060.52,1767.96,57.8
520,Jun,Dubai,Enterprise Software,24,1785.78,775.53,42858.72,24245.94,56.6
521,Feb,Abu Dhabi,Cloud Storage,34,1213.92,670.79,41273.42,18466.56,44.7
522,Jun,Abu Dhabi,CRM Platform,47,583.5,342.55,27424.49,11324.47,41.3
523,Nov,Ajman,Security Package,29,1747.93,737.05,50690.04,29315.47,57.8
524,Feb,Dubai,Cloud Storage,38,1514.02,738.66,57532.63,29463.38,51.2
525,Mar,Ajman,Analytics Suite,16,698.54,294.13,11176.67,6470.6,57.9
526,Oct,Riyadh,Security Package,47,1293.67,769.4,60802.38,24640.62,40.5
527,Apr,Dubai,Analytics Suite,34,1292.47,577.94,43943.92,24293.89,55.3
528,Nov,Ajman,Analytics Suite,4,1610.84,964.0,6443.37,2587.37,40.2
529,Jul,Abu Dhabi,CRM Platform,8,633.95,354.71,5071.58,2233.93,44.0
530,Jan,Dubai,Security Package,24,1881.06,814.49,45145.53,25597.71,56.7
531,Jun,Riyadh,CRM Platform,35,1429.3,844.26,50025.35,20476.3,40.9
532,Oct,Dubai,Enterprise Software,5,224.83,102.06,1124.14,613.85,54.6
533,Sep,Dubai,CRM Platform,19,1331.43,699.35,25297.12,12009.5,47.5
534,Dec,Ajman,CRM Platform,26,348.37,186.08,9057.62,4219.57,46.6
535,May,Riyadh,Cloud Storage,6,757.83,400.0,4546.99,2146.97,47.2
536,Sep,Abu Dhabi,Cloud Storage,21,903.32,504.57,18969.65,8373.71,44.1
537,Dec,Dubai,Analytics Suite,28,1513.93,925.94,42389.9,16463.52,38.8
538,Feb,Dubai,Cloud Storage,28,408.78,226.08,11445.72,5115.39,44.7
539,Nov,Dubai,Analytics Suite,48,1384.49,614.59,66455.72,36955.27,55.6
540,Dec,Dubai,Cloud Storage,1,494.9,315.87,494.9,179.03,36.2
541,Dec,Riyadh,Security Package,17,500.53,216.1,8509.07,4835.42,56.8
542,Jan,Sharjah,Enterprise Software,22,1652.79,773.5,36361.47,19344.48,53.2
543,Dec,Dubai,Analytics Suite,37,1329.56,696.74,49193.69,23414.38,47.6
544,Jan,Riyadh,Analytics Suite,32,1746.85,771.62,55899.12,31207.34,55.8
545,Feb,Abu Dhabi,Analytics Suite,37,1413.42,606.12,52296.42,29869.97,57.1
546,Jan,Riyadh,Enterprise Software,1,640.19,331.58,640.19,308.61,48.2
547,Mar,Ajman,Cloud Storage,3,1195.16,751.14,3585.47,1332.05,37.2
548,Jun,Ajman,Cloud Storage,16,949.26,550.64,15188.19,6377.95,42.0
549,Oct,Sharjah,Enterprise Software,24,414.92,235.81,9958.12,4298.61,43.2
550,Apr,Dubai,Cloud Storage,34,1966.54,1255.68,66862.53,24169.48,36.1
551,May,Dubai,CRM Platform,50,1720.72,829.09,86036.19,44581.78,51.8
552,Jan,Riyadh,CRM Platform,24,561.21,303.59,13468.99,6182.92,45.9
553,Apr,Sharjah,Security Package,30,862.89,554.81,25886.78,9242.5,35.7
554,Apr,Abu Dhabi,Security Package,10,211.48,106.27,2114.8,1052.09,49.7
555,Jun,Abu Dhabi,Security Package,41,1711.23,1059.77,70160.56,26710.15,38.1
556,Nov,Sharjah,Enterprise Software,25,1728.21,1005.48,43205.27,18068.28,41.8
557,Sep,Dubai,Cloud Storage,16,955.67,611.91,15290.7,5500.12,36.0
558,Feb,Abu Dhabi,Analytics Suite,3,1858.29,1160.17,5574.88,2094.36,37.6
559,Dec,Riyadh,CRM Platform,24,1025.22,601.78,24605.39,10162.64,41.3
560,Sep,Riyadh,Enterprise Software,9,1346.99,671.59,12122.89,6078.57,50.1
561,Jan,Riyadh,Security Package,28,1392.4,602.46,38987.17,22118.32,56.7
562,Jun,Sharjah,Analytics Suite,26,1461.31,853.17,37993.96,15811.63,41.6
563,May,Sharjah,CRM Platform,15,334.44,150.72,5016.56,2755.71,54.9
564,Mar,Riyadh,Enterprise Software,7,495.87,256.13,3471.12,1678.24,48.3
565,Sep,Ajman,Enterprise Software,23,1936.34,875.05,44535.88,24409.71,54.8
566,May,Sharjah,CRM Platform,8,362.76,218.34,2902.06,1155.31,39.8
567,Jan,Sharjah,Security Package,14,1704.66,821.56,23865.3,12363.46,51.8
568,Jun,Dubai,Cloud Storage,26,1124.23,640.02,29229.91,12589.44,43.1
569,Jan,Sharjah,Cloud Storage,26,1738.28,936.91,45195.34,20835.57,46.1
570,Feb,Riyadh,Cloud Storage,30,383.43,229.47,11503.0,4619.0,40.2
571,Jan,Dubai,Enterprise Software,50,1968.62,851.78,98431.05,55842.02,56.7
572,Nov,Ajman,Analytics Suite,41,1887.63,794.71,77393.03,44809.8,57.9
573,Feb,Riyadh,Analytics Suite,2,1994.89,896.58,3989.78,2196.62,55.1
574,Feb,Ajman,Cloud Storage,22,420.55,267.29,9252.1,3371.74,36.4
575,Oct,Dubai,Cloud Storage,28,1679.03,837.42,47012.94,23565.25,50.1
576,Nov,Dubai,CRM Platform,28,511.05,231.85,14309.48,7817.57,54.6
577,May,Abu Dhabi,Analytics Suite,29,1790.16,731.57,51914.72,30699.13,59.1
578,Apr,Riyadh,Security Package,42,731.19,367.79,30709.95,15262.91,49.7
579,Jan,Riyadh,CRM Platform,6,703.6,305.58,4221.58,2388.11,56.6
580,Apr,Abu Dhabi,Security Package,41,1989.36,1066.12,81563.64,37852.53,46.4
581,Dec,Dubai,CRM Platform,23,1063.43,633.12,24458.94,9897.09,40.5
582,Sep,Sharjah,Security Package,21,899.09,400.05,18880.81,10479.72,55.5
583,Apr,Sharjah,Security Package,2,1812.38,1077.7,3624.75,1469.35,40.5
584,Sep,Dubai,CRM Platform,23,1580.32,1027.05,36347.27,12725.13,35.0
585,Apr,Abu Dhabi,Enterprise Software,43,634.08,338.23,27265.23,12721.34,46.7
586,Oct,Dubai,Cloud Storage,25,838.65,511.41,20966.21,8180.9,39.0
587,Apr,Abu Dhabi,Cloud Storage,38,772.41,451.49,29351.5,12194.78,41.5
588,Jan,Sharjah,Security Package,46,1461.01,930.5,67206.43,24403.35,36.3
589,Oct,Riyadh,Cloud Storage,13,1706.05,1028.07,22178.71,8813.81,39.7
590,May,Ajman,Security Package,12,1082.79,457.55,12993.43,7502.87,57.7
591,Apr,Abu Dhabi,Security Package,2,1147.61,459.24,2295.21,1376.74,60.0
592,Mar,Riyadh,Cloud Storage,22,1490.49,938.55,32790.73,12142.56,37.0
593,Jan,Sharjah,Enterprise Software,10,1255.9,790.34,12558.97,4655.53,37.1
594,Jun,Dubai,Security Package,5,872.46,554.43,4362.32,1590.15,36.5
595,Feb,Ajman,Security Package,22,743.18,322.62,16349.9,9252.2,56.6
596,Nov,Abu Dhabi,CRM Platform,32,1368.52,607.01,43792.78,24368.47,55.6
597,Jun,Riyadh,Security Package,15,1397.96,843.83,20969.36,8311.97,39.6
598,Dec,Ajman,Analytics Suite,45,730.13,324.49,32855.9,18253.85,55.6
599,Jul,Dubai,Security Package,50,1937.33,790.62,96866.55,57335.73,59.2
600,Oct,Riyadh,Analytics Suite,15,1351.36,575.72,20270.46,11634.69,57.4
601,Jun,Ajman,Cloud Storage,48,340.05,165.5,16322.49,8378.29,51.3
602,Nov,Sharjah,Cloud Storage,6,1678.99,952.84,10073.95,4356.92,43.2
603,Jan,Sharjah,CRM Platform,17,577.43,331.04,9816.34,4188.69,42.7
604,Feb,Sharjah,Analytics Suite,47,202.31,100.44,9508.39,4787.62,50.4
605,Jul,Ajman,Cloud Storage,32,1787.19,871.8,57189.99,29292.27,51.2
606,Aug,Ajman,Enterprise Software,37,1371.75,784.35,50754.57,21733.61,42.8
607,Feb,Abu Dhabi,CRM Platform,3,730.84,350.57,2192.51,1140.81,52.0
608,Jun,Dubai,Enterprise Software,11,1798.28,791.65,19781.04,11072.91,56.0
609,Feb,Dubai,Security Package,22,1269.25,702.42,27923.61,12470.37,44.7
610,Jul,Ajman,Enterprise Software,42,496.99,309.35,20873.79,7881.14,37.8
611,Feb,Abu Dhabi,Enterprise Software,22,569.99,255.07,12539.8,6928.29,55.3
612,May,Riyadh,Security Package,43,706.74,324.67,30389.89,16429.17,54.1
613,Oct,Dubai,CRM Platform,36,1711.74,750.42,61622.57,34607.39,56.2
614,Jul,Sharjah,Enterprise Software,6,730.19,412.93,4381.13,1903.58,43.4
615,Apr,Riyadh,CRM Platform,7,246.32,109.05,1724.27,960.92,55.7
616,Aug,Sharjah,Enterprise Software,8,755.04,377.04,6040.29,3023.97,50.1
617,Feb,Ajman,Analytics Suite,42,1179.43,526.28,49535.93,27431.99,55.4
618,Mar,Ajman,Analytics Suite,29,280.31,142.94,8129.0,3983.74,49.0
619,May,Sharjah,Cloud Storage,37,310.95,182.86,11505.18,4739.46,41.2
620,Nov,Dubai,Enterprise Software,23,1654.72,833.15,38058.66,18896.25,49.7
621,Sep,Riyadh,Cloud Storage,4,1713.43,1035.94,6853.74,2709.96,39.5
622,Nov,Ajman,Security Package,31,1230.89,564.87,38157.46,20646.6,54.1
623,Jul,Sharjah,Enterprise Software,46,262.51,142.49,12075.52,5520.87,45.7
624,Nov,Riyadh,Security Package,40,465.41,296.61,18616.23,6751.85,36.3
625,Mar,Ajman,Cloud Storage,14,1655.23,714.31,23173.21,13172.89,56.8
626,Nov,Ajman,Enterprise Software,28,563.45,341.25,15776.73,6221.7,39.4
627,May,Abu Dhabi,Security Package,21,1839.45,1156.17,38628.41,14348.77,37.1
628,Jul,Dubai,Enterprise Software,36,915.24,440.72,32948.6,17082.81,51.8
629,Aug,Sharjah,Security Package,1,1615.79,898.0,1615.79,717.79,44.4
630,Feb,Riyadh,CRM Platform,27,469.36,254.23,12672.62,5808.51,45.8
631,Feb,Riyadh,Enterprise Software,37,1603.18,956.2,59317.68,23938.45,40.4
632,Jul,Riyadh,Analytics Suite,17,889.48,463.77,15121.13,7237.03,47.9
633,Jan,Riyadh,CRM Platform,12,695.75,303.32,8348.95,4709.11,56.4
634,Jan,Riyadh,CRM Platform,26,1801.23,869.77,46832.07,24218.11,51.7
635,Dec,Abu Dhabi,Enterprise Software,31,1857.5,1159.56,57582.59,21636.21,37.6
636,May,Dubai,Analytics Suite,20,704.62,368.45,14092.48,6723.45,47.7
637,Mar,Dubai,Cloud Storage,20,1953.59,997.85,39071.9,19114.85,48.9
638,Dec,Sharjah,Analytics Suite,27,1288.96,544.36,34801.99,20104.35,57.8
639,Jul,Ajman,Cloud Storage,48,1072.03,567.24,51457.37,24229.97,47.1
640,Sep,Sharjah,Enterprise Software,11,318.11,183.67,3499.22,1478.8,42.3
641,Sep,Ajman,Cloud Storage,37,252.11,112.99,9327.95,5147.25,55.2
642,Apr,Abu Dhabi,Enterprise Software,3,1021.61,643.11,3064.82,1135.49,37.0
643,Jun,Abu Dhabi,Analytics Suite,30,1109.23,619.89,33276.82,14679.99,44.1
644,Apr,Dubai,Enterprise Software,24,1079.82,552.35,25915.59,12659.09,48.8
645,Sep,Ajman,Security Package,23,819.65,499.5,18851.91,7363.3,39.1
646,May,Sharjah,Enterprise Software,2,895.82,394.81,1791.64,1002.01,55.9
647,Apr,Riyadh,Cloud Storage,42,605.2,273.36,25418.47,13937.39,54.8
648,Jan,Ajman,Security Package,50,1940.85,1107.35,97042.45,41674.89,42.9
649,Nov,Ajman,Cloud Storage,12,1282.06,515.53,15384.67,9198.25,59.8
650,May,Sharjah,Security Package,46,1940.64,1088.09,89269.62,39217.48,43.9
651,Jun,Ajman,CRM Platform,30,653.6,337.7,19607.93,9477.01,48.3
652,Jul,Riyadh,Security Package,38,384.16,202.79,14598.15,6892.1,47.2
653,Nov,Sharjah,Security Package,39,1296.29,615.24,50555.32,26560.8,52.5
654,Feb,Dubai,CRM Platform,22,1979.05,1108.56,43539.09,19150.73,44.0
655,Nov,Sharjah,Analytics Suite,46,1913.94,1077.29,88041.15,38485.73,43.7
656,Sep,Abu Dhabi,Cloud Storage,49,632.54,262.0,30994.64,18156.86,58.6
657,Nov,Riyadh,CRM Platform,21,1425.36,827.17,29932.57,12562.08,42.0
658,May,Ajman,Analytics Suite,27,928.28,542.28,25063.51,10421.83,41.6
659,Apr,Riyadh,Security Package,22,1507.79,686.94,33171.38,18058.8,54.4
660,Nov,Riyadh,CRM Platform,23,1113.17,680.54,25602.84,9950.42,38.9
661,May,Riyadh,Cloud Storage,7,1047.41,612.97,7331.84,3041.03,41.5
662,Nov,Riyadh,Cloud Storage,22,1377.98,627.76,30315.61,16504.93,54.4
663,Jul,Abu Dhabi,Analytics Suite,22,869.03,474.83,19118.62,8672.35,45.4
664,Aug,Ajman,Enterprise Software,4,1759.51,960.5,7038.03,3196.02,45.4
665,Aug,Riyadh,Enterprise Software,13,1100.86,679.09,14311.17,5482.98,38.3
666,May,Ajman,Security Package,27,297.31,182.42,8027.41,3102.11,38.6
667,Jun,Abu Dhabi,Cloud Storage,27,1976.94,1232.05,53377.51,20112.04,37.7
668,Jun,Ajman,Cloud Storage,46,524.64,220.46,24133.54,13992.56,58.0
669,Jun,Sharjah,Cloud Storage,41,304.42,156.17,12481.4,6078.28,48.7
670,Oct,Abu Dhabi,Cloud Storage,49,485.18,289.32,23773.98,9597.49,40.4
671,Oct,Dubai,Cloud Storage,28,1340.28,671.28,37527.77,18732.05,49.9
672,Jan,Ajman,CRM Platform,3,1160.81,676.36,3482.43,1453.34,41.7
673,Sep,Dubai,Analytics Suite,13,232.25,93.14,3019.24,1808.43,59.9
674,Dec,Abu Dhabi,Cloud Storage,23,761.77,324.27,17520.62,10062.49,57.4
675,May,Riyadh,Security Package,11,317.52,130.64,3492.68,2055.69,58.9
676,Dec,Sharjah,CRM Platform,34,1273.47,616.94,43297.84,22321.82,51.6
677,Aug,Abu Dhabi,Analytics Suite,23,1550.21,683.98,35654.79,19923.15,55.9
678,Apr,Ajman,Enterprise Software,15,1508.9,653.06,22633.56,12837.72,56.7
679,Sep,Dubai,Security Package,11,421.69,243.64,4638.61,1958.52,42.2
680,Nov,Dubai,CRM Platform,17,1588.25,882.72,27000.24,11993.95,44.4
681,Nov,Riyadh,Enterprise Software,7,1376.42,557.36,9634.95,5733.42,59.5
682,Aug,Dubai,CRM Platform,25,422.47,195.68,10561.78,5669.73,53.7
683,Dec,Abu Dhabi,Cloud Storage,44,1334.56,634.29,58720.66,30811.96,52.5
684,May,Dubai,Security Package,40,1290.14,560.3,51605.67,29193.8,56.6
685,Dec,Dubai,Security Package,40,411.92,176.51,16476.89,9416.49,57.1
686,Apr,Dubai,CRM Platform,39,559.55,260.61,21822.41,11658.65,53.4
687,Jun,Riyadh,Cloud Storage,46,937.56,412.61,43127.82,24147.55,56.0
688,Apr,Riyadh,CRM Platform,45,1879.62,907.2,84583.07,43758.98,51.7
689,Nov,Dubai,Enterprise Software,6,1832.38,1115.57,10994.3,4300.88,39.1
690,Feb,Ajman,Cloud Storage,50,1121.07,651.22,56053.48,23492.52,41.9
691,Nov,Dubai,Analytics Suite,15,1022.15,658.6,15332.28,5453.34,35.6
692,Jan,Sharjah,CRM Platform,7,1663.72,1029.07,11646.05,4442.56,38.1
693,Nov,Sharjah,Analytics Suite,21,966.79,414.73,20302.62,11593.3,57.1
694,Mar,Dubai,Enterprise Software,43,1364.96,658.14,58693.17,30393.37,51.8
695,May,Ajman,Security Package,47,367.31,221.76,17263.68,6840.89,39.6
696,Jul,Abu Dhabi,Enterprise Software,26,1932.16,904.17,50236.1,26727.7,53.2
697,Jul,Ajman,CRM Platform,42,1795.02,792.85,75390.97,42091.18,55.8
698,Mar,Abu Dhabi,Enterprise Software,7,948.85,519.67,6641.95,3004.24,45.2
699,Mar,Riyadh,CRM Platform,40,883.55,432.63,35342.06,18036.83,51.0
700,Aug,Dubai,Cloud Storage,32,403.29,202.78,12905.2,6416.19,49.7
701,May,Dubai,Enterprise Software,42,765.63,441.11,32156.39,13629.74,42.4
702,Dec,Riyadh,Security Package,37,603.17,385.39,22317.4,8057.91,36.1
703,Sep,Sharjah,Security Package,45,1461.04,619.21,65746.99,37882.73,57.6
704,Jun,Abu Dhabi,CRM Platform,43,1417.33,703.31,60945.28,30703.06,50.4
705,Jan,Riyadh,Security Package,1,1358.12,596.53,1358.12,761.59,56.1
706,Mar,Ajman,CRM Platform,5,1552.57,745.48,7762.87,4035.46,52.0
707,Jan,Sharjah,Analytics Suite,33,600.87,336.99,19828.77,8708.21,43.9
708,Feb,Ajman,Cloud Storage,30,999.54,543.01,29986.2,13695.93,45.7
709,Aug,Dubai,CRM Platform,21,413.67,216.91,8687.12,4132.09,47.6
710,Jul,Dubai,Enterprise Software,27,264.5,142.11,7141.43,3304.52,46.3
711,Oct,Dubai,Security Package,41,748.28,394.4,30679.33,14508.73,47.3
712,Jun,Abu Dhabi,CRM Platform,24,1685.56,1018.33,40453.43,16013.61,39.6
713,Sep,Ajman,Analytics Suite,50,1315.56,681.84,65778.22,31686.46,48.2
714,Feb,Sharjah,CRM Platform,7,1566.78,713.57,10967.43,5972.46,54.5
715,Nov,Sharjah,Analytics Suite,19,1185.84,585.18,22531.02,11412.58,50.7
716,Mar,Dubai,Enterprise Software,32,452.81,262.27,14489.87,6097.14,42.1
717,May,Ajman,Enterprise Software,40,552.66,237.75,22106.35,12596.5,57.0
718,Aug,Ajman,Cloud Storage,13,1490.22,636.24,19372.84,11101.77,57.3
719,Nov,Ajman,Enterprise Software,44,1259.86,747.14,55433.84,22559.56,40.7
720,Nov,Ajman,CRM Platform,38,1921.14,833.12,73003.42,41344.83,56.6
721,Sep,Ajman,Enterprise Software,48,287.43,182.18,13796.59,5051.94,36.6
722,Sep,Riyadh,CRM Platform,50,1858.09,825.55,92904.61,51627.03,55.6
723,Dec,Riyadh,Cloud Storage,9,386.4,218.07,3477.57,1514.9,43.6
724,Sep,Riyadh,Analytics Suite,25,953.6,526.62,23839.91,10674.36,44.8
725,Jul,Abu Dhabi,Analytics Suite,22,1946.88,999.16,42831.47,20849.87,48.7
726,Jul,Abu Dhabi,Cloud Storage,39,1460.03,857.19,56941.0,23510.56,41.3
727,Jun,Sharjah,Security Package,46,1526.27,821.74,70208.58,32408.61,46.2
728,Apr,Abu Dhabi,Cloud Storage,40,1485.89,849.41,59435.69,25459.11,42.8
729,Sep,Abu Dhabi,Cloud Storage,35,1449.76,696.75,50741.65,26355.45,51.9
730,Sep,Dubai,Analytics Suite,31,1249.05,793.98,38720.59,14107.13,36.4
731,May,Ajman,Security Package,28,1654.95,878.25,46338.56,21747.5,46.9
732,Mar,Dubai,CRM Platform,4,1406.46,632.87,5625.83,3094.34,55.0
733,Nov,Abu Dhabi,Analytics Suite,17,463.57,192.62,7880.71,4606.21,58.4
734,Sep,Sharjah,Cloud Storage,3,845.63,433.93,2536.89,1235.09,48.7
735,Apr,Riyadh,Security Package,48,1364.81,678.62,65511.12,32937.57,50.3
736,Dec,Riyadh,Analytics Suite,43,284.56,140.97,12236.24,6174.46,50.5
737,Sep,Ajman,Analytics Suite,4,223.34,103.37,893.35,479.88,53.7
738,Apr,Riyadh,CRM Platform,41,1468.33,825.07,60201.63,26373.84,43.8
739,Dec,Riyadh,Security Package,39,553.64,321.79,21592.13,9042.17,41.9
740,Aug,Abu Dhabi,Analytics Suite,12,1970.22,824.77,23642.59,13745.4,58.1
741,Feb,Abu Dhabi,Security Package,25,273.14,128.32,6828.54,3620.64,53.0
742,Mar,Sharjah,Cloud Storage,38,1722.83,691.56,65467.37,39188.03,59.9
743,Jan,Ajman,Cloud Storage,10,1871.53,1027.88,18715.31,8436.49,45.1
744,Aug,Riyadh,Analytics Suite,37,1190.29,497.8,44040.67,25621.97,58.2
745,Apr,Sharjah,Security Package,12,1137.09,678.35,13645.1,5504.92,40.3
746,Sep,Abu Dhabi,CRM Platform,35,926.15,451.36,32415.28,16617.67,51.3
747,Jun,Abu Dhabi,Analytics Suite,24,728.43,464.43,17482.41,6336.03,36.2
748,Aug,Riyadh,Security Package,36,1682.64,1085.78,60575.01,21486.97,35.5
749,Nov,Dubai,Enterprise Software,23,1002.2,627.5,23050.62,8618.07,37.4
750,Apr,Riyadh,Security Package,3,1428.59,686.06,4285.78,2227.6,52.0
751,May,Dubai,CRM Platform,35,1503.16,610.55,52610.46,31241.33,59.4
752,Sep,Riyadh,Analytics Suite,33,1002.0,411.79,33066.08,19477.15,58.9
753,Sep,Abu Dhabi,Analytics Suite,6,1906.78,842.51,11440.69,6385.63,55.8
754,Jan,Riyadh,Security Package,41,317.85,180.41,13031.82,5635.17,43.2
755,Feb,Abu Dhabi,CRM Platform,14,1167.96,672.38,16351.41,6938.14,42.4
756,Dec,Ajman,Enterprise Software,44,476.76,245.44,20977.36,10178.08,48.5
757,Feb,Sharjah,Enterprise Software,5,297.68,178.18,1488.41,597.52,40.1
758,Oct,Riyadh,Enterprise Software,15,1839.78,923.4,27596.64,13745.66,49.8
759,Jul,Ajman,CRM Platform,21,230.4,130.94,4838.48,2088.65,43.2
760,Nov,Riyadh,Enterprise Software,47,1313.03,773.36,61712.36,25364.39,41.1
761,Dec,Riyadh,Enterprise Software,5,843.86,443.63,4219.3,2001.18,47.4
762,Oct,Sharjah,Analytics Suite,6,706.73,446.42,4240.39,1561.85,36.8
763,Nov,Ajman,CRM Platform,2,1053.18,561.73,2106.36,982.9,46.7
764,Sep,Abu Dhabi,CRM Platform,19,1928.24,840.75,36636.59,20662.35,56.4
765,Sep,Sharjah,Enterprise Software,36,454.47,186.54,16361.03,9645.75,59.0
766,Jul,Riyadh,Security Package,35,1185.55,499.45,41494.1,24013.4,57.9
767,Apr,Abu Dhabi,Analytics Suite,27,1830.13,1121.62,49413.52,19129.72,38.7
768,Mar,Abu Dhabi,Cloud Storage,15,1310.39,606.95,19655.89,10551.57,53.7
769,Nov,Dubai,Cloud Storage,37,1734.05,1062.71,64159.93,24839.71,38.7
770,Nov,Riyadh,CRM Platform,36,331.66,188.36,11939.77,5158.92,43.2
771,Apr,Sharjah,Enterprise Software,47,1245.07,794.21,58518.39,21190.39,36.2
772,Nov,Sharjah,Cloud Storage,42,622.16,293.21,26130.68,13815.7,52.9
773,Jun,Dubai,Cloud Storage,32,1011.16,560.27,32357.21,14428.54,44.6
774,Mar,Sharjah,Security Package,37,1220.35,734.56,45153.0,17974.28,39.8
775,Jan,Ajman,Cloud Storage,21,643.12,292.86,13505.42,7355.3,54.5
776,Jun,Ajman,Analytics Suite,9,1423.24,687.27,12809.2,6623.76,51.7
777,Aug,Ajman,CRM Platform,23,1594.58,831.96,36675.35,17540.25,47.8
778,Nov,Dubai,Cloud Storage,39,347.55,163.4,13554.55,7181.83,53.0
779,Apr,Abu Dhabi,Security Package,17,1520.38,846.33,25846.47,11458.91,44.3
780,Sep,Dubai,Enterprise Software,41,256.15,139.72,10502.13,4773.51,45.5
781,Apr,Ajman,Security Package,3,1192.87,639.22,3578.61,1660.95,46.4
782,Nov,Riyadh,CRM Platform,50,467.54,232.89,23376.97,11732.33,50.2
783,Mar,Riyadh,Analytics Suite,30,1102.02,465.76,33060.65,19087.95,57.7
784,Jan,Sharjah,Security Package,43,629.99,403.82,27089.37,9725.08,35.9
785,Sep,Riyadh,Cloud Storage,9,1003.2,446.21,9028.77,5012.9,55.5
786,Dec,Riyadh,Cloud Storage,47,1070.31,524.13,50304.39,25670.39,51.0
787,Apr,Abu Dhabi,CRM Platform,5,675.84,309.88,3379.21,1829.83,54.1
788,Jun,Abu Dhabi,Security Package,25,1045.41,536.99,26135.34,12710.64,48.6
789,Nov,Dubai,Enterprise Software,21,385.81,247.73,8101.91,2899.59,35.8
790,Oct,Sharjah,Analytics Suite,35,1226.29,605.99,42920.09,21710.49,50.6
791,Oct,Ajman,Analytics Suite,42,1816.81,762.08,76305.93,44298.69,58.1
792,Apr,Sharjah,CRM Platform,34,930.52,562.32,31637.54,12518.68,39.6
793,Aug,Sharjah,CRM Platform,39,211.88,131.47,8263.16,3135.8,37.9
794,Apr,Ajman,Cloud Storage,5,1126.17,529.53,5630.87,2983.22,53.0
795,Mar,Abu Dhabi,Cloud Storage,24,1283.64,775.62,30807.28,12192.33,39.6
796,Jun,Abu Dhabi,CRM Platform,47,404.01,229.8,18988.45,8187.68,43.1
797,Oct,Ajman,Cloud Storage,11,1365.07,686.25,15015.73,7466.95,49.7
798,Mar,Abu Dhabi,Enterprise Software,37,1266.23,549.14,46850.35,26532.25,56.6
799,Oct,Riyadh,Enterprise Software,10,300.64,139.67,3006.42,1609.74,53.5
800,Jul,Abu Dhabi,Security Package,39,1944.64,1087.84,75840.91,33415.07,44.1
801,Apr,Sharjah,Enterprise Software,29,1291.75,668.94,37460.65,18061.53,48.2
802,Apr,Ajman,Cloud Storage,27,1281.51,767.18,34600.76,13886.88,40.1
803,Nov,Abu Dhabi,Security Package,33,676.14,392.87,22312.53,9347.91,41.9
804,Oct,Sharjah,CRM Platform,38,323.92,160.19,12308.85,6221.48,50.5
805,Jan,Abu Dhabi,Enterprise Software,13,1140.88,715.71,14831.45,5527.16,37.3
806,Oct,Ajman,Cloud Storage,7,519.36,324.81,3635.52,1361.86,37.5
807,Sep,Riyadh,Enterprise Software,33,1554.29,657.93,51291.56,29579.97,57.7
808,Sep,Abu Dhabi,Security Package,1,1814.54,1077.33,1814.54,737.22,40.6
809,Jul,Ajman,Security Package,24,1774.68,1019.4,42592.41,18126.87,42.6
810,Aug,Ajman,Cloud Storage,50,886.23,485.0,44311.28,20061.4,45.3
811,Jul,Riyadh,Enterprise Software,9,658.13,389.26,5923.19,2419.83,40.9
812,Oct,Dubai,Analytics Suite,35,935.56,418.44,32744.74,18099.48,55.3
813,Sep,Dubai,Security Package,8,1135.57,560.7,9084.57,4599.0,50.6
814,Jul,Abu Dhabi,Analytics Suite,24,391.85,198.48,9404.39,4640.9,49.3
815,May,Riyadh,Analytics Suite,35,962.41,472.94,33684.38,17131.5,50.9
816,Apr,Sharjah,CRM Platform,27,1193.79,643.92,32232.3,14846.5,46.1
817,Sep,Abu Dhabi,Analytics Suite,36,1070.77,692.92,38547.66,13602.43,35.3
818,Dec,Riyadh,Analytics Suite,26,1524.41,935.61,39634.62,15308.88,38.6
819,Aug,Dubai,Cloud Storage,45,1908.64,811.31,85888.86,49380.11,57.5
820,Jun,Riyadh,CRM Platform,36,1305.25,745.48,46988.84,20151.58,42.9
821,Jul,Dubai,Cloud Storage,41,209.52,88.58,8590.45,4958.65,57.7
822,Oct,Abu Dhabi,CRM Platform,28,358.65,167.05,10042.29,5364.86,53.4
823,Oct,Sharjah,Enterprise Software,3,1504.09,951.59,4512.27,1657.49,36.7
824,Nov,Ajman,Security Package,34,715.64,458.64,24331.92,8738.02,35.9
825,Nov,Dubai,Cloud Storage,32,990.15,445.99,31684.79,17413.11,55.0
826,Apr,Riyadh,Analytics Suite,3,1611.13,850.09,4833.38,2283.11,47.2
827,Mar,Abu Dhabi,Security Package,44,264.91,121.81,11656.04,6296.43,54.0
828,Feb,Dubai,Cloud Storage,18,1603.41,782.92,28861.4,14768.9,51.2
829,Oct,Ajman,CRM Platform,13,1131.94,661.31,14715.18,6118.11,41.6
830,Sep,Dubai,Enterprise Software,19,1507.05,813.47,28633.94,13177.96,46.0
831,Jun,Riyadh,Analytics Suite,18,607.33,389.16,10931.97,3927.16,35.9
832,Oct,Ajman,CRM Platform,1,669.99,336.19,669.99,333.8,49.8
833,Feb,Dubai,Security Package,33,729.65,464.61,24078.56,8746.44,36.3
834,Sep,Riyadh,Analytics Suite,37,650.25,332.08,24059.42,11772.46,48.9
835,Aug,Ajman,Security Package,50,637.89,309.32,31894.59,16428.42,51.5
836,Oct,Ajman,CRM Platform,2,1067.55,495.83,2135.09,1143.44,53.6
837,Nov,Ajman,Cloud Storage,45,613.87,294.0,27624.34,14394.14,52.1
838,Sep,Sharjah,Security Package,1,1461.47,680.81,1461.47,780.66,53.4
839,Jul,Sharjah,Enterprise Software,44,1547.82,751.46,68104.02,35039.64,51.5
840,Aug,Riyadh,Cloud Storage,21,836.37,521.54,17563.73,6611.36,37.6
841,Dec,Sharjah,Cloud Storage,44,1874.46,838.9,82476.22,45564.66,55.2
842,Dec,Abu Dhabi,Cloud Storage,16,1770.94,799.92,28334.98,15536.22,54.8
843,Oct,Abu Dhabi,Cloud Storage,23,480.79,205.14,11058.22,6339.98,57.3
844,Oct,Dubai,CRM Platform,1,1575.64,843.55,1575.64,732.09,46.5
845,Jun,Dubai,CRM Platform,40,767.75,479.48,30710.02,11530.68,37.5
846,Aug,Riyadh,Analytics Suite,12,1971.91,1240.34,23662.93,8778.9,37.1
847,Apr,Sharjah,CRM Platform,49,1238.0,511.96,60661.87,35575.94,58.6
848,Sep,Ajman,CRM Platform,3,1104.46,550.49,3313.37,1661.89,50.2
849,Feb,Abu Dhabi,CRM Platform,45,1132.77,542.5,50974.62,26562.22,52.1
850,Nov,Dubai,Enterprise Software,14,882.97,375.43,12361.59,7105.6,57.5
851,May,Sharjah,Security Package,12,1187.41,545.36,14248.97,7704.63,54.1
852,Jun,Ajman,Security Package,24,531.04,268.7,12745.07,6296.25,49.4
853,Jun,Ajman,Analytics Suite,26,703.33,312.96,18286.66,10149.6,55.5
854,Nov,Abu Dhabi,Security Package,15,1665.54,966.35,24983.15,10487.83,42.0
855,Jul,Abu Dhabi,Security Package,25,552.91,331.75,13822.84,5529.01,40.0
856,Jan,Abu Dhabi,CRM Platform,12,958.74,415.73,11504.85,6516.14,56.6
857,Dec,Riyadh,Security Package,21,1613.6,766.47,33885.59,17789.64,52.5
858,Jan,Riyadh,Security Package,26,378.15,166.7,9832.02,5497.72,55.9
859,Aug,Abu Dhabi,Analytics Suite,41,373.34,218.83,15307.08,6334.86,41.4
860,Jun,Sharjah,Analytics Suite,36,1203.48,725.1,43325.45,17221.69,39.7
861,Jul,Sharjah,Enterprise Software,8,831.96,474.13,6655.7,2862.64,43.0
862,Oct,Riyadh,Cloud Storage,37,1369.76,732.29,50681.04,23586.47,46.5
863,Jun,Sharjah,Analytics Suite,44,1118.8,664.22,49227.21,20001.7,40.6
864,Jul,Ajman,Enterprise Software,40,715.74,399.33,28629.7,12656.39,44.2
865,Nov,Abu Dhabi,Cloud Storage,22,959.27,530.55,21103.93,9431.82,44.7
866,Feb,Ajman,Enterprise Software,11,818.53,391.56,9003.78,4696.64,52.2
867,Oct,Sharjah,Analytics Suite,42,911.82,567.08,38296.42,14479.0,37.8
868,Sep,Sharjah,Security Package,29,945.18,421.52,27410.23,15186.05,55.4
869,Dec,Dubai,Cloud Storage,16,1391.64,883.84,22266.25,8124.75,36.5
870,Mar,Dubai,Cloud Storage,26,385.42,160.31,10020.84,5852.69,58.4
871,Jan,Ajman,Security Package,2,1587.68,843.05,3175.36,1489.26,46.9
872,May,Dubai,Enterprise Software,40,479.49,270.29,19179.75,8367.97,43.6
873,Apr,Ajman,Analytics Suite,16,1527.67,780.32,24442.68,11957.6,48.9
874,Sep,Abu Dhabi,Cloud Storage,11,251.43,142.28,2765.71,1200.63,43.4
875,Aug,Sharjah,CRM Platform,35,1882.74,1011.29,65896.03,30500.88,46.3
876,Mar,Abu Dhabi,Security Package,38,1275.65,711.51,48474.76,21437.39,44.2
877,Sep,Riyadh,CRM Platform,41,1351.15,645.06,55397.18,28949.72,52.3
878,Sep,Sharjah,CRM Platform,15,1648.47,841.49,24727.11,12104.78,49.0
879,May,Sharjah,CRM Platform,10,746.43,298.59,7464.31,4478.42,60.0
880,May,Abu Dhabi,Analytics Suite,31,1163.18,665.27,36058.52,15435.12,42.8
881,May,Ajman,CRM Platform,1,1578.56,946.34,1578.56,632.23,40.1
882,Jan,Riyadh,Cloud Storage,36,872.56,438.84,31412.12,15613.9,49.7
883,Jul,Riyadh,CRM Platform,16,493.89,288.57,7902.16,3285.09,41.6
884,Apr,Ajman,CRM Platform,17,342.58,190.59,5823.82,2583.85,44.4
885,Dec,Riyadh,Security Package,44,689.36,387.5,30331.72,13281.83,43.8
886,Jul,Riyadh,Analytics Suite,13,1736.27,773.68,22571.48,12513.59,55.4
887,Nov,Sharjah,Enterprise Software,30,1311.91,614.02,39357.39,20936.81,53.2
888,Apr,Riyadh,CRM Platform,21,234.91,96.88,4933.15,2898.68,58.8
889,Mar,Riyadh,Enterprise Software,7,707.81,305.25,4954.64,2817.9,56.9
890,Apr,Ajman,Enterprise Software,6,471.23,246.64,2827.38,1347.55,47.7
891,May,Sharjah,CRM Platform,32,1996.33,1029.95,63882.69,30924.26,48.4
892,Feb,Dubai,Analytics Suite,49,1912.96,791.98,93735.0,54927.81,58.6
893,Sep,Ajman,Enterprise Software,31,526.89,328.74,16333.49,6142.62,37.6
894,Jan,Sharjah,CRM Platform,8,1954.28,1130.88,15634.22,6587.16,42.1
895,Apr,Ajman,CRM Platform,48,1990.16,895.17,95527.86,52559.91,55.0
896,Nov,Dubai,Security Package,14,1051.09,599.5,14715.2,6322.23,43.0
897,Mar,Sharjah,Analytics Suite,41,1510.83,885.62,61943.9,25633.55,41.4
898,Feb,Riyadh,Security Package,17,1066.21,506.13,18125.63,9521.33,52.5
899,Nov,Sharjah,Enterprise Software,14,1951.89,895.9,27326.51,14783.87,54.1
900,Jan,Ajman,Analytics Suite,11,1629.9,890.21,17928.93,8136.61,45.4
901,Jan,Ajman,Cloud Storage,3,1245.94,713.53,3737.82,1597.21,42.7
902,Jun,Riyadh,Cloud Storage,50,361.06,158.66,18053.19,10120.17,56.1
903,Jun,Dubai,Security Package,49,1325.24,549.9,64936.67,37991.6,58.5
904,Feb,Abu Dhabi,Security Package,9,1078.12,516.62,9703.05,5053.5,52.1
905,Aug,Riyadh,Analytics Suite,47,547.34,313.25,25724.86,11002.2,42.8
906,May,Sharjah,Cloud Storage,3,1073.54,546.84,3220.63,1580.12,49.1
907,Dec,Sharjah,Security Package,32,541.6,241.91,17331.09,9590.04,55.3
908,Dec,Sharjah,Analytics Suite,30,695.58,422.8,20867.52,8183.46,39.2
909,Feb,Riyadh,Cloud Storage,34,479.05,227.03,16287.56,8568.59,52.6
910,Jun,Sharjah,Security Package,30,201.3,112.63,6038.87,2660.08,44.0
911,Jan,Ajman,Cloud Storage,40,1742.29,1034.93,69691.71,28294.55,40.6
912,Dec,Abu Dhabi,Analytics Suite,5,1384.92,740.57,6924.6,3221.75,46.5
913,Sep,Ajman,Cloud Storage,44,1095.59,589.28,48205.89,22277.54,46.2
914,Jun,Riyadh,Analytics Suite,27,1353.63,578.83,36547.93,20919.45,57.2
915,Jan,Riyadh,Enterprise Software,9,521.55,212.7,4693.95,2779.67,59.2
916,Apr,Dubai,CRM Platform,7,257.27,144.18,1800.9,791.61,44.0
917,Sep,Ajman,CRM Platform,40,1462.37,678.51,58494.61,31354.01,53.6
918,Oct,Sharjah,Cloud Storage,46,327.57,207.21,15068.36,5536.83,36.7
919,Feb,Abu Dhabi,CRM Platform,30,1641.84,681.65,49255.08,28805.6,58.5
920,Jun,Riyadh,CRM Platform,46,304.94,169.01,14027.24,6252.88,44.6
921,Dec,Riyadh,Enterprise Software,5,1702.02,713.97,8510.11,4940.26,58.1
922,Feb,Abu Dhabi,Security Package,7,1505.31,802.2,10537.17,4921.75,46.7
923,Sep,Abu Dhabi,Cloud Storage,43,647.77,360.38,27854.26,12358.06,44.4
924,Dec,Abu Dhabi,Security Package,36,947.33,403.92,34103.96,19562.76,57.4
925,Nov,Riyadh,Analytics Suite,30,1464.59,742.21,43937.72,21671.46,49.3
926,Mar,Dubai,Cloud Storage,36,922.8,446.99,33220.9,17129.42,51.6
927,Oct,Abu Dhabi,Security Package,29,1880.34,1176.38,54529.74,20414.78,37.4
928,Jun,Riyadh,Analytics Suite,27,1575.53,799.81,42539.36,20944.38,49.2
929,Apr,Sharjah,Security Package,37,1182.13,583.69,43738.71,22142.03,50.6
930,Jun,Riyadh,Analytics Suite,29,1005.5,502.02,29159.49,14600.95,50.1
931,Oct,Dubai,Analytics Suite,2,1131.7,733.74,2263.39,795.92,35.2
932,May,Sharjah,Enterprise Software,15,586.68,280.86,8800.22,4587.32,52.1
933,Sep,Sharjah,Security Package,36,1227.2,666.25,44179.3,20194.23,45.7
934,Aug,Dubai,Enterprise Software,23,480.99,224.26,11062.83,5904.82,53.4
935,Apr,Riyadh,Cloud Storage,17,1659.93,702.11,28218.87,16282.96,57.7
936,Apr,Ajman,Security Package,47,338.96,163.1,15931.25,8265.56,51.9
937,Aug,Ajman,Cloud Storage,45,1465.13,886.22,65930.68,26050.61,39.5
938,Nov,Dubai,Security Package,20,267.27,160.92,5345.38,2127.0,39.8
939,Jan,Ajman,Enterprise Software,50,801.9,497.14,40095.07,15238.21,38.0
940,Feb,Ajman,CRM Platform,50,608.09,342.47,30404.59,13280.88,43.7
941,Nov,Riyadh,Enterprise Software,50,1337.95,553.28,66897.43,39233.2,58.6
942,Jun,Riyadh,Enterprise Software,35,1216.84,586.16,42589.51,22073.81,51.8
943,Jan,Abu Dhabi,Cloud Storage,44,1516.84,755.72,66741.02,33489.27,50.2
944,Oct,Ajman,Security Package,33,362.15,183.97,11950.93,5880.05,49.2
945,Mar,Ajman,Cloud Storage,22,348.58,189.23,7668.79,3505.71,45.7
946,Jul,Dubai,Security Package,17,353.14,185.56,6003.42,2848.89,47.5
947,Aug,Abu Dhabi,Cloud Storage,36,556.6,277.65,20037.43,10042.17,50.1
948,Sep,Riyadh,Cloud Storage,40,1994.74,1059.33,79789.67,37416.41,46.9
949,May,Abu Dhabi,Enterprise Software,50,974.12,556.4,48705.92,20885.85,42.9
950,Feb,Riyadh,Enterprise Software,43,944.45,464.02,40611.25,20658.26,50.9
951,Jun,Abu Dhabi,Analytics Suite,39,1379.74,817.38,53809.77,21931.77,40.8
952,Oct,Abu Dhabi,Analytics Suite,29,1321.73,674.23,38330.11,18777.31,49.0
953,Nov,Abu Dhabi,Cloud Storage,24,480.78,279.87,11538.82,4821.82,41.8
954,Dec,Dubai,Enterprise Software,4,637.49,353.97,2549.95,1134.09,44.5
955,Jan,Abu Dhabi,Analytics Suite,22,1448.83,619.84,31874.29,18237.85,57.2
956,Jan,Ajman,CRM Platform,22,576.22,307.99,12676.78,5901.02,46.5
957,Sep,Abu Dhabi,Security Package,49,665.58,346.61,32613.64,15629.87,47.9
958,Jul,Abu Dhabi,Enterprise Software,38,1830.87,973.47,69573.16,32581.12,46.8
959,Jan,Sharjah,Cloud Storage,19,561.25,322.23,10663.81,4541.38,42.6
960,Aug,Sharjah,Enterprise Software,42,1901.32,792.18,79855.34,46583.66,58.3
961,Feb,Sharjah,Analytics Suite,2,726.49,451.04,1452.98,550.9,37.9
962,Jul,Ajman,Cloud Storage,33,1957.9,831.91,64610.75,37157.58,57.5
963,Oct,Sharjah,CRM Platform,35,358.44,161.2,12545.3,6903.44,55.0
964,Dec,Ajman,Security Package,2,271.55,171.23,543.11,200.64,36.9
965,Aug,Sharjah,Analytics Suite,26,1539.9,623.03,40037.49,23838.6,59.5
966,Nov,Sharjah,Analytics Suite,20,625.17,402.96,12503.37,4444.19,35.5
967,Jan,Riyadh,Analytics Suite,41,663.82,329.78,27216.74,13695.66,50.3
968,May,Dubai,Security Package,15,473.07,295.34,7096.12,2666.06,37.6
969,Dec,Abu Dhabi,Enterprise Software,25,1137.29,647.69,28432.3,12240.14,43.1
970,Apr,Abu Dhabi,CRM Platform,37,474.95,305.22,17573.09,6280.02,35.7
971,Aug,Riyadh,Analytics Suite,35,437.19,246.19,15301.64,6685.01,43.7
972,Nov,Riyadh,Security Package,13,1752.66,836.46,22784.55,11910.63,52.3
973,Jul,Riyadh,Cloud Storage,50,461.27,292.11,23063.72,8458.45,36.7
974,Feb,Abu Dhabi,Analytics Suite,36,1159.33,672.25,41735.91,17534.92,42.0
975,Mar,Abu Dhabi,Analytics Suite,47,253.07,121.39,11894.29,6188.93,52.0
976,May,Ajman,CRM Platform,29,1542.1,933.62,44720.83,17645.74,39.5
977,Apr,Sharjah,Cloud Storage,7,436.78,177.57,3057.48,1814.46,59.3
978,May,Riyadh,Security Package,39,1220.68,558.74,47606.43,25815.64,54.2
979,Nov,Abu Dhabi,Cloud Storage,2,846.67,484.33,1693.34,724.69,42.8
980,Sep,Ajman,Cloud Storage,39,1043.77,587.01,40707.2,17813.79,43.8
981,Aug,Abu Dhabi,CRM Platform,31,447.52,200.63,13873.21,7653.64,55.2
982,Jan,Dubai,CRM Platform,18,1910.36,870.43,34386.42,18718.64,54.4
983,Feb,Abu Dhabi,Cloud Storage,12,1868.79,1208.0,22425.43,7929.48,35.4
984,Dec,Riyadh,CRM Platform,21,1760.19,1094.66,36964.09,13976.24,37.8
985,Jan,Ajman,CRM Platform,39,1523.6,754.32,59420.29,30001.69,50.5
986,Oct,Sharjah,CRM Platform,48,1229.48,656.59,59015.14,27498.7,46.6
987,Feb,Dubai,Security Package,29,1022.42,633.33,29650.2,11283.63,38.1
988,Sep,Abu Dhabi,Security Package,26,1970.9,807.7,51243.27,30243.12,59.0
989,Nov,Ajman,Security Package,4,541.73,276.22,2166.92,1062.03,49.0
990,Aug,Sharjah,Analytics Suite,11,960.43,531.39,10564.75,4719.45,44.7
991,Mar,Dubai,Security Package,30,1693.81,868.8,50814.25,24750.37,48.7
992,Mar,Riyadh,Enterprise Software,50,1253.81,781.85,62690.29,23597.76,37.6
993,Jul,Riyadh,Cloud Storage,27,782.23,317.76,21120.2,12540.58,59.4
994,Dec,Ajman,Security Package,13,1788.59,755.76,23251.63,13426.77,57.7
995,Dec,Sharjah,Cloud Storage,47,422.38,181.01,19851.84,11344.51,57.1
996,Feb,Ajman,Analytics Suite,34,1473.1,856.93,50085.48,20949.83,41.8
997,Mar,Riyadh,Security Package,25,1190.62,489.32,29765.56,17532.62,58.9
998,Oct,Abu Dhabi,Analytics Suite,43,1752.81,772.17,75370.85,42167.65,55.9
999,Dec,Abu Dhabi,Cloud Storage,4,955.25,456.02,3820.99,1996.93,52.3
1000,Nov,Ajman,Analytics Suite,12,411.6,178.18,4939.17,2801.04,56.7
1001,Oct,Abu Dhabi,Enterprise Software,49,655.6,337.41,32124.39,15591.23,48.5
1002,Jan,Ajman,Security Package,39,1788.87,821.93,69765.75,37710.51,54.1
1003,Aug,Riyadh,CRM Platform,27,995.38,547.76,26875.14,12085.64,45.0
1004,Sep,Dubai,Cloud Storage,18,1315.58,709.61,23680.42,10907.51,46.1
1005,Mar,Abu Dhabi,Enterprise Software,10,299.12,145.75,2991.15,1533.7,51.3
1006,Nov,Abu Dhabi,Enterprise Software,37,1708.43,810.84,63211.76,33210.8,52.5
1007,Feb,Dubai,Enterprise Software,27,1988.72,875.7,53695.53,30051.57,56.0
1008,Nov,Sharjah,Security Package,45,1459.72,792.73,65687.59,30014.59,45.7
1009,Aug,Riyadh,Cloud Storage,48,1242.14,786.11,59622.69,21889.28,36.7
1010,Jun,Dubai,Analytics Suite,24,1815.55,1098.53,43573.29,17208.56,39.5
1011,Feb,Ajman,Security Package,19,1047.47,450.94,19901.94,11334.04,56.9
1012,Sep,Sharjah,Analytics Suite,27,1144.36,656.82,30897.81,13163.78,42.6
1013,Feb,Riyadh,Enterprise Software,37,1513.51,843.4,55999.92,24794.26,44.3
1014,Dec,Dubai,CRM Platform,45,1288.6,769.35,57987.02,23366.09,40.3
1015,Oct,Sharjah,CRM Platform,21,667.39,362.92,14015.15,6393.91,45.6
1016,Mar,Riyadh,Analytics Suite,40,1212.74,642.66,48509.67,22803.11,47.0
1017,Mar,Ajman,CRM Platform,40,618.9,292.51,24755.96,13055.75,52.7
1018,Feb,Abu Dhabi,Enterprise Software,2,1036.79,621.23,2073.59,831.13,40.1
1019,Jul,Abu Dhabi,Security Package,27,281.89,137.39,7610.92,3901.26,51.3
1020,Nov,Abu Dhabi,Enterprise Software,13,1442.03,668.53,18746.4,10055.49,53.6
1021,May,Dubai,Analytics Suite,33,1189.99,704.19,39269.62,16031.5,40.8
1022,Jun,Dubai,Analytics Suite,26,1503.91,833.17,39101.76,17439.45,44.6
1023,Apr,Dubai,Cloud Storage,22,1700.89,1072.53,37419.48,13823.88,36.9
1024,Jan,Ajman,CRM Platform,42,444.36,195.0,18662.99,10472.8,56.1
1025,Jun,Ajman,Security Package,30,1611.18,811.21,48335.41,23999.1,49.7
1026,May,Dubai,Security Package,37,1504.94,720.68,55682.61,29017.56,52.1
1027,Apr,Riyadh,Enterprise Software,37,1433.89,860.17,53053.85,21227.7,40.0
1028,Mar,Sharjah,Enterprise Software,18,1713.33,830.6,30839.95,15889.11,51.5
1029,Mar,Ajman,Security Package,37,1290.24,576.54,47738.89,26407.02,55.3
1030,Dec,Dubai,Analytics Suite,21,1477.71,691.38,31031.95,16512.9,53.2
1031,Apr,Dubai,CRM Platform,24,1013.43,646.25,24322.35,8812.43,36.2
1032,May,Abu Dhabi,Security Package,12,402.02,239.7,4824.2,1947.84,40.4
1033,Aug,Abu Dhabi,Enterprise Software,33,244.88,127.5,8081.13,3873.56,47.9
1034,Apr,Riyadh,Cloud Storage,22,1862.55,1086.07,40976.02,17082.48,41.7
1035,Jun,Riyadh,Analytics Suite,10,1585.07,672.96,15850.67,9121.06,57.5
1036,Apr,Riyadh,Cloud Storage,47,265.79,132.07,12492.34,6284.94,50.3
1037,Jan,Riyadh,Enterprise Software,20,1878.21,1073.89,37564.14,16086.35,42.8
1038,Jun,Riyadh,Enterprise Software,30,1800.53,766.62,54016.04,31017.32,57.4
1039,Oct,Sharjah,Enterprise Software,49,761.86,474.66,37331.0,14072.52,37.7
1040,Apr,Sharjah,Cloud Storage,19,697.97,334.88,13261.41,6898.75,52.0
1041,May,Ajman,Enterprise Software,10,483.49,207.23,4834.93,2762.61,57.1
1042,Sep,Riyadh,Security Package,7,571.84,278.82,4002.87,2051.16,51.2
1043,Mar,Sharjah,Analytics Suite,46,1647.21,895.29,75771.44,34588.09,45.6
1044,May,Abu Dhabi,Enterprise Software,40,1806.04,966.49,72241.5,33581.88,46.5
1045,Jan,Dubai,Cloud Storage,31,1825.93,753.4,56603.72,33248.23,58.7
1046,Feb,Ajman,Enterprise Software,28,905.45,521.69,25352.6,10745.21,42.4
1047,Oct,Riyadh,CRM Platform,23,762.39,460.76,17535.04,6937.56,39.6
1048,Aug,Riyadh,Enterprise Software,37,437.23,263.74,16177.57,6419.05,39.7
1049,Aug,Ajman,Enterprise Software,20,1432.06,827.09,28641.21,12099.36,42.2
1050,Apr,Ajman,CRM Platform,15,458.7,286.19,6880.49,2587.58,37.6
1051,Jul,Sharjah,Analytics Suite,12,1459.31,826.4,17511.68,7594.9,43.4
1052,Aug,Sharjah,CRM Platform,2,317.66,136.03,635.31,363.26,57.2
1053,Mar,Ajman,CRM Platform,19,1582.29,872.02,30063.6,13495.25,44.9
1054,Feb,Abu Dhabi,Security Package,26,1671.6,1001.6,43461.48,17419.82,40.1
1055,Nov,Sharjah,Security Package,5,1626.38,867.16,8131.88,3796.07,46.7
1056,Jul,Ajman,Security Package,16,1317.57,707.52,21081.2,9760.86,46.3
1057,Feb,Ajman,CRM Platform,22,574.83,329.67,12646.23,5393.43,42.6
1058,Oct,Ajman,CRM Platform,22,1180.15,541.73,25963.26,14045.12,54.1
1059,Aug,Dubai,Security Package,8,1265.89,652.86,10127.15,4904.3,48.4
1060,Aug,Riyadh,Enterprise Software,12,754.46,378.32,9053.57,4513.67,49.9
1061,Nov,Riyadh,Enterprise Software,39,1588.42,785.83,61948.31,31300.76,50.5
1062,Feb,Ajman,Enterprise Software,14,1670.66,1038.84,23389.25,8845.45,37.8
1063,Nov,Dubai,Cloud Storage,10,1015.35,480.14,10153.54,5352.18,52.7
1064,Aug,Riyadh,Security Package,13,570.19,353.15,7412.48,2821.51,38.1
1065,Nov,Sharjah,Security Package,20,1853.3,1175.31,37066.06,13559.91,36.6
1066,Oct,Sharjah,Enterprise Software,1,1300.68,686.25,1300.68,614.44,47.2
1067,Jan,Abu Dhabi,Analytics Suite,24,1821.94,1169.64,43726.47,15655.17,35.8
1068,Jun,Dubai,Security Package,8,1750.25,1078.89,14001.97,5370.88,38.4
1069,Dec,Abu Dhabi,CRM Platform,38,909.68,436.22,34567.95,17991.52,52.0
1070,Jul,Ajman,CRM Platform,28,1181.21,668.12,33073.99,14366.62,43.4
1071,Apr,Ajman,Cloud Storage,36,892.27,563.13,32121.76,11849.06,36.9
1072,May,Ajman,Cloud Storage,43,425.99,171.63,18317.5,10937.37,59.7
1073,Dec,Dubai,Cloud Storage,32,1384.27,891.11,44296.58,15780.93,35.6
1074,Mar,Abu Dhabi,Enterprise Software,42,1650.69,1015.24,69329.19,26689.09,38.5
1075,Oct,Riyadh,CRM Platform,12,1017.91,515.09,12214.92,6033.79,49.4
1076,Jun,Ajman,CRM Platform,15,534.42,294.54,8016.36,3598.2,44.9
1077,Dec,Riyadh,CRM Platform,16,1481.83,692.48,23709.34,12629.67,53.3
1078,Jun,Riyadh,Security Package,3,1960.82,1062.84,5882.46,2693.95,45.8
1079,Oct,Sharjah,Enterprise Software,31,1931.13,811.1,59864.97,34720.74,58.0
1080,Aug,Riyadh,Analytics Suite,34,340.82,212.15,11587.96,4374.7,37.8
1081,Aug,Dubai,Cloud Storage,41,1535.03,982.58,62936.43,22650.65,36.0
1082,Oct,Dubai,Security Package,20,1303.47,815.84,26069.41,9752.66,37.4
1083,Aug,Riyadh,Enterprise Software,30,1122.79,580.83,33683.81,16258.9,48.3
1084,Jun,Sharjah,CRM Platform,19,720.58,294.59,13690.93,8093.64,59.1
1085,Dec,Riyadh,Analytics Suite,37,668.8,372.74,24745.51,10954.22,44.3
1086,Oct,Riyadh,Cloud Storage,4,1381.38,653.31,5525.5,2912.28,52.7
1087,May,Riyadh,Enterprise Software,32,348.52,183.46,11152.59,5281.88,47.4
1088,Mar,Sharjah,Analytics Suite,40,705.75,433.66,28229.98,10883.66,38.6
1089,Oct,Dubai,Enterprise Software,12,1838.24,1074.89,22058.84,9160.11,41.5
1090,Mar,Ajman,Analytics Suite,17,1608.55,738.4,27345.35,14792.49,54.1
1091,Jan,Abu Dhabi,Security Package,22,1971.33,1265.27,43369.24,15533.28,35.8
1092,Aug,Riyadh,Cloud Storage,49,1988.45,1178.34,97434.25,39695.5,40.7
1093,Dec,Abu Dhabi,CRM Platform,41,501.11,272.82,20545.5,9359.72,45.6
1094,Nov,Sharjah,Enterprise Software,17,1559.87,669.18,26517.81,15141.71,57.1
1095,Jul,Abu Dhabi,CRM Platform,31,742.46,435.48,23016.29,9516.37,41.3
1096,Jul,Riyadh,Cloud Storage,44,1470.09,762.46,64684.14,31135.88,48.1
1097,Jul,Abu Dhabi,Security Package,1,719.83,431.41,719.83,288.41,40.1
1098,Sep,Ajman,Analytics Suite,44,1920.57,814.98,84504.96,48646.04,57.6
1099,Jul,Riyadh,Analytics Suite,40,1852.48,1138.51,74099.03,28558.59,38.5
1100,May,Sharjah,Analytics Suite,7,659.62,360.18,4617.33,2096.07,45.4
1101,Dec,Ajman,Cloud Storage,44,1259.7,565.27,55426.96,30555.14,55.1
1102,Jun,Sharjah,Cloud Storage,36,219.04,88.08,7885.45,4714.56,59.8
1103,Jul,Dubai,Enterprise Software,7,1145.48,654.5,8018.33,3436.86,42.9
1104,Dec,Sharjah,Cloud Storage,19,653.41,266.93,12414.85,7343.25,59.1
1105,Jan,Riyadh,Enterprise Software,39,1381.89,841.38,53893.71,21079.73,39.1
1106,Dec,Riyadh,Enterprise Software,8,355.5,195.94,2843.96,1276.45,44.9
1107,Mar,Ajman,Security Package,8,1452.18,672.84,11617.41,6234.67,53.7
1108,Nov,Ajman,Enterprise Software,30,1860.85,872.92,55825.55,29638.01,53.1
1109,May,Ajman,Analytics Suite,11,1605.32,753.41,17658.48,9370.97,53.1
1110,Jul,Dubai,CRM Platform,22,1992.73,925.74,43839.96,23473.68,53.5
1111,Aug,Sharjah,Cloud Storage,5,1085.1,685.94,5425.5,1995.79,36.8
1112,Mar,Riyadh,CRM Platform,42,1085.7,473.33,45599.53,25719.59,56.4
1113,Oct,Ajman,Cloud Storage,42,391.25,199.69,16432.48,8045.42,49.0
1114,Jan,Sharjah,Enterprise Software,5,326.74,190.13,1633.71,683.08,41.8
1115,Aug,Ajman,Enterprise Software,10,1375.16,550.36,13751.58,8247.96,60.0
1116,May,Dubai,CRM Platform,10,1460.1,914.25,14600.99,5458.52,37.4
1117,Sep,Riyadh,Enterprise Software,46,1891.84,988.81,87024.64,41539.48,47.7
1118,Dec,Ajman,CRM Platform,50,1662.1,693.97,83104.81,48406.48,58.2
1119,Jul,Abu Dhabi,Enterprise Software,45,1672.36,870.49,75256.11,36084.06,47.9
1120,Jun,Riyadh,Security Package,22,1427.3,713.87,31400.7,15695.52,50.0
1121,Sep,Dubai,Analytics Suite,22,344.82,177.55,7586.09,3679.94,48.5
1122,Mar,Sharjah,Cloud Storage,36,270.8,134.33,9748.66,4912.93,50.4
1123,Dec,Abu Dhabi,Analytics Suite,25,1813.63,1011.38,45340.73,20056.28,44.2
1124,Feb,Sharjah,CRM Platform,41,988.37,442.16,40523.2,22394.49,55.3
1125,Jan,Dubai,Cloud Storage,47,1993.49,916.25,93694.05,50630.27,54.0
1126,Sep,Ajman,Enterprise Software,42,753.92,402.2,31664.45,14771.94,46.7
1127,Jan,Ajman,Enterprise Software,22,300.9,179.62,6619.76,2668.13,40.3
1128,Feb,Dubai,CRM Platform,14,1652.79,936.85,23139.01,10023.15,43.3
1129,Mar,Ajman,Security Package,48,1242.82,784.47,59655.47,22000.7,36.9
1130,Aug,Dubai,Cloud Storage,42,234.31,146.87,9841.16,3672.77,37.3
1131,Apr,Riyadh,Enterprise Software,45,1367.82,552.04,61551.7,36709.97,59.6
1132,Feb,Dubai,Analytics Suite,30,1300.21,791.62,39006.2,15257.74,39.1
1133,Feb,Dubai,Enterprise Software,32,1270.96,703.99,40670.7,18142.91,44.6
1134,Jul,Dubai,Cloud Storage,22,1660.74,1072.09,36536.23,12950.33,35.4
1135,Feb,Ajman,Analytics Suite,44,1236.74,537.16,54416.59,30781.7,56.6
1136,Oct,Abu Dhabi,Enterprise Software,12,803.91,345.83,9646.88,5496.92,57.0
1137,Mar,Abu Dhabi,CRM Platform,45,865.87,382.07,38964.11,21771.14,55.9
1138,Jan,Abu Dhabi,Security Package,9,379.94,232.46,3419.48,1327.3,38.8
1139,Mar,Riyadh,CRM Platform,2,1783.33,749.32,3566.66,2068.02,58.0
1140,Feb,Dubai,Cloud Storage,46,1373.16,853.73,63165.38,23893.64,37.8
1141,Dec,Ajman,CRM Platform,9,571.09,319.78,5139.8,2261.73,44.0
1142,Jul,Riyadh,CRM Platform,16,1888.56,1043.68,30216.98,13518.03,44.7
1143,Mar,Dubai,Security Package,46,1099.8,701.2,50590.7,18335.36,36.2
1144,Jul,Sharjah,Analytics Suite,1,1203.88,539.31,1203.88,664.57,55.2
1145,Oct,Riyadh,Enterprise Software,24,1752.92,1133.6,42069.98,14863.51,35.3
1146,Aug,Riyadh,Cloud Storage,50,1327.64,600.13,66381.78,36375.41,54.8
1147,Feb,Dubai,Cloud Storage,10,1433.44,920.47,14334.39,5129.65,35.8
1148,Mar,Ajman,CRM Platform,11,1406.26,577.66,15468.82,9114.56,58.9
1149,Apr,Sharjah,Analytics Suite,28,652.49,361.61,18269.64,8144.52,44.6
1150,Feb,Ajman,Enterprise Software,48,294.42,157.32,14132.25,6580.82,46.6
1151,Aug,Abu Dhabi,Enterprise Software,33,408.92,255.07,13494.27,5076.95,37.6
1152,Oct,Ajman,Security Package,21,954.32,559.97,20040.71,8281.39,41.3
1153,Feb,Sharjah,Cloud Storage,21,610.01,280.16,12810.16,6926.72,54.1
1154,Jul,Ajman,Cloud Storage,15,332.35,181.56,4985.3,2261.97,45.4
1155,Mar,Dubai,CRM Platform,14,1870.2,960.81,26182.76,12731.42,48.6
1156,Mar,Ajman,Analytics Suite,30,1495.68,834.6,44870.35,19832.46,44.2
1157,Jun,Sharjah,Cloud Storage,9,257.77,139.75,2319.93,1062.14,45.8
1158,Feb,Sharjah,Cloud Storage,30,1025.44,454.07,30763.26,17141.28,55.7
1159,May,Sharjah,Cloud Storage,39,482.22,288.68,18806.53,7548.16,40.1
1160,Oct,Riyadh,Cloud Storage,36,1739.01,733.2,62604.26,36209.14,57.8
1161,Apr,Riyadh,CRM Platform,38,1052.28,542.65,39986.65,19365.9,48.4
1162,Dec,Dubai,CRM Platform,16,646.1,328.58,10337.55,5080.26,49.1
1163,Mar,Abu Dhabi,Security Package,37,1816.85,916.5,67223.57,33313.11,49.6
1164,Aug,Dubai,Enterprise Software,47,1583.49,646.71,74424.1,44028.92,59.2
1165,Aug,Riyadh,CRM Platform,45,1678.32,861.17,75524.6,36772.15,48.7
1166,Sep,Abu Dhabi,Enterprise Software,49,222.36,129.62,10895.71,4544.09,41.7
1167,Jun,Abu Dhabi,Cloud Storage,19,630.31,409.54,11975.93,4194.72,35.0
1168,Nov,Dubai,CRM Platform,20,491.25,252.9,9824.9,4766.84,48.5
1169,Jan,Riyadh,Security Package,30,1034.77,449.77,31043.07,17550.02,56.5
1170,Jun,Ajman,Cloud Storage,41,1035.73,578.3,42465.03,18754.66,44.2
1171,Dec,Dubai,CRM Platform,22,1155.66,547.95,25424.44,13369.51,52.6
1172,Sep,Sharjah,Security Package,37,1630.06,973.02,60312.28,24310.5,40.3
1173,Jun,Dubai,Security Package,48,1878.04,992.89,90145.82,42487.16,47.1
1174,Feb,Sharjah,Enterprise Software,25,858.06,476.04,21451.59,9550.6,44.5
1175,Mar,Sharjah,Analytics Suite,42,1205.82,502.53,50644.56,29538.36,58.3
1176,Jun,Abu Dhabi,Cloud Storage,16,1171.34,658.6,18741.45,8203.89,43.8
1177,Dec,Riyadh,Cloud Storage,49,605.79,295.73,29683.56,15192.7,51.2
1178,Nov,Sharjah,Security Package,28,698.86,290.62,19568.12,11430.87,58.4
1179,Aug,Sharjah,CRM Platform,33,1148.03,494.43,37884.95,21568.76,56.9
1180,May,Riyadh,Security Package,29,1317.71,790.6,38213.66,15286.38,40.0
1181,Aug,Dubai,Cloud Storage,6,344.31,215.01,2065.84,775.75,37.6
1182,Feb,Sharjah,Enterprise Software,11,696.7,400.09,7663.67,3262.65,42.6
1183,Apr,Ajman,Cloud Storage,34,1913.79,776.37,65068.81,38672.18,59.4
1184,Mar,Ajman,Security Package,31,824.06,421.07,25545.87,12492.83,48.9
1185,Apr,Dubai,Analytics Suite,5,239.67,143.92,1198.33,478.74,40.0
1186,Jul,Riyadh,Analytics Suite,38,817.03,458.77,31047.01,13613.71,43.8
1187,Oct,Sharjah,CRM Platform,43,1454.35,887.85,62537.24,24359.7,39.0
1188,May,Ajman,CRM Platform,37,437.52,261.35,16188.15,6518.37,40.3
1189,Apr,Abu Dhabi,Analytics Suite,31,869.42,410.4,26952.15,14229.75,52.8
1190,Jun,Dubai,Cloud Storage,19,1020.67,450.72,19392.69,10829.06,55.8
1191,May,Abu Dhabi,Security Package,12,1951.77,1190.25,23421.25,9138.2,39.0
1192,Apr,Abu Dhabi,Cloud Storage,8,274.07,131.32,2192.58,1141.99,52.1
1193,May,Abu Dhabi,CRM Platform,24,532.09,287.66,12770.25,5866.38,45.9
1194,Jun,Dubai,Analytics Suite,10,871.25,466.09,8712.47,4051.59,46.5
1195,May,Abu Dhabi,Security Package,8,1856.78,930.51,14854.25,7410.18,49.9
1196,Aug,Ajman,Cloud Storage,21,480.9,308.99,10098.81,3609.95,35.7
1197,Jun,Riyadh,Security Package,42,1469.81,762.06,61732.12,29725.4,48.2
1198,Nov,Sharjah,Security Package,10,1639.24,954.26,16392.37,6849.78,41.8
1199,Dec,Ajman,Analytics Suite,8,1516.95,948.16,12135.62,4550.33,37.5
1200,Feb,Abu Dhabi,Security Package,20,244.63,135.62,4892.64,2180.26,44.6
1201,Jun,Abu Dhabi,CRM Platform,6,787.46,434.71,4724.76,2116.51,44.8
1202,Sep,Abu Dhabi,Security Package,15,1606.31,950.57,24094.65,9836.07,40.8
1203,Feb,Abu Dhabi,Enterprise Software,35,1729.01,984.27,60515.44,26066.07,43.1
1204,Jul,Dubai,Security Package,13,1082.84,596.42,14076.89,6323.44,44.9
1205,Nov,Riyadh,Enterprise Software,24,915.6,530.13,21974.51,9251.47,42.1
1206,Jul,Ajman,Analytics Suite,24,221.94,107.92,5326.64,2736.67,51.4
1207,Sep,Sharjah,CRM Platform,6,588.25,365.86,3529.51,1334.33,37.8
1208,May,Ajman,CRM Platform,11,1650.21,1060.41,18152.32,6487.82,35.7
1209,Mar,Ajman,CRM Platform,38,1276.28,556.34,48498.8,27357.7,56.4
1210,Sep,Sharjah,CRM Platform,22,319.01,204.17,7018.18,2526.38,36.0
1211,Jan,Ajman,Enterprise Software,27,1349.85,632.18,36445.97,19377.15,53.2
1212,Aug,Abu Dhabi,Security Package,46,1222.25,768.45,56223.47,20874.76,37.1
1213,Jul,Abu Dhabi,Cloud Storage,19,1196.96,491.42,22742.25,13405.23,58.9
1214,May,Sharjah,Security Package,32,1206.71,622.49,38614.59,18694.75,48.4
1215,Mar,Dubai,Enterprise Software,17,740.3,414.67,12585.18,5535.73,44.0
1216,Nov,Ajman,Enterprise Software,43,1806.84,911.17,77693.94,38513.72,49.6
1217,Jan,Ajman,Cloud Storage,8,1576.49,824.92,12611.94,6012.59,47.7
1218,Dec,Dubai,Security Package,24,1245.92,674.53,29902.04,13713.27,45.9
1219,Dec,Sharjah,CRM Platform,8,871.76,508.45,6974.11,2906.54,41.7
1220,Mar,Dubai,Analytics Suite,38,305.32,146.53,11602.11,6034.02,52.0
1221,Mar,Abu Dhabi,Analytics Suite,4,690.81,348.77,2763.23,1368.13,49.5
1222,May,Sharjah,Enterprise Software,19,1153.3,731.28,21912.74,8018.33,36.6
1223,Nov,Riyadh,Cloud Storage,12,1576.44,866.55,18917.29,8518.63,45.0
1224,Jun,Abu Dhabi,Security Package,21,1688.28,964.42,35453.87,15201.14,42.9
1225,Nov,Sharjah,Analytics Suite,45,1439.02,610.09,64756.08,37302.2,57.6
1226,Mar,Riyadh,Analytics Suite,1,446.51,210.02,446.51,236.49,53.0
1227,Jun,Ajman,CRM Platform,11,384.35,168.59,4227.87,2373.36,56.1
1228,Sep,Abu Dhabi,Cloud Storage,40,1441.38,919.78,57655.0,20863.97,36.2
1229,Dec,Riyadh,Security Package,49,1644.64,829.45,80587.58,39944.32,49.6
1230,Mar,Dubai,Enterprise Software,2,1063.13,508.06,2126.27,1110.14,52.2
1231,Aug,Sharjah,Cloud Storage,39,1141.62,733.52,44523.1,15915.77,35.7
1232,Jan,Abu Dhabi,Analytics Suite,48,1666.23,759.12,79979.2,43541.52,54.4
1233,May,Abu Dhabi,Cloud Storage,9,577.71,372.79,5199.42,1844.35,35.5
1234,Feb,Ajman,Enterprise Software,2,1594.45,939.66,3188.89,1309.57,41.1
1235,Feb,Dubai,Cloud Storage,3,1627.5,859.92,4882.5,2302.73,47.2
1236,Feb,Dubai,CRM Platform,17,277.91,132.12,4724.41,2478.37,52.5
1237,Feb,Dubai,Enterprise Software,39,569.72,356.24,22219.16,8325.66,37.5
1238,Jan,Abu Dhabi,Analytics Suite,6,462.0,270.99,2772.02,1146.09,41.3
1239,Jun,Sharjah,Security Package,23,489.0,256.8,11247.07,5340.58,47.5
1240,Sep,Riyadh,Cloud Storage,37,323.01,195.39,11951.25,4721.98,39.5
1241,Apr,Dubai,Security Package,46,544.79,256.3,25060.13,13270.24,53.0
1242,Dec,Riyadh,Enterprise Software,7,1863.62,1174.3,13045.32,4825.21,37.0
1243,Dec,Ajman,Analytics Suite,38,533.23,303.08,20262.6,8745.72,43.2
1244,Jun,Dubai,Cloud Storage,25,963.37,509.2,24084.13,11354.16,47.1
1245,Jun,Ajman,Enterprise Software,8,1038.62,550.4,8308.98,3905.79,47.0
1246,Dec,Ajman,Analytics Suite,19,1202.84,493.35,22853.92,13480.33,59.0
1247,Feb,Sharjah,CRM Platform,25,710.5,390.84,17762.51,7991.4,45.0
1248,Apr,Sharjah,CRM Platform,36,933.11,603.01,33591.89,11883.45,35.4
1249,Feb,Ajman,Cloud Storage,31,1890.35,929.79,58600.78,29777.38,50.8
1250,Nov,Dubai,CRM Platform,7,913.47,484.74,6394.26,3001.05,46.9
1251,Mar,Dubai,Enterprise Software,26,921.12,504.44,23949.22,10833.68,45.2
1252,Feb,Dubai,Cloud Storage,24,1955.37,947.69,46928.96,24184.47,51.5
1253,Feb,Riyadh,CRM Platform,15,1708.6,993.21,25628.95,10730.84,41.9
1254,Oct,Sharjah,Security Package,18,1561.35,937.19,28104.22,11234.77,40.0
1255,Aug,Ajman,Analytics Suite,43,1285.7,644.28,55285.0,27581.09,49.9
1256,May,Ajman,Security Package,10,1582.4,675.7,15823.99,9067.0,57.3
1257,Aug,Sharjah,CRM Platform,15,1331.07,577.22,19966.02,11307.71,56.6
1258,Feb,Dubai,Enterprise Software,32,1420.59,913.47,45458.99,16228.03,35.7
1259,Nov,Ajman,Security Package,21,474.93,263.82,9973.45,4433.28,44.5
1260,Nov,Dubai,Enterprise Software,49,1135.91,594.13,55659.49,26546.97,47.7
1261,May,Ajman,Cloud Storage,43,1096.22,576.83,47137.39,22333.76,47.4
1262,Sep,Riyadh,Analytics Suite,35,231.81,137.0,8113.23,3318.38,40.9
1263,Jul,Ajman,Enterprise Software,29,766.21,378.57,22219.99,11241.45,50.6
1264,Jan,Ajman,Enterprise Software,12,1202.0,739.34,14424.0,5551.94,38.5
1265,Aug,Sharjah,Cloud Storage,28,442.08,255.93,12378.21,5212.08,42.1
1266,Oct,Ajman,Enterprise Software,44,1083.0,583.14,47651.85,21993.91,46.2
1267,Aug,Riyadh,Security Package,31,1212.06,532.19,37573.85,21076.01,56.1
1268,May,Dubai,CRM Platform,32,1263.88,624.93,40444.2,20446.59,50.6
1269,Jun,Sharjah,Analytics Suite,4,250.66,103.09,1002.66,590.29,58.9
1270,Dec,Sharjah,Analytics Suite,38,248.42,154.72,9439.95,3560.41,37.7
1271,Feb,Sharjah,CRM Platform,28,821.26,401.88,22995.21,11742.7,51.1
1272,Nov,Sharjah,Enterprise Software,16,645.71,362.9,10331.28,4524.89,43.8
1273,Dec,Riyadh,Enterprise Software,5,1764.09,756.12,8820.46,5039.85,57.1
1274,Sep,Abu Dhabi,Enterprise Software,21,267.28,150.86,5612.87,2444.73,43.6
1275,Sep,Ajman,Security Package,27,679.91,390.26,18357.68,7820.56,42.6
1276,Jun,Riyadh,Enterprise Software,25,1226.64,589.53,30665.91,15927.71,51.9
1277,Feb,Dubai,CRM Platform,45,1415.2,684.95,63684.01,32861.47,51.6
1278,Mar,Riyadh,Analytics Suite,40,739.14,474.79,29565.5,10573.9,35.8
1279,Nov,Abu Dhabi,CRM Platform,5,1712.68,914.5,8563.42,3990.91,46.6
1280,Jan,Sharjah,Analytics Suite,20,1993.21,997.62,39864.2,19911.89,49.9
1281,Dec,Abu Dhabi,Security Package,6,1491.87,812.4,8951.23,4076.85,45.5
1282,May,Riyadh,Analytics Suite,5,1219.57,649.75,6097.85,2849.13,46.7
1283,Jun,Ajman,Cloud Storage,5,1372.77,652.7,6863.83,3600.34,52.5
1284,Nov,Sharjah,CRM Platform,35,764.04,384.75,26741.24,13274.92,49.6
1285,Sep,Sharjah,Security Package,30,1408.81,756.38,42264.25,19572.97,46.3
1286,Mar,Dubai,Security Package,37,1098.57,620.91,40646.96,17673.24,43.5
1287,Nov,Ajman,Analytics Suite,35,1656.08,1015.5,57962.81,22420.38,38.7
1288,Dec,Ajman,Security Package,41,307.79,138.55,12619.27,6938.55,55.0
1289,Apr,Ajman,Cloud Storage,10,1543.58,912.85,15435.8,6307.34,40.9
1290,Jun,Ajman,CRM Platform,5,1341.07,820.05,6705.35,2605.08,38.9
1291,Nov,Sharjah,Analytics Suite,11,661.6,364.09,7277.64,3272.7,45.0
1292,Feb,Ajman,Cloud Storage,10,545.45,251.67,5454.49,2937.81,53.9
1293,Aug,Sharjah,CRM Platform,36,1984.33,1003.09,71435.79,35324.66,49.4
1294,Mar,Dubai,Cloud Storage,18,445.58,207.01,8020.35,4294.1,53.5
1295,Mar,Sharjah,Security Package,42,1734.54,1111.75,72850.59,26157.24,35.9
1296,Jan,Ajman,Enterprise Software,6,765.03,363.0,4590.17,2412.16,52.6
1297,Jun,Dubai,CRM Platform,43,1383.38,584.58,59485.13,34348.11,57.7
1298,Feb,Abu Dhabi,Cloud Storage,37,1522.06,963.82,56316.4,20654.95,36.7
1299,Sep,Riyadh,Security Package,17,1093.61,462.12,18591.4,10735.38,57.7
1300,Jun,Riyadh,Enterprise Software,22,1698.2,992.27,37360.43,15530.39,41.6
1301,Apr,Abu Dhabi,CRM Platform,10,392.27,177.9,3922.65,2143.62,54.6
1302,Jul,Sharjah,CRM Platform,17,1753.22,725.8,29804.74,17466.13,58.6
1303,Dec,Riyadh,Analytics Suite,8,769.68,389.42,6157.46,3042.12,49.4
1304,Mar,Abu Dhabi,Analytics Suite,24,1055.4,519.19,25329.58,12869.08,50.8
1305,Nov,Sharjah,Enterprise Software,39,262.66,153.62,10243.62,4252.51,41.5
1306,May,Dubai,Cloud Storage,36,892.44,499.53,32127.93,14144.73,44.0
1307,Sep,Sharjah,Enterprise Software,16,1743.76,866.86,27900.24,14030.53,50.3
1308,May,Ajman,Analytics Suite,6,1885.38,1110.8,11312.28,4647.46,41.1
1309,Mar,Sharjah,Cloud Storage,29,1336.43,828.41,38756.61,14732.67,38.0
1310,May,Ajman,Enterprise Software,6,1681.76,1068.12,10090.54,3681.8,36.5
1311,Jun,Ajman,CRM Platform,46,960.26,604.61,44171.9,16359.66,37.0
1312,Dec,Dubai,Cloud Storage,17,1111.4,542.32,18893.84,9674.32,51.2
1313,Dec,Riyadh,Security Package,21,1015.87,413.29,21333.29,12654.11,59.3
1314,Nov,Dubai,Cloud Storage,29,1623.83,704.78,47091.21,26652.54,56.6
1315,Nov,Ajman,Cloud Storage,20,764.7,321.6,15293.98,8861.98,57.9
1316,Sep,Abu Dhabi,Cloud Storage,46,1945.4,1182.13,89488.23,35110.23,39.2
1317,Nov,Abu Dhabi,Security Package,27,1626.76,780.6,43922.42,22846.25,52.0
1318,May,Ajman,Cloud Storage,12,1437.44,872.08,17249.28,6784.28,39.3
1319,Feb,Sharjah,Cloud Storage,27,861.68,429.44,23265.34,11670.51,50.2
1320,Apr,Ajman,Security Package,2,1906.6,1202.64,3813.19,1407.91,36.9
1321,Feb,Riyadh,Cloud Storage,30,556.88,320.38,16706.37,7094.94,42.5
1322,Jul,Abu Dhabi,Enterprise Software,40,972.03,452.03,38881.04,20799.82,53.5
1323,Mar,Dubai,Analytics Suite,37,411.23,238.37,15215.54,6395.92,42.0
1324,Nov,Ajman,CRM Platform,32,413.32,239.06,13226.31,5576.33,42.2
1325,May,Abu Dhabi,Analytics Suite,48,1089.5,471.26,52296.13,29675.45,56.7
1326,Apr,Abu Dhabi,Security Package,19,1508.07,674.62,28653.42,15835.57,55.3
1327,Mar,Abu Dhabi,CRM Platform,2,722.35,336.22,1444.69,772.26,53.5
1328,Apr,Riyadh,CRM Platform,24,1249.23,701.83,29981.41,13137.59,43.8
1329,Aug,Dubai,Enterprise Software,9,1768.6,1138.27,15917.38,5672.96,35.6
1330,Dec,Ajman,Cloud Storage,25,1475.22,861.56,36880.39,15341.28,41.6
1331,Feb,Sharjah,Enterprise Software,36,305.75,147.75,11007.15,5688.32,51.7
1332,Jun,Abu Dhabi,CRM Platform,39,1890.78,1213.51,73740.4,26413.63,35.8
1333,Jan,Riyadh,Enterprise Software,17,1108.18,548.81,18838.99,9509.27,50.5
1334,Mar,Ajman,Analytics Suite,36,274.02,121.9,9864.9,5476.57,55.5
1335,Aug,Abu Dhabi,Security Package,22,1780.21,770.8,39164.71,22207.18,56.7
1336,Jul,Sharjah,Security Package,10,668.73,319.87,6687.31,3488.65,52.2
1337,May,Abu Dhabi,CRM Platform,48,849.07,430.92,40755.17,20071.04,49.2
1338,May,Sharjah,Security Package,34,763.42,475.74,25956.23,9781.14,37.7
1339,Mar,Sharjah,CRM Platform,36,1735.46,979.42,62476.58,27217.62,43.6
1340,Apr,Ajman,Enterprise Software,10,298.22,132.94,2982.21,1652.78,55.4
1341,Mar,Ajman,Analytics Suite,46,1040.84,446.53,47878.6,27338.39,57.1
1342,Aug,Ajman,Enterprise Software,23,1979.87,1069.55,45537.09,20937.33,46.0
1343,Feb,Ajman,CRM Platform,47,1760.38,758.57,82737.99,47085.07,56.9
1344,May,Dubai,Cloud Storage,12,1702.92,1000.44,20435.0,8429.76,41.3
1345,Nov,Sharjah,Security Package,38,582.31,378.21,22127.9,7755.8,35.0
1346,Oct,Dubai,Security Package,12,949.55,398.06,11394.65,6617.91,58.1
1347,Jun,Ajman,Enterprise Software,2,711.71,459.29,1423.41,504.84,35.5
1348,Jun,Dubai,CRM Platform,38,1872.47,798.64,71153.75,40805.43,57.3
1349,Jan,Sharjah,Cloud Storage,6,1028.42,593.32,6170.52,2610.58,42.3
1350,Nov,Ajman,CRM Platform,18,1269.57,509.67,22852.22,13678.16,59.9
1351,Aug,Dubai,Security Package,21,1905.35,1238.39,40012.42,14006.13,35.0
1352,Apr,Riyadh,Cloud Storage,4,1642.8,773.33,6571.22,3477.89,52.9
1353,Sep,Dubai,Enterprise Software,39,886.5,443.0,34573.64,17296.69,50.0
1354,Jul,Abu Dhabi,Cloud Storage,6,236.92,107.1,1421.53,778.92,54.8
1355,May,Ajman,CRM Platform,42,1554.61,876.05,65293.43,28499.53,43.6
1356,Aug,Dubai,Analytics Suite,28,1524.6,961.15,42688.82,15776.72,37.0
1357,Jun,Riyadh,Cloud Storage,43,373.0,183.47,16039.03,8150.01,50.8
1358,Aug,Abu Dhabi,CRM Platform,25,1057.59,571.91,26439.79,12142.09,45.9
1359,Jul,Ajman,Enterprise Software,24,1304.96,663.61,31319.09,15392.5,49.1
1360,Jan,Ajman,Enterprise Software,33,815.14,420.52,26899.64,13022.62,48.4
1361,Aug,Abu Dhabi,Cloud Storage,34,1333.21,708.16,45329.05,21251.64,46.9
1362,Jul,Sharjah,CRM Platform,6,1832.97,952.05,10997.84,5285.53,48.1
1363,Nov,Abu Dhabi,Cloud Storage,20,1714.77,910.15,34295.37,16092.31,46.9
1364,Jan,Sharjah,Security Package,36,337.76,138.91,12159.31,7158.5,58.9
1365,Jul,Dubai,Security Package,27,370.07,209.17,9991.94,4344.36,43.5
1366,Jun,Riyadh,Analytics Suite,17,1254.02,742.58,21318.38,8694.45,40.8
1367,Dec,Dubai,Enterprise Software,43,1033.18,616.34,44426.83,17924.26,40.3
1368,Feb,Ajman,Enterprise Software,27,1778.16,843.58,48010.31,25233.65,52.6
1369,Nov,Riyadh,CRM Platform,29,1322.86,616.81,38362.9,20475.49,53.4
1370,Mar,Abu Dhabi,Cloud Storage,6,1544.65,851.12,9267.92,4161.17,44.9
1371,Sep,Dubai,CRM Platform,2,210.52,90.35,421.05,240.35,57.1
1372,Aug,Abu Dhabi,CRM Platform,45,929.16,524.45,41812.42,18212.27,43.6
1373,May,Riyadh,CRM Platform,40,1663.64,921.97,66545.54,29666.92,44.6
1374,Feb,Ajman,Analytics Suite,9,443.21,198.42,3988.85,2203.04,55.2
1375,Jan,Dubai,Cloud Storage,14,1066.01,465.09,14924.15,8412.92,56.4
1376,Nov,Abu Dhabi,CRM Platform,35,543.65,258.36,19027.61,9985.13,52.5
1377,Aug,Ajman,Cloud Storage,28,239.27,105.64,6699.57,3741.53,55.8
1378,Aug,Abu Dhabi,CRM Platform,31,235.33,120.58,7295.23,3557.31,48.8
1379,May,Abu Dhabi,Cloud Storage,37,1693.01,843.01,62641.42,31450.17,50.2
1380,Feb,Sharjah,Enterprise Software,41,1725.73,876.58,70755.06,34815.24,49.2
1381,Dec,Ajman,CRM Platform,38,1272.51,685.34,48355.43,22312.35,46.1
1382,Aug,Sharjah,Enterprise Software,26,1074.98,588.83,27949.52,12639.9,45.2
1383,Apr,Riyadh,CRM Platform,46,309.27,125.18,14226.35,8468.16,59.5
1384,Sep,Riyadh,Analytics Suite,5,682.13,383.41,3410.64,1493.6,43.8
1385,Aug,Ajman,Enterprise Software,40,1890.14,919.91,75605.44,38808.95,51.3
1386,Mar,Ajman,Enterprise Software,19,1507.18,779.68,28636.35,13822.48,48.3
1387,Sep,Ajman,Cloud Storage,15,1257.79,718.5,18866.79,8089.26,42.9
1388,Mar,Riyadh,CRM Platform,19,1501.39,747.08,28526.43,14331.88,50.2
1389,Aug,Ajman,Analytics Suite,11,1319.32,620.89,14512.48,7682.7,52.9
1390,Mar,Dubai,CRM Platform,12,559.07,308.29,6708.86,3009.34,44.9
1391,Aug,Dubai,CRM Platform,20,622.49,335.65,12449.88,5736.81,46.1
1392,May,Dubai,Analytics Suite,23,1418.47,629.34,32624.81,18149.88,55.6
1393,Feb,Riyadh,Enterprise Software,22,975.12,540.6,21452.57,9559.46,44.6
1394,Apr,Dubai,Security Package,32,664.08,322.13,21250.56,10942.31,51.5
1395,Sep,Sharjah,Enterprise Software,18,1813.37,1112.24,32640.69,12620.46,38.7
1396,Nov,Riyadh,Security Package,7,1471.53,929.5,10300.7,3794.18,36.8
1397,Feb,Ajman,CRM Platform,7,1606.97,887.72,11248.82,5034.81,44.8
1398,Jan,Dubai,Security Package,33,389.74,217.27,12861.42,5691.42,44.3
1399,Mar,Abu Dhabi,Analytics Suite,47,725.82,370.44,34113.6,16702.72,49.0
1400,Dec,Riyadh,CRM Platform,7,477.73,234.54,3344.13,1702.38,50.9
1401,Apr,Abu Dhabi,Enterprise Software,29,1945.35,1152.24,56415.03,23000.14,40.8
1402,Aug,Dubai,Cloud Storage,22,716.16,317.13,15755.63,8778.79,55.7
1403,Dec,Sharjah,Analytics Suite,49,947.02,527.83,46403.76,20540.16,44.3
1404,Sep,Abu Dhabi,Cloud Storage,27,1616.99,702.58,43658.69,24689.05,56.6
1405,Jul,Ajman,CRM Platform,30,1913.31,1012.22,57399.39,27032.88,47.1
1406,Aug,Sharjah,Enterprise Software,10,1586.27,919.1,15862.73,6671.76,42.1
1407,Feb,Riyadh,Enterprise Software,22,766.65,494.86,16866.26,5979.32,35.5
1408,Jan,Abu Dhabi,CRM Platform,26,1566.55,885.17,40730.2,17715.84,43.5
1409,Jan,Abu Dhabi,Security Package,41,1964.08,1177.99,80527.47,32229.7,40.0
1410,Jul,Riyadh,Analytics Suite,26,1794.41,1032.14,46654.64,19819.0,42.5
1411,Jun,Sharjah,Analytics Suite,1,1688.61,1055.47,1688.61,633.14,37.5
1412,Dec,Riyadh,Cloud Storage,26,1003.14,452.7,26081.65,14311.43,54.9
1413,Oct,Riyadh,Security Package,42,995.86,484.3,41826.07,21485.52,51.4
1414,May,Ajman,Cloud Storage,6,266.55,128.91,1599.28,825.83,51.6
1415,Sep,Abu Dhabi,Security Package,19,584.72,308.69,11109.72,5244.7,47.2
1416,Jun,Sharjah,Security Package,49,1344.23,545.56,65867.46,39134.79,59.4
1417,May,Riyadh,Security Package,16,1698.01,808.23,27168.19,14236.53,52.4
1418,Feb,Ajman,Security Package,47,307.9,151.87,14471.41,7333.46,50.7
1419,Feb,Riyadh,Analytics Suite,4,1561.81,992.27,6247.23,2278.14,36.5
1420,Oct,Ajman,Analytics Suite,48,209.38,101.5,10050.44,5178.54,51.5
1421,Oct,Abu Dhabi,Security Package,46,1809.81,1007.95,83251.26,36885.63,44.3
1422,Apr,Riyadh,Security Package,23,738.56,418.57,16986.95,7359.92,43.3
1423,Dec,Riyadh,Cloud Storage,25,1135.4,524.45,28385.0,15273.73,53.8
1424,Oct,Sharjah,Security Package,13,1681.12,824.28,21854.52,11138.88,51.0
1425,Dec,Dubai,Cloud Storage,28,1691.19,711.12,47353.26,27441.84,58.0
1426,Mar,Dubai,CRM Platform,31,586.61,246.09,18184.97,10556.04,58.0
1427,Oct,Riyadh,CRM Platform,36,1134.1,565.57,40827.64,20467.07,50.1
1428,Aug,Sharjah,Security Package,41,962.16,490.72,39448.56,19329.0,49.0
1429,Mar,Ajman,CRM Platform,10,1110.41,578.74,11104.15,5316.76,47.9
1430,Dec,Ajman,Cloud Storage,33,1753.89,753.32,57878.34,33018.75,57.0
1431,Aug,Abu Dhabi,CRM Platform,3,1543.69,981.82,4631.08,1685.63,36.4
1432,Oct,Sharjah,Enterprise Software,27,398.61,196.27,10762.34,5463.0,50.8
1433,Sep,Sharjah,Enterprise Software,10,411.94,196.18,4119.36,2157.59,52.4
1434,May,Sharjah,Analytics Suite,32,250.36,109.09,8011.52,4520.76,56.4
1435,Jan,Riyadh,CRM Platform,20,1800.3,817.15,36006.06,19663.08,54.6
1436,Feb,Ajman,Enterprise Software,36,827.57,511.11,29792.45,11392.44,38.2
1437,Oct,Ajman,CRM Platform,20,1218.38,761.57,24367.5,9136.06,37.5
1438,Dec,Ajman,CRM Platform,39,439.06,190.83,17123.23,9680.95,56.5
1439,Nov,Ajman,CRM Platform,29,468.17,272.46,13576.89,5675.6,41.8
1440,Nov,Dubai,Security Package,40,937.33,429.49,37493.24,20313.63,54.2
1441,Sep,Ajman,Analytics Suite,3,1924.54,1198.05,5773.63,2179.48,37.7
1442,Mar,Sharjah,Enterprise Software,46,244.65,136.4,11253.78,4979.49,44.2
1443,Nov,Sharjah,Security Package,8,1359.05,572.55,10872.36,6291.97,57.9
1444,Oct,Riyadh,Security Package,49,295.17,160.15,14463.52,6616.18,45.7
1445,Sep,Abu Dhabi,CRM Platform,2,416.51,264.09,833.02,304.85,36.6
1446,May,Abu Dhabi,Enterprise Software,14,641.52,369.77,8981.22,3804.41,42.4
1447,Feb,Riyadh,CRM Platform,35,1292.34,646.75,45231.85,22595.6,50.0
1448,Jan,Dubai,CRM Platform,22,986.63,497.0,21705.89,10771.89,49.6
1449,Jul,Riyadh,Analytics Suite,17,363.85,234.66,6185.37,2196.14,35.5
1450,May,Riyadh,Cloud Storage,10,528.8,313.09,5288.04,2157.12,40.8
1451,Jul,Abu Dhabi,Analytics Suite,44,504.54,279.33,22199.93,9909.63,44.6
1452,Jan,Sharjah,Cloud Storage,46,305.3,151.88,14043.95,7057.3,50.3
1453,Jul,Sharjah,Cloud Storage,21,664.28,422.08,13949.92,5086.22,36.5
1454,Apr,Dubai,Enterprise Software,16,1553.84,849.19,24861.45,11274.49,45.3
1455,Sep,Ajman,Security Package,25,1908.84,892.04,47721.07,25419.97,53.3
1456,Sep,Sharjah,CRM Platform,27,317.82,129.43,8581.27,5086.75,59.3
1457,May,Abu Dhabi,Enterprise Software,36,1934.25,1100.15,69633.16,30027.6,43.1
1458,Nov,Abu Dhabi,Security Package,9,748.3,375.41,6734.73,3356.01,49.8
1459,Apr,Dubai,Security Package,10,871.95,563.56,8719.49,3083.85,35.4
1460,Jul,Abu Dhabi,Security Package,36,1013.14,405.51,36472.88,21874.6,60.0
1461,May,Ajman,Security Package,42,1949.75,780.16,81889.38,49122.52,60.0
1462,Oct,Ajman,Analytics Suite,17,1711.08,847.05,29088.32,14688.49,50.5
1463,Oct,Sharjah,Cloud Storage,33,706.36,311.05,23309.89,13045.29,56.0
1464,Feb,Riyadh,Security Package,20,361.49,207.71,7229.74,3075.48,42.5
1465,May,Abu Dhabi,Security Package,28,579.53,304.95,16226.85,7688.2,47.4
1466,Nov,Sharjah,Analytics Suite,17,1963.35,1132.73,33376.99,14120.52,42.3
1467,Nov,Sharjah,Cloud Storage,21,814.93,419.65,17113.61,8300.96,48.5
1468,Jan,Riyadh,Analytics Suite,45,440.71,277.89,19831.79,7326.57,36.9
1469,Jan,Riyadh,CRM Platform,1,1410.87,710.08,1410.87,700.79,49.7
1470,Sep,Ajman,CRM Platform,6,1617.15,909.28,9702.9,4247.21,43.8
1471,Jan,Dubai,Security Package,43,1001.32,431.42,43056.68,24505.54,56.9
1472,Jun,Ajman,Security Package,25,518.94,307.21,12973.4,5293.26,40.8
1473,Aug,Dubai,Enterprise Software,24,1885.25,963.63,45245.91,22118.71,48.9
1474,May,Abu Dhabi,Enterprise Software,44,1858.52,909.66,81774.78,41749.68,51.1
1475,Nov,Dubai,Security Package,20,1655.15,753.57,33102.92,18031.59,54.5
1476,Jan,Ajman,Analytics Suite,18,1087.11,626.19,19567.95,8296.58,42.4
1477,Jan,Riyadh,Cloud Storage,13,1971.67,1103.37,25631.77,11288.0,44.0
1478,Oct,Dubai,Analytics Suite,33,1089.22,585.94,35944.27,16608.18,46.2
1479,Oct,Riyadh,Security Package,12,317.65,137.24,3811.79,2164.86,56.8
1480,May,Dubai,Cloud Storage,37,1739.86,1079.15,64374.9,24446.32,38.0
1481,Nov,Sharjah,Cloud Storage,2,1985.51,1138.19,3971.02,1694.65,42.7
1482,May,Riyadh,Security Package,44,1208.21,620.39,53161.19,25863.9,48.7
1483,Jun,Ajman,Enterprise Software,28,1719.81,862.86,48154.81,23994.63,49.8
1484,Aug,Dubai,Security Package,32,850.65,501.68,27220.78,11167.18,41.0
1485,May,Abu Dhabi,Enterprise Software,27,1158.34,554.91,31275.14,16292.46,52.1
1486,Jun,Ajman,Cloud Storage,6,1784.18,1073.93,10705.06,4261.49,39.8
1487,Feb,Abu Dhabi,CRM Platform,16,554.38,267.38,8870.05,4591.97,51.8
1488,Jan,Dubai,Enterprise Software,31,977.51,396.87,30302.75,17999.66,59.4
1489,Apr,Sharjah,Analytics Suite,7,1052.44,673.25,7367.06,2654.35,36.0
1490,Sep,Dubai,Analytics Suite,16,1898.39,1127.52,30374.17,12333.82,40.6
1491,Feb,Riyadh,CRM Platform,41,1003.62,432.77,41148.47,23404.98,56.9
1492,Jul,Dubai,Enterprise Software,21,1802.15,1033.25,37845.17,16146.98,42.7
1493,Aug,Abu Dhabi,Enterprise Software,4,742.65,413.32,2970.59,1317.32,44.3
1494,Nov,Dubai,Enterprise Software,4,1206.66,571.63,4826.66,2540.13,52.6
1495,Feb,Ajman,CRM Platform,40,1553.53,711.95,62141.36,33663.34,54.2
1496,Jan,Riyadh,Security Package,30,891.06,533.56,26731.68,10724.99,40.1
1497,Feb,Riyadh,Security Package,22,1371.66,780.4,30176.49,13007.76,43.1
1498,Sep,Dubai,CRM Platform,22,1258.06,537.2,27677.41,15859.11,57.3
1499,Dec,Dubai,Security Package,5,1267.2,773.24,6335.98,2469.8,39.0
1500,Nov,Riyadh,Cloud Storage,33,661.31,334.13,21823.39,10797.09,49.5
1501,Mar,Riyadh,CRM Platform,16,447.81,184.06,7164.97,4220.04,58.9
1502,Oct,Abu Dhabi,Analytics Suite,28,1123.63,632.52,31461.54,13751.01,43.7
1503,Oct,Sharjah,Analytics Suite,35,1595.89,697.17,55856.23,31455.31,56.3
1504,Jun,Sharjah,Security Package,19,863.89,347.3,16413.99,9815.23,59.8
1505,Jan,Riyadh,Cloud Storage,16,1112.79,677.46,17804.71,6965.31,39.1
1506,Jun,Dubai,CRM Platform,13,1957.72,1096.59,25450.35,11194.62,44.0
1507,Jun,Abu Dhabi,Enterprise Software,13,1402.15,804.41,18227.93,7770.65,42.6
1508,Dec,Ajman,Security Package,22,1733.62,938.79,38139.54,17486.06,45.8
1509,May,Sharjah,Security Package,27,791.51,337.35,21370.89,12262.36,57.4
1510,Apr,Dubai,CRM Platform,1,1349.78,773.84,1349.78,575.94,42.7
1511,Apr,Ajman,Security Package,16,1065.34,630.78,17045.49,6953.08,40.8
1512,Apr,Sharjah,CRM Platform,26,531.64,344.22,13822.64,4872.9,35.3
1513,Feb,Sharjah,Enterprise Software,23,254.03,108.93,5842.73,3337.38,57.1
1514,Apr,Sharjah,CRM Platform,41,1254.24,741.73,51423.66,21012.57,40.9
1515,Apr,Dubai,Enterprise Software,13,711.38,323.49,9247.96,5042.58,54.5
1516,Jun,Sharjah,Cloud Storage,36,642.74,288.59,23138.48,12749.38,55.1
1517,Feb,Abu Dhabi,Analytics Suite,2,1696.6,736.85,3393.2,1919.5,56.6
1518,Apr,Dubai,Analytics Suite,20,1021.17,502.83,20423.33,10366.68,50.8
1519,Sep,Sharjah,Cloud Storage,40,1786.99,1107.22,71479.79,27191.13,38.0
1520,Mar,Dubai,Enterprise Software,9,1630.82,730.48,14677.35,8103.07,55.2
1521,Jun,Ajman,Analytics Suite,39,973.17,544.04,37953.72,16736.23,44.1
1522,Oct,Dubai,Security Package,13,1737.98,823.01,22593.79,11894.6,52.6
1523,Apr,Abu Dhabi,Analytics Suite,4,1333.03,626.55,5332.11,2825.92,53.0
1524,Oct,Abu Dhabi,Security Package,32,576.63,242.39,18452.08,10695.72,58.0
1525,Feb,Ajman,Security Package,11,1115.5,655.72,12270.55,5057.59,41.2
1526,Aug,Riyadh,Analytics Suite,34,1035.68,497.6,35213.16,18294.79,52.0
1527,Dec,Sharjah,Security Package,31,1488.17,779.35,46133.26,21973.37,47.6
1528,Jul,Sharjah,Security Package,41,1858.13,1014.53,76183.47,34587.63,45.4
1529,Apr,Dubai,Cloud Storage,13,1013.74,464.9,13178.67,7134.98,54.1
1530,Jul,Abu Dhabi,Analytics Suite,25,1228.47,778.69,30711.67,11244.32,36.6
1531,Sep,Sharjah,Analytics Suite,6,441.79,186.0,2650.77,1534.78,57.9
1532,Jun,Ajman,Security Package,15,1251.13,645.98,18766.98,9077.34,48.4
1533,Jul,Riyadh,Analytics Suite,29,1041.59,523.13,30206.16,15035.47,49.8
1534,May,Ajman,Analytics Suite,25,244.49,124.79,6112.32,2992.46,49.0
1535,Jun,Sharjah,Enterprise Software,6,730.13,383.64,4380.79,2078.94,47.5
1536,May,Riyadh,Enterprise Software,15,377.14,157.58,5657.05,3293.32,58.2
1537,Apr,Dubai,Security Package,22,553.96,267.18,12187.19,6309.18,51.8
1538,Apr,Sharjah,Analytics Suite,46,1287.26,559.27,59214.02,33487.52,56.6
1539,Jan,Riyadh,Analytics Suite,50,739.05,447.55,36952.67,14574.98,39.4
1540,Oct,Ajman,CRM Platform,49,1379.56,714.61,67598.21,32582.27,48.2
1541,Jul,Riyadh,Cloud Storage,15,608.47,357.34,9127.01,3766.86,41.3
1542,Sep,Ajman,Cloud Storage,38,1614.75,951.74,61360.67,25194.36,41.1
1543,Feb,Ajman,Analytics Suite,21,1722.44,873.62,36171.3,17825.28,49.3
1544,Aug,Ajman,Cloud Storage,29,1735.3,707.18,50323.68,29815.47,59.2
1545,Mar,Abu Dhabi,Security Package,20,1898.04,763.81,37960.74,22684.57,59.8
1546,Apr,Sharjah,Analytics Suite,27,966.29,568.33,26089.96,10744.98,41.2
1547,Jun,Riyadh,Analytics Suite,38,241.83,144.21,9189.61,3709.48,40.4
1548,Jun,Abu Dhabi,Cloud Storage,37,1333.71,734.54,49347.3,22169.24,44.9
1549,Jul,Riyadh,Security Package,25,567.57,282.46,14189.21,7127.82,50.2
1550,Apr,Riyadh,CRM Platform,31,395.55,214.54,12262.02,5611.36,45.8
1551,Feb,Ajman,Analytics Suite,11,387.76,208.7,4265.4,1969.65,46.2
1552,Aug,Dubai,Security Package,2,536.05,223.73,1072.09,624.63,58.3
1553,Apr,Ajman,Analytics Suite,15,723.99,384.51,10859.85,5092.2,46.9
1554,Jun,Ajman,Enterprise Software,34,219.88,105.92,7476.08,3874.91,51.8
1555,Mar,Ajman,CRM Platform,8,432.45,218.21,3459.58,1713.87,49.5
1556,Apr,Dubai,CRM Platform,9,1766.81,843.54,15901.27,8309.38,52.3
1557,Oct,Ajman,Cloud Storage,37,1890.48,1033.85,69947.67,31695.18,45.3
1558,May,Riyadh,CRM Platform,13,213.4,92.97,2774.17,1565.54,56.4
1559,Oct,Dubai,CRM Platform,16,1146.54,719.54,18344.67,6832.0,37.2
1560,Aug,Ajman,CRM Platform,37,270.35,114.3,10003.05,5774.0,57.7
1561,Dec,Ajman,Analytics Suite,46,1626.22,809.49,74806.31,37569.78,50.2
1562,Apr,Abu Dhabi,CRM Platform,12,1819.94,1061.59,21839.24,9100.17,41.7
1563,Nov,Ajman,CRM Platform,12,1457.34,617.74,17488.08,10075.17,57.6
1564,Mar,Dubai,Cloud Storage,18,1788.6,955.89,32194.81,14988.8,46.6
1565,Aug,Dubai,Cloud Storage,27,1986.3,1069.04,53630.14,24766.08,46.2
1566,Feb,Sharjah,Enterprise Software,33,1579.77,760.66,52132.42,27030.49,51.8
1567,May,Ajman,Cloud Storage,14,1110.92,572.72,15552.83,7534.69,48.4
1568,Jul,Dubai,CRM Platform,22,1542.72,947.14,33939.91,13102.73,38.6
1569,Jan,Ajman,Enterprise Software,17,406.43,255.76,6909.29,2561.38,37.1
1570,Aug,Sharjah,CRM Platform,30,322.83,173.39,9684.81,4483.03,46.3
1571,Mar,Abu Dhabi,CRM Platform,31,1676.77,1023.48,51979.81,20251.82,39.0
1572,Oct,Abu Dhabi,Enterprise Software,7,519.03,223.72,3633.18,2067.14,56.9
1573,Feb,Ajman,Cloud Storage,43,1574.46,896.41,67701.79,29156.06,43.1
1574,Jun,Abu Dhabi,CRM Platform,12,590.01,241.08,7080.12,4187.11,59.1
1575,Aug,Riyadh,Cloud Storage,45,285.96,159.77,12868.24,5678.78,44.1
1576,Jul,Riyadh,Enterprise Software,45,754.98,311.89,33974.26,19939.37,58.7
1577,Jul,Dubai,Enterprise Software,50,563.13,260.4,28156.42,15136.19,53.8
1578,Feb,Abu Dhabi,Cloud Storage,2,959.03,620.8,1918.06,676.46,35.3
1579,Nov,Sharjah,Cloud Storage,43,313.71,200.68,13489.47,4860.44,36.0
1580,Dec,Dubai,Cloud Storage,11,279.22,147.46,3071.45,1449.34,47.2
1581,Sep,Sharjah,Analytics Suite,41,541.19,244.5,22188.61,12164.24,54.8
1582,Jul,Riyadh,CRM Platform,8,618.33,263.7,4946.68,2837.06,57.4
1583,Jan,Sharjah,Cloud Storage,26,1377.19,555.0,35806.86,21376.86,59.7
1584,Apr,Abu Dhabi,CRM Platform,5,1384.33,650.1,6921.66,3671.15,53.0
1585,Jan,Riyadh,Analytics Suite,5,1793.83,901.89,8969.14,4459.69,49.7
1586,Feb,Riyadh,CRM Platform,46,1165.13,754.57,53595.83,18885.41,35.2
1587,May,Riyadh,Cloud Storage,7,1279.76,825.9,8958.33,3177.03,35.5
1588,Jun,Ajman,Cloud Storage,12,1343.64,834.39,16123.63,6110.99,37.9
1589,Feb,Sharjah,CRM Platform,22,231.77,145.56,5098.89,1896.66,37.2
1590,Sep,Ajman,CRM Platform,41,1535.27,807.33,62945.87,29845.47,47.4
1591,Jan,Dubai,Cloud Storage,40,1566.09,675.01,62643.75,35643.42,56.9
1592,Apr,Abu Dhabi,CRM Platform,40,342.9,148.95,13716.05,7757.95,56.6
1593,Apr,Ajman,Analytics Suite,10,876.35,491.2,8763.46,3851.46,43.9
1594,Aug,Abu Dhabi,Security Package,48,1779.2,771.4,85401.48,48374.24,56.6
1595,Sep,Sharjah,Enterprise Software,27,1366.48,645.14,36895.06,19476.39,52.8
1596,Dec,Dubai,Cloud Storage,22,816.91,368.8,17972.05,9858.49,54.9
1597,Nov,Dubai,Cloud Storage,45,1495.1,825.32,67279.68,30140.23,44.8
1598,Jun,Ajman,Security Package,12,996.25,400.0,11955.0,7154.94,59.8
1599,Apr,Ajman,Enterprise Software,4,1341.86,584.22,5367.44,3030.55,56.5
1600,Feb,Abu Dhabi,Cloud Storage,12,1266.74,769.93,15200.82,5961.68,39.2
1601,Sep,Abu Dhabi,Cloud Storage,6,967.23,499.83,5803.39,2804.38,48.3
1602,Apr,Abu Dhabi,Cloud Storage,28,517.58,239.25,14492.35,7793.37,53.8
1603,Aug,Sharjah,Security Package,41,562.52,346.29,23063.39,8865.42,38.4
1604,Jun,Ajman,Enterprise Software,26,879.89,455.5,22877.18,11034.16,48.2
1605,Oct,Ajman,Security Package,48,980.17,430.27,47048.39,26395.58,56.1
1606,Jul,Ajman,Enterprise Software,28,1737.28,1024.5,48643.73,19957.81,41.0
1607,Sep,Sharjah,Security Package,10,1195.13,530.55,11951.34,6645.84,55.6
1608,May,Ajman,CRM Platform,30,709.81,383.68,21294.19,9783.92,45.9
1609,Jun,Ajman,Enterprise Software,9,1486.75,667.45,13380.79,7373.76,55.1
1610,Jan,Abu Dhabi,Enterprise Software,33,1514.66,747.58,49983.9,25313.62,50.6
1611,Jul,Ajman,CRM Platform,48,871.66,455.34,41839.72,19983.16,47.8
1612,Jul,Riyadh,Enterprise Software,3,1986.45,856.4,5959.35,3390.16,56.9
1613,Apr,Riyadh,Cloud Storage,49,985.34,457.01,48281.48,25887.82,53.6
1614,Dec,Sharjah,Security Package,32,1342.96,660.8,42974.83,21829.28,50.8
1615,Jul,Dubai,CRM Platform,48,644.23,334.63,30922.81,14860.53,48.1
1616,Dec,Sharjah,Enterprise Software,43,1361.6,633.6,58548.82,31304.14,53.5
1617,May,Ajman,Cloud Storage,16,1283.87,819.04,20541.9,7437.31,36.2
1618,Feb,Abu Dhabi,Enterprise Software,50,366.15,211.6,18307.52,7727.56,42.2
1619,Dec,Ajman,CRM Platform,38,1953.46,820.62,74231.56,43047.84,58.0
1620,Mar,Abu Dhabi,CRM Platform,28,655.17,311.57,18344.71,9620.79,52.4
1621,Oct,Riyadh,CRM Platform,20,1521.08,894.57,30421.6,12530.19,41.2
1622,Nov,Dubai,Enterprise Software,37,1598.04,776.81,59127.63,30385.79,51.4
1623,Dec,Abu Dhabi,Analytics Suite,14,1874.03,936.06,26236.43,13131.53,50.1
1624,Mar,Sharjah,Enterprise Software,32,202.84,84.68,6490.93,3781.22,58.3
1625,Jul,Ajman,Security Package,42,719.01,365.07,30198.52,14865.6,49.2
1626,Mar,Abu Dhabi,Analytics Suite,46,441.8,230.45,20322.69,9722.02,47.8
1627,Aug,Riyadh,Enterprise Software,37,1665.87,743.66,61637.07,34121.7,55.4
1628,Apr,Dubai,Cloud Storage,17,1969.3,1216.84,33478.18,12791.88,38.2
1629,Feb,Ajman,Security Package,41,499.03,236.18,20460.11,10776.72,52.7
1630,May,Ajman,Enterprise Software,5,815.87,445.8,4079.37,1850.35,45.4
1631,Nov,Ajman,CRM Platform,49,381.46,158.41,18691.37,10929.51,58.5
1632,Jan,Dubai,Security Package,7,579.92,346.76,4059.46,1632.12,40.2
1633,Sep,Ajman,Security Package,49,678.5,353.83,33246.72,15909.17,47.9
1634,Jul,Sharjah,Security Package,22,867.41,540.0,19083.09,7203.14,37.7
1635,Jun,Sharjah,Cloud Storage,43,917.25,506.97,39441.68,17642.18,44.7
1636,Feb,Sharjah,Analytics Suite,1,1022.45,587.48,1022.45,434.98,42.5
1637,Oct,Abu Dhabi,Enterprise Software,8,1764.21,828.94,14113.68,7482.13,53.0
1638,Aug,Abu Dhabi,Analytics Suite,40,1435.13,886.14,57405.31,21959.64,38.3
1639,Nov,Riyadh,CRM Platform,13,205.63,115.06,2673.22,1177.5,44.0
1640,Nov,Sharjah,Enterprise Software,24,1772.18,1138.45,42532.37,15209.6,35.8
1641,Apr,Sharjah,CRM Platform,39,1072.17,627.0,41814.44,17361.31,41.5
1642,Jul,Dubai,Analytics Suite,31,1976.37,1214.03,61267.43,23632.38,38.6
1643,May,Dubai,CRM Platform,39,551.14,240.18,21494.4,12127.35,56.4
1644,Dec,Riyadh,Security Package,33,257.14,134.87,8485.7,4035.11,47.6
1645,Nov,Dubai,Analytics Suite,36,1977.0,1021.51,71171.83,34397.29,48.3
1646,Aug,Ajman,Enterprise Software,43,1173.2,540.66,50447.7,27199.43,53.9
1647,Feb,Abu Dhabi,Enterprise Software,28,1988.05,809.74,55665.42,32992.59,59.3
1648,May,Sharjah,CRM Platform,15,1494.51,846.62,22417.72,9718.46,43.4
1649,Sep,Dubai,Cloud Storage,41,1505.75,636.34,61735.58,35645.48,57.7
1650,Oct,Sharjah,Cloud Storage,50,1862.93,775.29,93146.28,54381.89,58.4
1651,Dec,Sharjah,CRM Platform,48,1524.8,755.41,73190.61,36931.06,50.5
1652,Apr,Riyadh,CRM Platform,15,666.37,315.02,9995.54,5270.21,52.7
1653,Jun,Dubai,Enterprise Software,48,1265.96,565.93,60766.12,33601.29,55.3
1654,Jun,Dubai,Security Package,9,1735.99,1108.46,15623.95,5647.79,36.1
1655,May,Riyadh,Enterprise Software,4,1262.11,564.75,5048.43,2789.44,55.3
1656,Jun,Ajman,CRM Platform,50,857.04,488.36,42852.15,18433.9,43.0
1657,Nov,Abu Dhabi,Security Package,39,1263.4,539.02,49272.47,28250.55,57.3
1658,Aug,Dubai,Security Package,21,460.46,292.73,9669.69,3522.45,36.4
1659,Nov,Abu Dhabi,CRM Platform,30,465.37,219.12,13960.97,7387.47,52.9
1660,Jun,Dubai,Security Package,20,1104.28,631.81,22085.61,9449.33,42.8
1661,Aug,Sharjah,Security Package,41,1691.64,886.01,69357.12,33030.89,47.6
1662,Jun,Ajman,Enterprise Software,10,1690.19,765.07,16901.92,9251.21,54.7
1663,Mar,Abu Dhabi,Enterprise Software,32,1509.31,716.58,48297.98,25367.28,52.5
1664,Sep,Abu Dhabi,Enterprise Software,26,807.34,459.76,20990.79,9037.07,43.1
1665,Jul,Sharjah,CRM Platform,5,1150.12,541.43,5750.6,3043.45,52.9
1666,Jul,Abu Dhabi,Security Package,7,435.62,256.17,3049.35,1256.13,41.2
1667,Dec,Riyadh,Enterprise Software,20,1023.56,451.31,20471.17,11444.95,55.9
1668,Dec,Abu Dhabi,CRM Platform,31,723.95,315.79,22442.35,12652.87,56.4
1669,Dec,Abu Dhabi,Cloud Storage,42,216.44,125.86,9090.42,3804.44,41.9
1670,Nov,Riyadh,Enterprise Software,10,877.8,566.77,8778.0,3110.27,35.4
1671,Feb,Abu Dhabi,Enterprise Software,23,1953.49,869.12,44930.17,24940.37,55.5
1672,Sep,Dubai,Enterprise Software,42,809.27,411.48,33989.53,16707.37,49.2
1673,Apr,Abu Dhabi,CRM Platform,3,413.84,206.58,1241.53,621.81,50.1
1674,Mar,Sharjah,Security Package,42,1541.36,915.51,64737.14,26285.71,40.6
1675,Nov,Dubai,CRM Platform,25,695.39,391.71,17384.72,7591.93,43.7
1676,Feb,Sharjah,Enterprise Software,8,348.75,182.15,2789.97,1332.76,47.8
1677,Jan,Riyadh,Cloud Storage,38,1231.37,668.83,46791.96,21376.55,45.7
1678,Oct,Sharjah,Enterprise Software,12,891.13,579.22,10693.53,3742.86,35.0
1679,Oct,Ajman,Analytics Suite,9,378.99,157.61,3410.95,1992.42,58.4
1680,Jul,Riyadh,Cloud Storage,45,235.54,126.96,10599.46,4886.19,46.1
1681,Aug,Riyadh,Security Package,5,1134.02,619.38,5670.11,2573.21,45.4
1682,Nov,Dubai,Cloud Storage,8,525.2,288.74,4201.56,1891.65,45.0
1683,Sep,Abu Dhabi,Enterprise Software,29,1640.92,706.85,47586.78,27088.23,56.9
1684,Apr,Abu Dhabi,Security Package,42,490.18,265.0,20587.5,9457.4,45.9
1685,Feb,Dubai,Enterprise Software,33,737.44,473.12,24335.53,8722.61,35.8
1686,Nov,Abu Dhabi,CRM Platform,1,647.01,266.27,647.01,380.74,58.8
1687,Nov,Riyadh,Analytics Suite,35,1000.86,544.73,35029.98,15964.29,45.6
1688,Jun,Sharjah,Security Package,39,1168.78,528.82,45582.31,24958.14,54.8
1689,Apr,Dubai,Enterprise Software,3,538.53,255.76,1615.6,848.31,52.5
1690,Oct,Abu Dhabi,Cloud Storage,36,588.87,288.41,21199.39,10816.64,51.0
1691,Jul,Abu Dhabi,Security Package,5,1189.73,553.42,5948.64,3181.52,53.5
1692,Aug,Abu Dhabi,CRM Platform,6,1900.53,1081.65,11403.2,4913.28,43.1
1693,Apr,Abu Dhabi,Security Package,5,1333.22,623.08,6666.11,3550.71,53.3
1694,Oct,Abu Dhabi,Analytics Suite,43,1365.99,721.05,58737.48,27732.5,47.2
1695,Mar,Abu Dhabi,CRM Platform,21,1986.41,1009.9,41714.57,20506.6,49.2
1696,Apr,Dubai,Security Package,5,686.23,365.67,3431.13,1602.79,46.7
1697,Feb,Riyadh,CRM Platform,22,1352.32,663.59,29751.03,15152.05,50.9
1698,Mar,Sharjah,Analytics Suite,15,692.56,293.98,10388.46,5978.7,57.6
1699,Feb,Abu Dhabi,CRM Platform,8,516.32,300.54,4130.53,1726.22,41.8
1700,Aug,Sharjah,Security Package,7,1152.13,662.6,8064.9,3426.66,42.5
1701,May,Sharjah,Security Package,39,378.32,155.86,14754.44,8675.75,58.8
1702,Mar,Sharjah,CRM Platform,23,1650.95,940.14,37971.92,16348.7,43.1
1703,Oct,Riyadh,Security Package,26,1058.35,457.09,27517.14,15632.68,56.8
1704,Dec,Dubai,Security Package,10,1383.61,602.8,13836.13,7808.18,56.4
1705,Jan,Riyadh,Analytics Suite,47,1350.55,665.2,63475.77,32211.56,50.7
1706,Jul,Abu Dhabi,Security Package,46,1024.02,521.98,47104.73,23093.56,49.0
1707,Sep,Sharjah,CRM Platform,19,696.48,353.08,13233.15,6524.72,49.3
1708,Nov,Abu Dhabi,Analytics Suite,6,1905.42,955.81,11432.51,5697.64,49.8
1709,Nov,Sharjah,Enterprise Software,6,338.05,155.51,2028.29,1095.26,54.0
1710,Oct,Dubai,Cloud Storage,4,352.25,166.07,1409.01,744.72,52.9
1711,Jul,Ajman,Enterprise Software,44,1115.63,650.08,49087.64,20484.31,41.7
1712,Sep,Ajman,CRM Platform,44,1996.32,1241.75,87837.99,33200.99,37.8
1713,Jan,Dubai,CRM Platform,40,542.33,329.66,21693.25,8507.02,39.2
1714,Dec,Dubai,CRM Platform,35,1549.4,714.36,54229.08,29226.41,53.9
1715,Jan,Riyadh,Security Package,39,1007.57,445.48,39295.37,21921.59,55.8
1716,Mar,Riyadh,Cloud Storage,5,860.69,372.96,4303.46,2438.64,56.7
1717,Jul,Sharjah,Enterprise Software,32,882.37,435.29,28235.86,14306.52,50.7
1718,Nov,Dubai,Analytics Suite,16,1697.11,1039.81,27153.72,10516.79,38.7
1719,May,Dubai,Analytics Suite,31,728.38,330.15,22579.81,12345.14,54.7
1720,Apr,Riyadh,CRM Platform,20,1872.4,1197.93,37447.92,13489.35,36.0
1721,Aug,Riyadh,Enterprise Software,40,1727.03,715.64,69081.33,40455.81,58.6
1722,Aug,Dubai,Security Package,22,737.03,314.56,16214.69,9294.4,57.3
1723,Jul,Sharjah,Cloud Storage,23,215.95,109.64,4966.96,2445.23,49.2
1724,Sep,Abu Dhabi,Enterprise Software,33,1817.32,913.53,59971.49,29825.04,49.7
1725,Mar,Ajman,Enterprise Software,50,1381.94,630.89,69097.01,37552.58,54.3
1726,May,Ajman,Analytics Suite,24,971.01,432.63,23304.35,12921.2,55.4
1727,Aug,Sharjah,Enterprise Software,43,1710.84,753.56,73566.27,41163.37,56.0
1728,Jan,Sharjah,CRM Platform,23,1790.44,1033.63,41180.06,17406.61,42.3
1729,May,Dubai,Cloud Storage,3,440.62,222.63,1321.87,653.98,49.5
1730,Mar,Sharjah,Enterprise Software,43,558.19,290.16,24001.97,11525.18,48.0
1731,Jul,Sharjah,Enterprise Software,32,1190.22,714.08,38087.12,15236.56,40.0
1732,Jul,Abu Dhabi,Analytics Suite,33,1506.79,882.19,49724.08,20611.96,41.5
1733,Feb,Ajman,Cloud Storage,7,1626.88,702.05,11388.18,6473.83,56.8
1734,Jan,Sharjah,Security Package,50,1431.99,591.43,71599.39,42028.13,58.7
1735,Oct,Sharjah,CRM Platform,48,214.45,111.53,10293.7,4940.48,48.0
1736,Feb,Sharjah,CRM Platform,49,972.11,538.94,47633.56,21225.36,44.6
1737,Apr,Riyadh,Cloud Storage,18,1580.11,973.41,28441.97,10920.53,38.4
1738,Apr,Abu Dhabi,CRM Platform,31,1471.63,886.64,45620.52,18134.7,39.8
1739,Mar,Riyadh,Security Package,13,1986.59,1088.25,25825.71,11678.41,45.2
1740,Feb,Abu Dhabi,Cloud Storage,9,922.31,432.07,8300.79,4412.16,53.2
1741,Jul,Abu Dhabi,Cloud Storage,2,1309.64,553.63,2619.28,1512.02,57.7
1742,Jul,Dubai,CRM Platform,34,751.6,419.64,25554.49,11286.72,44.2
1743,Jun,Abu Dhabi,Cloud Storage,28,1062.55,560.46,29751.44,14058.57,47.3
1744,Feb,Dubai,Analytics Suite,18,854.44,543.21,15379.87,5602.12,36.4
1745,Jun,Ajman,Cloud Storage,4,527.15,210.93,2108.61,1264.88,60.0
1746,May,Sharjah,Cloud Storage,31,704.29,388.51,21832.89,9789.2,44.8
1747,May,Ajman,Cloud Storage,32,854.45,406.79,27342.28,14324.92,52.4
1748,Nov,Dubai,Enterprise Software,36,1586.83,686.43,57126.04,32414.63,56.7
1749,Dec,Sharjah,Analytics Suite,50,1260.04,694.51,63002.0,28276.65,44.9
1750,Apr,Abu Dhabi,Analytics Suite,38,891.29,554.2,33868.98,12809.3,37.8
1751,Feb,Abu Dhabi,Security Package,3,1255.81,788.7,3767.43,1401.32,37.2
1752,Dec,Abu Dhabi,Cloud Storage,29,1865.9,781.29,54111.13,31453.73,58.1
1753,Jun,Riyadh,Security Package,20,1505.63,974.76,30112.62,10617.38,35.3
1754,Dec,Abu Dhabi,Security Package,10,278.86,124.91,2788.6,1539.51,55.2
1755,Sep,Riyadh,Analytics Suite,23,1810.84,927.37,41649.4,20319.89,48.8
1756,Feb,Dubai,CRM Platform,31,954.21,603.85,29580.43,10860.96,36.7
1757,Mar,Riyadh,Enterprise Software,39,693.47,445.12,27045.23,9685.66,35.8
1758,Oct,Sharjah,Enterprise Software,4,1629.9,934.67,6519.61,2780.93,42.7
1759,Nov,Ajman,CRM Platform,35,1766.46,1135.63,61826.11,22079.06,35.7
1760,Sep,Abu Dhabi,CRM Platform,25,1212.5,603.29,30312.44,15230.13,50.2
1761,Apr,Riyadh,Analytics Suite,12,206.48,112.11,2477.77,1132.4,45.7
1762,Sep,Riyadh,Enterprise Software,30,1106.87,642.15,33206.16,13941.78,42.0
1763,Apr,Sharjah,Analytics Suite,19,1474.86,793.53,28022.31,12945.25,46.2
1764,Jan,Abu Dhabi,Cloud Storage,35,628.79,257.66,22007.66,12989.52,59.0
1765,Mar,Abu Dhabi,Analytics Suite,18,1772.09,731.66,31897.6,18727.72,58.7
1766,Sep,Abu Dhabi,Cloud Storage,8,202.52,98.6,1620.16,831.36,51.3
1767,Jun,Riyadh,Analytics Suite,6,1903.57,1182.11,11421.42,4328.76,37.9
1768,Jul,Sharjah,Cloud Storage,40,730.81,472.33,29232.46,10339.07,35.4
1769,Apr,Dubai,Analytics Suite,47,1937.41,860.57,91058.24,50611.65,55.6
1770,Nov,Dubai,Security Package,50,1890.23,1031.72,94511.52,42925.69,45.4
1771,Nov,Ajman,Analytics Suite,41,1287.82,581.5,52800.42,28958.93,54.8
1772,Jun,Ajman,Cloud Storage,18,567.05,316.1,10206.96,4517.09,44.3
1773,Aug,Ajman,Cloud Storage,15,1513.66,769.66,22704.92,11160.02,49.2
1774,Feb,Abu Dhabi,CRM Platform,32,526.72,235.05,16855.18,9333.44,55.4
1775,Oct,Abu Dhabi,Cloud Storage,32,1898.04,844.82,60737.25,33703.0,55.5
1776,May,Sharjah,Enterprise Software,11,1793.46,1083.92,19728.01,7804.9,39.6
1777,Feb,Riyadh,Cloud Storage,10,329.69,152.09,3296.88,1775.98,53.9
1778,Dec,Ajman,Enterprise Software,34,447.12,262.74,15202.23,6269.23,41.2
1779,Feb,Dubai,Security Package,25,891.18,380.99,22279.57,12754.86,57.2
1780,Mar,Dubai,Enterprise Software,16,1586.21,740.62,25379.39,13529.39,53.3
1781,Jan,Riyadh,Enterprise Software,7,1176.27,711.13,8233.86,3255.97,39.5
1782,Mar,Dubai,Cloud Storage,31,1567.41,976.65,48589.68,18313.57,37.7
1783,Jun,Abu Dhabi,Analytics Suite,31,478.12,197.93,14821.84,8686.06,58.6
1784,Feb,Sharjah,Security Package,2,1684.86,717.25,3369.73,1935.22,57.4
1785,Sep,Sharjah,Enterprise Software,27,455.3,285.95,12293.18,4572.55,37.2
1786,Jul,Dubai,Cloud Storage,25,465.28,262.34,11631.94,5073.37,43.6
1787,Nov,Abu Dhabi,CRM Platform,46,1681.01,719.65,77326.59,44222.91,57.2
1788,Apr,Abu Dhabi,Enterprise Software,7,1921.64,904.04,13451.48,7123.18,53.0
1789,Jun,Dubai,Security Package,8,848.89,535.8,6791.11,2504.73,36.9
1790,Oct,Dubai,Enterprise Software,10,520.52,277.24,5205.22,2432.81,46.7
1791,Nov,Riyadh,Cloud Storage,28,470.4,266.63,13171.09,5705.47,43.3
1792,May,Sharjah,Security Package,23,1775.72,830.64,40841.65,21737.02,53.2
1793,May,Ajman,Analytics Suite,46,1637.63,978.02,75331.0,30342.27,40.3
1794,Jun,Abu Dhabi,Cloud Storage,10,903.08,524.09,9030.79,3789.9,42.0
1795,Feb,Ajman,Enterprise Software,37,969.42,563.89,35868.38,15004.57,41.8
1796,Jun,Abu Dhabi,Enterprise Software,9,527.37,261.71,4746.33,2390.94,50.4
1797,Jul,Sharjah,CRM Platform,31,1448.16,729.13,44892.88,22289.94,49.7
1798,Nov,Sharjah,Cloud Storage,16,889.73,478.08,14235.73,6586.38,46.3
1799,Aug,Riyadh,Security Package,35,1165.18,533.1,40781.39,22122.74,54.2
1800,Dec,Dubai,Security Package,27,1148.5,682.38,31009.57,12585.29,40.6
1801,Apr,Abu Dhabi,Enterprise Software,24,205.16,133.04,4923.82,1730.84,35.2
1802,Sep,Dubai,Analytics Suite,31,1923.71,1212.37,59634.96,22051.46,37.0
1803,Jun,Dubai,Analytics Suite,50,1674.22,793.03,83710.94,44059.22,52.6
1804,Jul,Abu Dhabi,Security Package,16,579.33,264.26,9269.24,5041.1,54.4
1805,Dec,Abu Dhabi,Enterprise Software,46,457.54,266.87,21046.74,8770.8,41.7
1806,Jan,Ajman,Analytics Suite,45,390.82,213.15,17586.8,7994.93,45.5
1807,Mar,Ajman,Security Package,2,464.4,202.16,928.79,524.47,56.5
1808,Jan,Abu Dhabi,Enterprise Software,37,1695.92,854.95,62749.13,31115.8,49.6
1809,Dec,Abu Dhabi,CRM Platform,9,1546.59,888.74,13919.34,5920.71,42.5
1810,Jul,Sharjah,CRM Platform,47,807.21,480.57,37938.71,15351.93,40.5
1811,Feb,Dubai,Analytics Suite,10,308.0,172.67,3080.01,1353.32,43.9
1812,Sep,Riyadh,Cloud Storage,11,219.56,133.53,2415.18,946.34,39.2
1813,Dec,Ajman,Security Package,17,1854.47,974.47,31526.0,14960.09,47.5
1814,Mar,Abu Dhabi,CRM Platform,18,1951.62,1035.09,35129.16,16497.52,47.0
1815,Jul,Abu Dhabi,Cloud Storage,40,300.79,149.82,12031.77,6039.07,50.2
1816,Feb,Riyadh,Security Package,45,1043.18,498.95,46943.32,24490.45,52.2
1817,Mar,Ajman,CRM Platform,4,1646.01,924.5,6584.04,2886.04,43.8
1818,Feb,Abu Dhabi,Analytics Suite,7,340.06,187.3,2380.39,1069.28,44.9
1819,Apr,Sharjah,Enterprise Software,19,492.97,210.31,9366.41,5370.55,57.3
1820,Jan,Abu Dhabi,Security Package,49,1837.44,821.22,90034.39,49794.79,55.3
1821,Apr,Abu Dhabi,Enterprise Software,18,353.07,191.55,6355.28,2907.34,45.7
1822,Aug,Dubai,Security Package,3,286.49,121.27,859.46,495.65,57.7
1823,Jun,Sharjah,Enterprise Software,49,708.32,353.83,34707.87,17370.11,50.0
1824,Jul,Abu Dhabi,Analytics Suite,47,840.51,363.42,39503.83,22423.2,56.8
1825,Jul,Dubai,Analytics Suite,48,1106.44,581.48,53109.17,25197.95,47.4
1826,Oct,Abu Dhabi,Enterprise Software,25,1058.52,653.32,26462.89,10129.91,38.3
1827,Mar,Dubai,Analytics Suite,10,1428.27,599.43,14282.73,8288.44,58.0
1828,Apr,Dubai,Cloud Storage,44,1377.6,815.82,60614.24,24718.1,40.8
1829,Sep,Abu Dhabi,Security Package,47,1295.73,687.8,60899.31,28572.63,46.9
1830,Mar,Sharjah,CRM Platform,22,723.51,402.18,15917.33,7069.4,44.4
1831,Dec,Ajman,Enterprise Software,50,1429.17,657.1,71458.61,38603.54,54.0
1832,Feb,Riyadh,Security Package,10,1220.42,791.57,12204.22,4288.55,35.1
1833,Mar,Dubai,Enterprise Software,50,1766.82,948.4,88341.17,40921.04,46.3
1834,Feb,Dubai,CRM Platform,30,764.69,484.44,22940.81,8407.49,36.6
1835,May,Abu Dhabi,Enterprise Software,37,853.99,360.65,31597.66,18253.74,57.8
1836,May,Abu Dhabi,CRM Platform,31,1961.27,1158.69,60799.39,24879.93,40.9
1837,Feb,Ajman,Cloud Storage,37,1078.87,529.58,39918.05,20323.56,50.9
1838,Jul,Sharjah,CRM Platform,40,1850.85,800.02,74034.09,42033.15,56.8
1839,Oct,Sharjah,Security Package,21,872.63,497.88,18325.22,7869.76,42.9
1840,May,Riyadh,CRM Platform,44,276.82,178.37,12179.91,4331.69,35.6
1841,Dec,Dubai,Cloud Storage,36,214.3,131.42,7714.7,2983.55,38.7
1842,Mar,Sharjah,CRM Platform,37,918.7,384.24,33992.08,19775.07,58.2
1843,Nov,Ajman,CRM Platform,6,828.09,428.22,4968.53,2399.19,48.3
1844,Feb,Riyadh,CRM Platform,6,524.49,224.0,3146.95,1802.93,57.3
1845,Apr,Ajman,CRM Platform,26,791.7,379.48,20584.13,10717.72,52.1
1846,Apr,Riyadh,CRM Platform,45,1534.31,657.58,69044.07,39453.05,57.1
1847,Sep,Ajman,Enterprise Software,10,1907.36,832.33,19073.61,10750.3,56.4
1848,Oct,Abu Dhabi,Analytics Suite,3,1978.06,1174.08,5934.18,2411.94,40.6
1849,Jul,Dubai,Analytics Suite,31,584.16,264.55,18108.88,9907.85,54.7
1850,May,Dubai,CRM Platform,17,1344.24,565.79,22852.03,13233.66,57.9
1851,Jul,Dubai,Analytics Suite,6,737.01,426.03,4422.04,1865.87,42.2
1852,Apr,Ajman,Security Package,43,1807.53,806.19,77723.88,43057.51,55.4
1853,Jul,Dubai,Enterprise Software,22,1934.06,917.18,42549.28,22371.3,52.6
1854,Jul,Abu Dhabi,Analytics Suite,31,1055.9,604.19,32732.87,14002.87,42.8
1855,Jun,Abu Dhabi,CRM Platform,45,1226.57,743.0,55195.67,21760.67,39.4
1856,Apr,Riyadh,Security Package,5,1500.9,817.43,7504.51,3417.39,45.5
1857,Nov,Abu Dhabi,Analytics Suite,47,1537.11,897.95,72243.95,30040.49,41.6
1858,Mar,Sharjah,Enterprise Software,30,1880.87,987.2,56426.25,26810.29,47.5
1859,Nov,Sharjah,Enterprise Software,27,673.04,390.75,18172.21,7621.94,41.9
1860,Nov,Ajman,Cloud Storage,29,1350.05,735.23,39151.44,17829.79,45.5
1861,Dec,Dubai,Cloud Storage,13,956.32,513.08,12432.12,5762.02,46.3
1862,Jul,Abu Dhabi,Security Package,14,826.55,527.42,11571.76,4187.89,36.2
1863,Jun,Riyadh,Enterprise Software,24,229.14,143.02,5499.46,2066.9,37.6
1864,Dec,Riyadh,Enterprise Software,32,1368.04,703.17,43777.31,21275.8,48.6
1865,Jun,Ajman,Analytics Suite,35,966.53,621.98,33828.5,12059.27,35.6
1866,Mar,Sharjah,Enterprise Software,30,971.09,431.38,29132.72,16191.27,55.6
1867,Sep,Riyadh,Cloud Storage,28,886.81,542.09,24830.79,9652.4,38.9
1868,Dec,Ajman,Analytics Suite,40,1888.22,1182.92,75528.91,28212.26,37.4
1869,Feb,Dubai,Enterprise Software,6,1369.32,758.69,8215.95,3663.78,44.6
1870,Aug,Ajman,Enterprise Software,48,1553.11,981.26,74549.19,27448.47,36.8
1871,Sep,Dubai,CRM Platform,38,1650.57,935.75,62721.55,27162.98,43.3
1872,Apr,Ajman,Cloud Storage,50,1018.33,504.35,50916.69,25699.18,50.5
1873,Feb,Abu Dhabi,CRM Platform,23,1941.71,1220.38,44659.31,16590.61,37.1
1874,Jan,Ajman,CRM Platform,24,1607.95,847.21,38590.87,18257.72,47.3
1875,May,Sharjah,Analytics Suite,27,1411.94,566.24,38122.42,22833.83,59.9
1876,Jan,Ajman,Enterprise Software,2,476.08,234.99,952.15,482.17,50.6
1877,Jun,Riyadh,Security Package,22,506.74,275.18,11148.27,5094.24,45.7
1878,Sep,Ajman,Cloud Storage,26,546.79,306.81,14216.51,6239.5,43.9
1879,Jul,Dubai,Security Package,9,1890.91,940.92,17018.15,8549.87,50.2
1880,Jun,Abu Dhabi,CRM Platform,34,485.2,222.1,16496.75,8945.49,54.2
1881,Feb,Abu Dhabi,Security Package,41,1238.48,616.77,50777.71,25490.26,50.2
1882,Mar,Sharjah,Security Package,21,566.77,239.92,11902.23,6863.82,57.7
1883,Nov,Ajman,Enterprise Software,50,1267.92,515.99,63395.94,37596.67,59.3
1884,Oct,Riyadh,Enterprise Software,25,245.52,143.27,6138.04,2556.24,41.6
1885,Mar,Ajman,Analytics Suite,16,1374.54,626.02,21992.65,11976.35,54.5
1886,Apr,Abu Dhabi,Security Package,47,1604.05,956.84,75390.45,30419.14,40.3
1887,May,Sharjah,Enterprise Software,6,1882.96,1048.54,11297.74,5006.49,44.3
1888,Feb,Riyadh,Enterprise Software,30,1868.96,804.91,56068.75,31921.56,56.9
1889,May,Abu Dhabi,Analytics Suite,12,367.0,192.15,4403.99,2098.23,47.6
1890,Jul,Sharjah,Cloud Storage,7,1083.87,439.5,7587.07,4510.59,59.5
1891,Nov,Dubai,CRM Platform,5,578.53,292.15,2892.66,1431.94,49.5
1892,Mar,Sharjah,CRM Platform,12,737.76,461.77,8853.11,3311.86,37.4
1893,Jan,Riyadh,Security Package,8,1956.65,1268.76,15653.19,5503.11,35.2
1894,Oct,Ajman,Security Package,35,209.03,110.88,7315.92,3435.28,47.0
1895,Apr,Sharjah,Enterprise Software,39,253.2,102.74,9874.78,5867.99,59.4
1896,Apr,Riyadh,Cloud Storage,24,406.62,184.7,9758.86,5326.0,54.6
1897,Apr,Sharjah,Cloud Storage,6,1509.94,958.75,9059.63,3307.11,36.5
1898,Aug,Sharjah,Analytics Suite,13,1915.81,933.27,24905.57,12773.11,51.3
1899,Aug,Riyadh,Analytics Suite,48,1656.22,843.04,79498.61,39032.59,49.1
1900,May,Ajman,Cloud Storage,12,556.18,340.11,6674.13,2592.84,38.8
1901,Feb,Sharjah,CRM Platform,38,1627.68,890.17,61851.68,28025.32,45.3
1902,Dec,Abu Dhabi,Cloud Storage,32,980.25,501.44,31367.97,15322.02,48.8
1903,Jun,Riyadh,Analytics Suite,40,393.61,195.13,15744.26,7938.86,50.4
1904,Jun,Abu Dhabi,Security Package,24,1816.21,1098.51,43589.05,17224.85,39.5
1905,Jan,Ajman,Cloud Storage,33,655.51,329.36,21631.98,10762.95,49.8
1906,Jun,Riyadh,Security Package,26,253.89,112.98,6601.19,3663.82,55.5
1907,Mar,Sharjah,CRM Platform,23,641.57,291.14,14756.17,8059.88,54.6
1908,Mar,Sharjah,Analytics Suite,50,766.02,308.25,38300.76,22888.22,59.8
1909,Apr,Dubai,Analytics Suite,30,1221.44,586.77,36643.34,19040.23,52.0
1910,Feb,Abu Dhabi,Security Package,25,710.51,321.89,17762.64,9715.39,54.7
1911,Sep,Abu Dhabi,Enterprise Software,18,1489.28,948.03,26807.01,9742.53,36.3
1912,Nov,Dubai,Security Package,27,1427.84,726.49,38551.61,18936.5,49.1
1913,Apr,Sharjah,Cloud Storage,4,1644.91,863.02,6579.62,3127.54,47.5
1914,Feb,Sharjah,CRM Platform,8,1015.01,558.62,8120.11,3651.14,45.0
1915,Apr,Riyadh,CRM Platform,37,238.28,96.38,8816.5,5250.58,59.6
1916,Aug,Riyadh,Enterprise Software,19,435.9,279.73,8282.19,2967.4,35.8
1917,Sep,Dubai,Security Package,3,807.3,326.2,2421.91,1443.29,59.6
1918,Jul,Ajman,Enterprise Software,47,741.8,355.54,34864.45,18154.01,52.1
1919,Feb,Sharjah,CRM Platform,36,1594.3,834.55,57394.95,27351.3,47.7
1920,May,Dubai,CRM Platform,45,1971.14,1031.57,88701.31,42280.89,47.7
1921,Oct,Dubai,Analytics Suite,7,252.72,104.11,1769.03,1040.26,58.8
1922,Feb,Dubai,Cloud Storage,21,1750.5,1017.15,36760.5,15400.32,41.9
1923,Feb,Abu Dhabi,Cloud Storage,13,1503.39,906.65,19544.13,7757.64,39.7
1924,Dec,Riyadh,Enterprise Software,4,667.44,397.95,2669.75,1077.95,40.4
1925,May,Dubai,Enterprise Software,5,674.71,385.92,3373.54,1443.94,42.8
1926,Dec,Ajman,Analytics Suite,11,1864.75,1017.9,20512.2,9315.34,45.4
1927,Jun,Dubai,Cloud Storage,10,1555.46,967.42,15554.63,5880.43,37.8
1928,Nov,Ajman,CRM Platform,8,1139.17,524.17,9113.4,4920.04,54.0
1929,May,Ajman,CRM Platform,21,1590.76,828.27,33405.94,16012.25,47.9
1930,May,Dubai,Analytics Suite,46,349.03,188.35,16055.37,7391.43,46.0
1931,Dec,Abu Dhabi,Cloud Storage,5,335.26,175.56,1676.3,798.5,47.6
1932,Nov,Abu Dhabi,Enterprise Software,14,1042.67,517.44,14597.39,7353.22,50.4
1933,Jun,Ajman,Enterprise Software,14,1665.19,983.13,23312.68,9548.86,41.0
1934,May,Riyadh,Analytics Suite,46,1017.24,446.06,46793.02,26274.29,56.2
1935,Mar,Riyadh,Enterprise Software,15,1850.06,918.36,27750.83,13975.48,50.4
1936,Sep,Ajman,Security Package,13,1604.04,716.99,20852.49,11531.67,55.3
1937,Mar,Sharjah,CRM Platform,44,752.86,464.86,33126.02,12672.1,38.3
1938,Aug,Dubai,Cloud Storage,7,1541.05,709.1,10787.33,5823.64,54.0
1939,May,Ajman,Cloud Storage,2,1057.23,563.21,2114.47,988.04,46.7
1940,Feb,Sharjah,Analytics Suite,36,351.32,178.42,12647.53,6224.25,49.2
1941,Sep,Abu Dhabi,CRM Platform,28,1114.27,460.52,31199.51,18305.09,58.7
1942,Feb,Sharjah,Analytics Suite,4,1367.52,797.26,5470.08,2281.02,41.7
1943,May,Ajman,Cloud Storage,13,924.85,507.29,12023.0,5428.23,45.1
1944,Aug,Riyadh,Security Package,34,980.42,559.12,33334.2,14324.03,43.0
1945,Apr,Abu Dhabi,Enterprise Software,8,295.65,120.9,2365.18,1398.01,59.1
1946,Feb,Sharjah,Cloud Storage,35,381.86,174.36,13365.02,7262.33,54.3
1947,Jul,Riyadh,CRM Platform,26,382.35,223.09,9941.04,4140.63,41.7
1948,Apr,Sharjah,CRM Platform,11,1614.31,786.02,17757.41,9111.18,51.3
1949,May,Sharjah,Security Package,47,205.59,91.75,9662.84,5350.61,55.4
1950,Dec,Riyadh,CRM Platform,20,1734.62,992.17,34692.3,14848.86,42.8
1951,Nov,Abu Dhabi,Analytics Suite,5,499.96,241.5,2499.81,1292.3,51.7
1952,Jan,Ajman,Cloud Storage,43,1054.28,509.76,45334.09,23414.45,51.6
1953,Feb,Abu Dhabi,Analytics Suite,11,1422.57,872.42,15648.22,6051.6,38.7
1954,Aug,Riyadh,Analytics Suite,38,201.81,124.78,7668.84,2927.16,38.2
1955,Jan,Ajman,Enterprise Software,2,1221.08,790.78,2442.16,860.61,35.2
1956,Sep,Abu Dhabi,Security Package,11,1558.99,925.75,17148.85,6965.62,40.6
1957,Dec,Dubai,Analytics Suite,22,1014.71,592.29,22323.61,9293.23,41.6
1958,Nov,Riyadh,Analytics Suite,32,656.37,337.82,21003.72,10193.36,48.5
1959,Dec,Sharjah,Analytics Suite,22,1804.47,1071.19,39698.35,16132.16,40.6
1960,Feb,Riyadh,CRM Platform,18,1434.41,834.9,25819.41,10791.12,41.8
1961,Jul,Dubai,Cloud Storage,15,1386.86,603.85,20802.91,11745.15,56.5
1962,Apr,Ajman,Enterprise Software,37,1533.82,986.74,56751.43,20241.95,35.7
1963,Dec,Sharjah,Cloud Storage,6,548.92,350.59,3293.49,1189.93,36.1
1964,Nov,Dubai,Analytics Suite,44,1180.85,741.69,51957.38,19323.07,37.2
1965,May,Riyadh,Cloud Storage,44,827.92,399.72,36428.53,18840.87,51.7
1966,May,Riyadh,CRM Platform,20,543.03,295.89,10860.62,4942.89,45.5
1967,Feb,Sharjah,Security Package,28,1631.6,883.78,45684.78,20938.91,45.8
1968,Feb,Sharjah,Analytics Suite,1,1098.07,627.42,1098.07,470.65,42.9
1969,Sep,Ajman,Cloud Storage,19,1322.83,748.83,25133.79,10906.05,43.4
1970,May,Sharjah,CRM Platform,5,1639.61,662.24,8198.07,4886.88,59.6
1971,May,Dubai,Cloud Storage,38,422.18,220.42,16043.01,7667.09,47.8
1972,Jun,Dubai,CRM Platform,43,1701.4,701.79,73160.12,42983.36,58.8
1973,May,Abu Dhabi,Analytics Suite,33,1397.59,827.68,46120.36,18806.9,40.8
1974,Dec,Abu Dhabi,Enterprise Software,18,456.76,266.41,8221.67,3426.27,41.7
1975,Feb,Ajman,Security Package,19,593.94,307.84,11284.94,5436.02,48.2
1976,Nov,Sharjah,Cloud Storage,41,895.23,447.42,36704.57,18360.42,50.0
1977,May,Dubai,Analytics Suite,39,759.32,410.78,29613.65,13593.35,45.9
1978,Mar,Sharjah,Security Package,44,1581.79,731.59,69598.7,37408.95,53.7
1979,Apr,Ajman,Security Package,20,748.99,355.27,14979.86,7874.41,52.6
1980,Mar,Ajman,Security Package,25,1608.33,978.61,40208.26,15743.02,39.2
1981,Sep,Dubai,Cloud Storage,29,1449.44,762.34,42033.76,19925.95,47.4
1982,Jun,Sharjah,CRM Platform,28,1039.79,665.84,29114.25,10470.6,36.0
1983,Sep,Ajman,Enterprise Software,2,1923.49,971.8,3846.97,1903.37,49.5
1984,May,Abu Dhabi,Security Package,16,1244.58,613.92,19913.29,10090.5,50.7
1985,Oct,Riyadh,Security Package,19,296.36,181.16,5630.93,2188.87,38.9
1986,Nov,Abu Dhabi,CRM Platform,1,1033.05,610.28,1033.05,422.78,40.9
1987,Jan,Riyadh,CRM Platform,6,298.45,181.3,1790.68,702.89,39.3
1988,Oct,Dubai,Analytics Suite,7,1679.49,909.21,11756.45,5391.97,45.9
1989,Feb,Sharjah,Enterprise Software,48,1252.31,660.85,60110.95,28390.09,47.2
1990,Sep,Dubai,Cloud Storage,10,1211.69,777.69,12116.89,4340.03,35.8
1991,Nov,Abu Dhabi,Cloud Storage,41,1734.06,824.07,71096.47,37309.79,52.5
1992,Aug,Sharjah,Enterprise Software,40,1437.99,616.44,57519.78,32862.36,57.1
1993,Oct,Dubai,Cloud Storage,8,1135.68,524.46,9085.44,4889.77,53.8
1994,Jan,Dubai,CRM Platform,33,998.87,413.44,32962.66,19318.98,58.6
1995,Jul,Dubai,Analytics Suite,31,1968.85,1191.29,61034.45,24104.47,39.5
1996,Oct,Riyadh,Analytics Suite,44,990.43,559.14,43579.08,18976.96,43.5
1997,Mar,Dubai,CRM Platform,41,238.98,104.06,9798.35,5531.94,56.5
1998,Sep,Abu Dhabi,Cloud Storage,48,1459.33,656.83,70047.92,38520.21,55.0
1999,May,Ajman,Analytics Suite,43,380.04,207.95,16341.52,7399.59,45.3
2000,Jul,Sharjah,Analytics Suite,25,1455.77,621.37,36394.37,20860.02,57.3
2001,Mar,Ajman,CRM Platform,2,710.16,305.39,1420.32,809.54,57.0
2002,Oct,Ajman,Enterprise Software,20,261.35,147.04,5227.01,2286.26,43.7
2003,Jan,Riyadh,CRM Platform,23,1933.03,999.33,44459.78,21475.1,48.3
2004,Jan,Ajman,Analytics Suite,11,843.95,518.15,9283.4,3583.77,38.6
2005,Jun,Riyadh,Cloud Storage,46,1145.1,604.91,52674.61,24848.65,47.2
2006,Jun,Abu Dhabi,Cloud Storage,42,1494.58,724.6,62772.21,32338.81,51.5
2007,Nov,Abu Dhabi,Analytics Suite,20,1862.26,776.66,37245.17,21711.98,58.3
2008,Aug,Ajman,CRM Platform,39,1386.15,754.08,54059.82,24650.75,45.6
2009,May,Riyadh,Security Package,9,1455.98,796.73,13103.85,5933.25,45.3
2010,Oct,Riyadh,Analytics Suite,40,1693.8,706.13,67751.81,39506.59,58.3
2011,Apr,Dubai,Cloud Storage,7,1397.47,733.47,9782.29,4647.97,47.5
2012,Apr,Ajman,Analytics Suite,50,1655.4,965.37,82769.99,34501.7,41.7
2013,Mar,Abu Dhabi,Enterprise Software,47,1806.45,1063.92,84903.2,34899.17,41.1
2014,Jan,Ajman,Enterprise Software,40,650.87,266.44,26034.84,15377.36,59.1
2015,Jun,Dubai,CRM Platform,39,1336.33,544.37,52116.84,30886.27,59.3
2016,Feb,Abu Dhabi,Analytics Suite,45,1009.12,437.25,45410.28,25733.82,56.7
2017,Apr,Riyadh,Security Package,13,654.49,333.38,8508.38,4174.39,49.1
2018,Apr,Sharjah,Cloud Storage,48,491.76,296.76,23604.54,9360.16,39.7
2019,Oct,Abu Dhabi,Enterprise Software,2,1332.41,755.69,2664.82,1153.43,43.3
2020,Mar,Abu Dhabi,Enterprise Software,1,847.21,425.31,847.21,421.9,49.8
2021,Jun,Riyadh,Enterprise Software,12,1428.25,913.27,17139.0,6179.71,36.1
2022,Apr,Riyadh,CRM Platform,14,1226.67,635.94,17173.33,8270.1,48.2
2023,Oct,Sharjah,Analytics Suite,36,1736.16,1042.39,62501.72,24975.75,40.0
2024,Nov,Ajman,CRM Platform,25,1773.16,961.56,44328.96,20289.89,45.8
2025,May,Abu Dhabi,Security Package,7,412.27,188.67,2885.89,1565.18,54.2
2026,Jun,Riyadh,Security Package,2,603.24,383.15,1206.48,440.18,36.5
2027,Dec,Sharjah,CRM Platform,23,322.32,199.15,7413.25,2832.84,38.2
2028,Sep,Sharjah,Enterprise Software,37,634.52,335.94,23477.13,11047.4,47.1
2029,May,Riyadh,Security Package,26,1313.56,704.71,34152.58,15830.22,46.4
2030,Aug,Dubai,Security Package,17,1375.82,561.43,23388.9,13844.62,59.2
2031,Apr,Ajman,Analytics Suite,22,1798.45,746.08,39565.91,23152.07,58.5
2032,Dec,Abu Dhabi,Security Package,22,1863.51,1054.44,40997.3,17799.63,43.4
2033,Aug,Dubai,Cloud Storage,5,1650.19,892.69,8250.96,3787.49,45.9
2034,Jun,Riyadh,Enterprise Software,5,1909.83,1049.52,9549.17,4301.55,45.0
2035,Sep,Riyadh,Enterprise Software,31,1903.88,890.31,59020.32,31420.82,53.2
2036,Jan,Dubai,Enterprise Software,32,1113.69,626.54,35638.01,15588.63,43.7
2037,May,Ajman,CRM Platform,15,238.6,98.74,3578.97,2097.85,58.6
2038,Oct,Abu Dhabi,Security Package,25,1427.49,834.34,35687.35,14828.78,41.6
2039,Jan,Riyadh,CRM Platform,25,1578.23,905.68,39455.67,16813.63,42.6
2040,Sep,Ajman,CRM Platform,9,408.05,175.26,3672.45,2095.14,57.1
2041,Jun,Riyadh,Analytics Suite,13,817.63,514.71,10629.14,3937.91,37.0
2042,Feb,Abu Dhabi,Cloud Storage,38,218.09,109.76,8287.4,4116.63,49.7
2043,Jan,Riyadh,Security Package,1,1771.86,819.45,1771.86,952.41,53.8
2044,Jan,Dubai,Enterprise Software,9,989.4,465.66,8904.61,4713.66,52.9
2045,Oct,Sharjah,Analytics Suite,42,1802.76,1170.94,75716.11,26536.81,35.0
2046,Jul,Abu Dhabi,Security Package,31,1383.65,780.58,42893.12,18695.07,43.6
2047,Sep,Dubai,Analytics Suite,14,1090.87,636.86,15272.22,6356.23,41.6
2048,Aug,Sharjah,Cloud Storage,46,744.89,366.29,34265.13,17415.82,50.8
2049,Nov,Riyadh,Analytics Suite,16,1148.32,536.13,18373.11,9795.0,53.3
2050,Feb,Riyadh,Security Package,4,823.94,414.2,3295.78,1638.96,49.7
2051,May,Riyadh,CRM Platform,6,566.4,245.98,3398.39,1922.53,56.6
2052,May,Riyadh,Cloud Storage,48,1195.34,514.82,57376.23,32665.03,56.9
2053,Apr,Abu Dhabi,Enterprise Software,45,992.5,586.61,44662.47,18264.81,40.9
2054,Aug,Dubai,Enterprise Software,3,686.54,375.58,2059.61,932.88,45.3
2055,Jan,Sharjah,Enterprise Software,18,1738.23,862.14,31288.21,15769.75,50.4
2056,Jul,Dubai,CRM Platform,29,279.95,126.38,8118.49,4453.54,54.9
2057,Sep,Abu Dhabi,CRM Platform,4,1388.72,566.36,5554.9,3289.46,59.2
2058,Oct,Sharjah,Enterprise Software,49,1807.7,1140.07,88577.54,32713.93,36.9
2059,Apr,Sharjah,Security Package,49,249.22,144.91,12211.84,5111.31,41.9
2060,Jul,Riyadh,CRM Platform,47,1871.42,1100.58,87956.72,36229.36,41.2
2061,Jul,Dubai,Security Package,47,1878.45,886.36,88287.19,46628.47,52.8
2062,Jul,Riyadh,CRM Platform,37,1494.6,885.18,55300.07,22548.43,40.8
2063,Jul,Sharjah,Cloud Storage,30,1542.14,973.35,46264.23,17063.85,36.9
2064,May,Abu Dhabi,Enterprise Software,44,1911.74,805.58,84116.6,48671.2,57.9
2065,May,Abu Dhabi,Security Package,22,1227.95,503.03,27014.87,15948.19,59.0
2066,May,Sharjah,Analytics Suite,43,650.92,366.64,27989.73,12224.3,43.7
2067,Feb,Riyadh,Enterprise Software,20,1223.19,587.44,24463.88,12715.17,52.0
2068,Aug,Sharjah,Cloud Storage,30,231.08,92.94,6932.4,4144.07,59.8
2069,Aug,Dubai,Analytics Suite,41,1719.79,781.57,70511.21,38466.64,54.6
2070,Feb,Dubai,Security Package,18,1814.68,976.05,32664.23,15095.39,46.2
2071,Mar,Dubai,CRM Platform,17,1578.76,740.49,26838.89,14250.48,53.1
2072,Apr,Ajman,Cloud Storage,41,514.09,317.61,21077.75,8055.71,38.2
2073,Feb,Dubai,Cloud Storage,42,269.3,153.8,11310.73,4851.06,42.9
2074,Jun,Ajman,Security Package,3,1196.13,546.62,3588.4,1948.54,54.3
2075,Jan,Sharjah,Analytics Suite,44,1720.88,1053.78,75718.53,29352.15,38.8
2076,Oct,Riyadh,Enterprise Software,16,829.51,347.87,13272.21,7706.25,58.1
2077,Sep,Ajman,Enterprise Software,5,626.56,301.66,3132.81,1624.53,51.9
2078,Feb,Sharjah,CRM Platform,42,967.66,455.54,40641.53,21508.67,52.9
2079,Oct,Dubai,Analytics Suite,24,802.97,403.12,19271.39,9596.49,49.8
2080,May,Sharjah,CRM Platform,40,256.08,126.01,10243.33,5202.84,50.8
2081,Oct,Sharjah,Cloud Storage,2,391.22,177.17,782.44,428.09,54.7
2082,Dec,Sharjah,Security Package,50,1535.68,915.06,76783.91,31030.93,40.4
2083,Jul,Sharjah,Cloud Storage,38,258.68,150.44,9829.81,4113.14,41.8
2084,Feb,Ajman,Enterprise Software,15,1217.72,790.85,18265.86,6403.04,35.1
2085,Sep,Riyadh,CRM Platform,47,418.24,259.15,19657.1,7477.17,38.0
2086,Aug,Dubai,Security Package,43,1144.01,583.73,49192.28,24091.71,49.0
2087,Oct,Sharjah,Cloud Storage,19,1839.93,887.16,34958.58,18102.56,51.8
2088,Aug,Sharjah,Cloud Storage,21,1546.74,663.33,32481.52,18551.68,57.1
2089,Dec,Abu Dhabi,CRM Platform,27,851.39,415.47,22987.42,11769.65,51.2
2090,Jun,Riyadh,Enterprise Software,42,1071.48,490.29,45002.08,24409.69,54.2
2091,Oct,Ajman,Cloud Storage,9,1866.29,860.8,16796.61,9049.41,53.9
2092,Nov,Ajman,Security Package,9,1289.98,772.65,11609.84,4655.96,40.1
2093,Feb,Sharjah,Analytics Suite,6,935.31,492.21,5611.83,2658.57,47.4
2094,Aug,Abu Dhabi,Security Package,41,1786.59,803.12,73250.36,40322.42,55.0
2095,Jan,Abu Dhabi,CRM Platform,11,417.42,194.45,4591.62,2452.64,53.4
2096,Dec,Riyadh,CRM Platform,7,427.52,174.65,2992.61,1770.07,59.1
2097,Dec,Ajman,Enterprise Software,11,1981.88,858.34,21800.68,12358.93,56.7
2098,Jul,Riyadh,CRM Platform,23,429.42,246.58,9876.55,4205.12,42.6
2099,Feb,Abu Dhabi,Analytics Suite,22,1815.37,1133.86,39938.08,14993.22,37.5
2100,Oct,Riyadh,Security Package,7,1989.44,818.28,13926.09,8198.16,58.9
2101,Jul,Sharjah,CRM Platform,41,1009.56,614.52,41391.82,16196.57,39.1
2102,Dec,Sharjah,CRM Platform,9,1520.2,883.12,13681.78,5733.67,41.9
2103,Feb,Riyadh,Security Package,10,1812.08,993.72,18120.79,8183.56,45.2
2104,Jul,Sharjah,CRM Platform,21,989.46,521.61,20778.59,9824.81,47.3
2105,Feb,Riyadh,Analytics Suite,15,735.23,356.79,11028.41,5676.55,51.5
2106,Sep,Riyadh,Security Package,38,1114.81,704.57,42362.79,15589.04,36.8
2107,Jul,Sharjah,Analytics Suite,21,1563.14,997.88,32825.95,11870.57,36.2
2108,Jul,Dubai,Cloud Storage,34,700.86,434.46,23829.28,9057.61,38.0
2109,Jun,Sharjah,Enterprise Software,19,498.07,235.07,9463.26,4996.97,52.8
2110,Apr,Ajman,CRM Platform,11,719.26,452.72,7911.88,2931.96,37.1
2111,Apr,Riyadh,Enterprise Software,43,701.53,297.45,30165.86,17375.72,57.6
2112,Mar,Riyadh,Security Package,2,1277.1,523.53,2554.21,1507.15,59.0
2113,Apr,Riyadh,Security Package,1,1079.06,653.48,1079.06,425.58,39.4
2114,May,Sharjah,Cloud Storage,37,967.7,494.7,35805.07,17501.3,48.9
2115,May,Abu Dhabi,CRM Platform,8,1489.25,937.92,11914.01,4410.62,37.0
2116,Jul,Dubai,CRM Platform,32,673.5,414.96,21552.06,8273.28,38.4
2117,Jun,Sharjah,Enterprise Software,6,1539.7,701.5,9238.2,5029.18,54.4
2118,Mar,Dubai,Analytics Suite,33,803.61,412.54,26519.03,12905.06,48.7
2119,Dec,Riyadh,Enterprise Software,45,766.66,483.9,34499.6,12724.06,36.9
2120,Dec,Ajman,Enterprise Software,34,771.55,470.92,26232.66,10221.35,39.0
2121,Apr,Dubai,Enterprise Software,9,1255.42,775.88,11298.76,4315.8,38.2
2122,May,Abu Dhabi,Cloud Storage,31,472.58,285.19,14649.97,5809.19,39.7
2123,Mar,Ajman,Analytics Suite,13,1342.59,566.81,17453.68,10085.12,57.8
2124,Jan,Riyadh,Cloud Storage,28,321.07,173.2,8989.97,4140.47,46.1
2125,Jan,Abu Dhabi,Cloud Storage,27,1438.37,795.91,38835.91,17346.27,44.7
2126,Nov,Riyadh,Cloud Storage,23,1071.62,604.65,24647.25,10740.4,43.6
2127,Apr,Abu Dhabi,Analytics Suite,19,1402.36,732.81,26644.77,12721.4,47.7
2128,Jun,Ajman,Security Package,35,1065.73,452.01,37300.42,21480.07,57.6
2129,Jul,Dubai,Analytics Suite,29,785.71,444.4,22785.73,9898.02,43.4
2130,Aug,Dubai,Cloud Storage,21,1389.1,676.35,29171.17,14967.88,51.3
2131,Aug,Ajman,Cloud Storage,32,1281.91,733.0,41020.99,17564.96,42.8
2132,May,Dubai,Analytics Suite,33,587.19,359.8,19377.31,7503.92,38.7
2133,Sep,Ajman,Enterprise Software,50,781.75,444.62,39087.28,16856.5,43.1
2134,Aug,Ajman,CRM Platform,28,917.62,576.35,25693.45,9555.59,37.2
2135,Dec,Sharjah,CRM Platform,15,811.71,490.79,12175.72,4813.9,39.5
2136,Jul,Sharjah,CRM Platform,15,1230.51,543.43,18457.65,10306.13,55.8
2137,Oct,Abu Dhabi,Enterprise Software,40,793.43,437.37,31737.26,14242.4,44.9
2138,Jul,Dubai,Enterprise Software,6,1604.78,775.63,9628.68,4974.93,51.7
2139,Feb,Sharjah,Security Package,42,288.59,130.62,12120.67,6634.66,54.7
2140,Mar,Riyadh,Cloud Storage,35,911.95,528.43,31918.16,13423.02,42.1
2141,Jun,Sharjah,Cloud Storage,22,944.11,508.16,20770.45,9591.01,46.2
2142,Jan,Abu Dhabi,Enterprise Software,2,1559.22,828.94,3118.44,1460.56,46.8
2143,Aug,Riyadh,CRM Platform,3,482.5,229.37,1447.51,759.41,52.5
2144,Jan,Abu Dhabi,Cloud Storage,18,1549.85,934.94,27897.26,11068.27,39.7
2145,Mar,Ajman,CRM Platform,48,1777.92,1094.3,85340.11,32813.62,38.5
2146,Sep,Dubai,Enterprise Software,47,1466.28,855.08,68915.19,28726.63,41.7
2147,Dec,Dubai,Enterprise Software,35,1288.77,564.43,45106.93,25351.81,56.2
2148,Apr,Riyadh,CRM Platform,39,1746.75,1041.4,68123.07,27508.58,40.4
2149,Dec,Ajman,Security Package,2,743.88,382.89,1487.75,721.97,48.5
2150,Nov,Dubai,Analytics Suite,37,1048.52,495.75,38795.26,20452.49,52.7
2151,Jul,Dubai,Cloud Storage,36,701.4,330.44,25250.55,13354.87,52.9
2152,Apr,Riyadh,Security Package,25,230.98,121.09,5774.56,2747.2,47.6
2153,Sep,Ajman,Analytics Suite,46,394.95,180.1,18167.6,9882.9,54.4
2154,Apr,Dubai,CRM Platform,29,865.68,468.15,25104.69,11528.37,45.9
2155,Mar,Sharjah,Analytics Suite,41,1956.47,829.25,80215.33,46216.28,57.6
2156,Aug,Abu Dhabi,Cloud Storage,38,649.94,282.94,24697.88,13946.09,56.5
2157,Sep,Riyadh,CRM Platform,47,1711.37,1009.96,80434.39,32966.41,41.0
2158,May,Dubai,CRM Platform,27,760.62,368.49,20536.71,10587.35,51.6
2159,Jun,Abu Dhabi,Enterprise Software,45,1217.56,610.77,54790.3,27305.65,49.8
2160,Dec,Dubai,Analytics Suite,14,1559.07,933.37,21826.96,8759.73,40.1
2161,Jun,Riyadh,CRM Platform,42,624.33,321.74,26221.89,12708.62,48.5
2162,Sep,Ajman,Security Package,48,1986.96,835.24,95374.06,55282.76,58.0
2163,Dec,Dubai,CRM Platform,5,876.23,516.3,4381.17,1799.69,41.1
2164,Dec,Abu Dhabi,Security Package,8,499.15,254.27,3993.24,1959.08,49.1
2165,Jul,Dubai,Enterprise Software,32,507.3,304.78,16233.59,6480.64,39.9
2166,Dec,Ajman,Cloud Storage,36,952.67,383.27,34295.95,20498.19,59.8
2167,May,Dubai,CRM Platform,47,1859.55,1058.4,87398.68,37653.9,43.1
2168,Oct,Riyadh,Analytics Suite,24,1214.86,536.34,29156.61,16284.36,55.9
2169,Nov,Sharjah,Security Package,14,1645.06,1049.55,23030.91,8337.21,36.2
2170,Oct,Sharjah,Security Package,17,1049.8,475.2,17846.57,9768.24,54.7
2171,Mar,Sharjah,Cloud Storage,34,1487.15,771.04,50562.98,24347.71,48.2
2172,Mar,Sharjah,CRM Platform,10,1046.89,678.73,10468.88,3681.62,35.2
2173,Dec,Dubai,Analytics Suite,13,558.68,236.58,7262.86,4187.32,57.7
2174,Feb,Ajman,Analytics Suite,4,1324.95,726.89,5299.8,2392.26,45.1
2175,Nov,Dubai,Analytics Suite,36,1790.02,870.38,64440.64,33107.06,51.4
2176,May,Dubai,Cloud Storage,19,1677.36,1034.97,31869.8,12205.39,38.3
2177,Jun,Riyadh,Analytics Suite,40,1580.58,1001.42,63223.2,23166.43,36.6
2178,Nov,Riyadh,Security Package,43,564.66,309.52,24280.32,10970.83,45.2
2179,May,Dubai,Cloud Storage,12,673.29,286.54,8079.45,4640.99,57.4
2180,Nov,Riyadh,Security Package,50,889.3,483.7,44465.19,20279.95,45.6
2181,May,Riyadh,Security Package,48,1768.41,1002.91,84883.48,36744.0,43.3
2182,Mar,Ajman,Cloud Storage,1,1610.06,1042.14,1610.06,567.91,35.3
2183,Mar,Dubai,Security Package,10,496.67,307.27,4966.73,1894.05,38.1
2184,Jan,Sharjah,Enterprise Software,9,1121.07,571.66,10089.63,4944.7,49.0
2185,May,Ajman,Analytics Suite,33,1568.01,721.59,51744.44,27932.0,54.0
2186,Jul,Ajman,CRM Platform,46,1054.06,503.78,48486.78,25312.99,52.2
2187,Sep,Riyadh,Analytics Suite,6,1789.91,1092.83,10739.48,4182.52,38.9
2188,Dec,Abu Dhabi,Analytics Suite,10,1711.78,924.57,17117.77,7872.09,46.0
2189,Nov,Ajman,Analytics Suite,8,1204.23,612.78,9633.83,4731.62,49.1
2190,Jan,Sharjah,Cloud Storage,24,1739.67,1031.08,41752.08,17006.2,40.7
2191,Apr,Sharjah,CRM Platform,40,1207.63,784.33,48305.17,16932.17,35.1
2192,Jun,Abu Dhabi,CRM Platform,12,1879.75,1219.69,22556.96,7920.66,35.1
2193,Jun,Abu Dhabi,CRM Platform,34,550.8,301.04,18727.18,8491.9,45.3
2194,Jun,Sharjah,Enterprise Software,17,1105.03,445.6,18785.48,11210.26,59.7
2195,Nov,Sharjah,Enterprise Software,18,1355.01,676.93,24390.24,12205.52,50.0
2196,Nov,Sharjah,Analytics Suite,4,1948.05,1180.19,7792.21,3071.45,39.4
2197,Nov,Ajman,Security Package,30,1082.54,561.15,32476.23,15641.78,48.2
2198,Jan,Riyadh,Enterprise Software,24,251.91,157.08,6045.76,2275.83,37.6
2199,Mar,Abu Dhabi,Cloud Storage,6,955.23,584.08,5731.38,2226.92,38.9
2200,Nov,Dubai,CRM Platform,46,312.19,132.48,14360.55,8266.38,57.6
2201,Apr,Riyadh,Analytics Suite,42,1305.21,527.52,54818.69,32662.69,59.6
2202,Oct,Sharjah,Cloud Storage,47,1899.74,1005.13,89287.86,42046.98,47.1
2203,Nov,Ajman,CRM Platform,43,310.67,139.25,13358.82,7370.93,55.2
2204,Dec,Riyadh,Cloud Storage,18,351.14,179.38,6320.59,3091.72,48.9
2205,Apr,Sharjah,Security Package,45,1109.84,491.93,49942.73,27806.01,55.7
2206,May,Dubai,Analytics Suite,36,831.23,403.45,29924.37,15400.19,51.5
2207,Oct,Riyadh,Enterprise Software,30,358.69,225.8,10760.75,3986.83,37.0
2208,Mar,Abu Dhabi,Enterprise Software,21,1264.07,810.83,26545.41,9518.09,35.9
2209,Apr,Abu Dhabi,Enterprise Software,41,874.15,367.42,35840.28,20775.94,58.0
2210,Nov,Abu Dhabi,Analytics Suite,42,1896.78,1168.7,79664.9,30579.65,38.4
2211,Jan,Abu Dhabi,Analytics Suite,25,1470.65,653.7,36766.13,20423.55,55.5
2212,Jun,Abu Dhabi,Security Package,27,606.73,271.24,16381.67,9058.06,55.3
2213,May,Abu Dhabi,Cloud Storage,17,1455.6,678.51,24745.28,13210.61,53.4
2214,Oct,Ajman,Analytics Suite,24,827.95,464.03,19870.72,8734.05,44.0
2215,Jan,Ajman,Cloud Storage,38,894.23,477.95,33980.56,15818.39,46.6
2216,Jun,Abu Dhabi,CRM Platform,42,1659.63,994.23,69704.67,27946.84,40.1
2217,Dec,Abu Dhabi,Analytics Suite,33,1192.9,698.78,39365.71,16305.95,41.4
2218,Sep,Sharjah,Enterprise Software,50,579.3,263.33,28964.98,15798.55,54.5
2219,Feb,Sharjah,Enterprise Software,34,1385.0,618.55,47089.93,26059.27,55.3
2220,Oct,Abu Dhabi,CRM Platform,21,870.11,430.25,18272.29,9237.05,50.6
2221,Jun,Riyadh,Enterprise Software,45,388.3,190.16,17473.65,8916.44,51.0
2222,Jul,Dubai,Cloud Storage,31,802.48,450.97,24876.96,10896.84,43.8
2223,Jun,Dubai,Cloud Storage,20,492.94,264.56,9858.84,4567.66,46.3
2224,Oct,Dubai,CRM Platform,30,1268.43,727.61,38053.04,16224.88,42.6
2225,Apr,Ajman,CRM Platform,17,1502.07,826.49,25535.2,11484.83,45.0
2226,May,Ajman,CRM Platform,3,1947.38,1206.12,5842.13,2223.76,38.1
2227,Jul,Riyadh,Enterprise Software,28,1593.33,1017.33,44613.25,16127.89,36.2
2228,Jan,Ajman,Security Package,11,1121.97,707.5,12341.65,4559.15,36.9
2229,Apr,Riyadh,Security Package,37,1553.33,671.77,57473.22,32617.62,56.8
2230,Feb,Sharjah,Enterprise Software,20,1627.15,708.41,32543.08,18374.96,56.5
2231,Jul,Sharjah,CRM Platform,11,1029.06,581.06,11319.64,4927.98,43.5
2232,May,Abu Dhabi,Cloud Storage,20,344.68,158.22,6893.51,3729.07,54.1
2233,Feb,Abu Dhabi,CRM Platform,47,640.52,365.85,30104.37,12909.4,42.9
2234,Aug,Sharjah,Enterprise Software,11,820.48,424.76,9025.29,4352.9,48.2
2235,Aug,Ajman,Cloud Storage,43,877.32,452.59,37724.97,18263.75,48.4
2236,Jul,Abu Dhabi,Enterprise Software,9,773.04,489.97,6957.38,2547.68,36.6
2237,May,Ajman,Analytics Suite,44,1514.67,766.65,66645.47,32912.99,49.4
2238,Feb,Ajman,Security Package,23,1078.96,631.31,24816.01,10295.98,41.5
2239,Apr,Riyadh,Enterprise Software,39,520.69,238.89,20306.83,10990.27,54.1
2240,Sep,Sharjah,Analytics Suite,1,1299.02,763.72,1299.02,535.3,41.2
2241,Mar,Dubai,Cloud Storage,32,538.35,243.77,17227.1,9426.53,54.7
2242,Jun,Ajman,Enterprise Software,25,1377.28,697.49,34432.02,16994.69,49.4
2243,Jul,Sharjah,Analytics Suite,44,1678.3,685.93,73844.98,43664.05,59.1
2244,Mar,Ajman,Cloud Storage,26,1428.21,869.15,37133.5,14535.61,39.1
2245,Jun,Ajman,Enterprise Software,44,1518.81,856.56,66827.52,29138.99,43.6
2246,Mar,Ajman,Enterprise Software,21,431.73,227.41,9066.35,4290.72,47.3
2247,Aug,Ajman,Enterprise Software,42,1927.86,964.75,80970.03,40450.53,50.0
2248,Jul,Dubai,Analytics Suite,17,1535.72,658.81,26107.19,14907.48,57.1
2249,Jun,Ajman,Security Package,50,1052.39,509.11,52619.26,27163.86,51.6
2250,Feb,Riyadh,Analytics Suite,12,1965.32,1047.38,23583.87,11015.37,46.7
2251,Mar,Ajman,Enterprise Software,1,806.81,511.15,806.81,295.66,36.6
2252,Apr,Riyadh,Analytics Suite,33,1663.1,967.77,54882.41,22945.94,41.8
2253,Jan,Ajman,CRM Platform,30,707.09,304.32,21212.55,12082.93,57.0
2254,Jun,Ajman,CRM Platform,4,1800.5,1029.16,7201.99,3085.36,42.8
2255,Jun,Sharjah,CRM Platform,44,733.06,443.35,32254.64,12747.28,39.5
2256,Mar,Riyadh,Analytics Suite,19,842.39,340.65,16005.48,9533.19,59.6
2257,Nov,Sharjah,Analytics Suite,3,1272.4,622.6,3817.21,1949.4,51.1
2258,Dec,Dubai,Security Package,26,647.53,272.62,16835.73,9747.69,57.9
2259,Dec,Dubai,Cloud Storage,10,1339.26,680.04,13392.56,6592.15,49.2
2260,Aug,Sharjah,Analytics Suite,45,1311.03,825.55,58996.53,21846.78,37.0
2261,Aug,Riyadh,Security Package,3,337.77,166.59,1013.3,513.54,50.7
2262,Dec,Abu Dhabi,Security Package,41,1662.46,707.01,68160.76,39173.31,57.5
2263,Jun,Riyadh,Enterprise Software,41,1548.68,783.06,63495.9,31390.31,49.4
2264,Dec,Dubai,Cloud Storage,17,1498.87,877.84,25480.78,10557.42,41.4
2265,Feb,Dubai,CRM Platform,13,1227.61,796.39,15958.95,5605.91,35.1
2266,Sep,Riyadh,Security Package,16,1449.66,597.56,23194.61,13633.61,58.8
2267,Apr,Riyadh,CRM Platform,49,1883.86,882.96,92309.18,49044.17,53.1
2268,Sep,Abu Dhabi,Analytics Suite,43,282.34,141.07,12140.44,6074.26,50.0
2269,May,Abu Dhabi,Analytics Suite,1,932.93,377.54,932.93,555.39,59.5
2270,May,Ajman,Cloud Storage,18,1032.39,616.92,18583.1,7478.5,40.2
2271,Apr,Sharjah,Enterprise Software,15,232.53,111.88,3487.97,1809.72,51.9
2272,May,Dubai,Security Package,47,1481.66,898.99,69638.04,27385.6,39.3
2273,Nov,Riyadh,CRM Platform,39,791.75,393.71,30878.39,15523.81,50.3
2274,Jun,Riyadh,Enterprise Software,22,775.36,469.6,17057.86,6726.64,39.4
2275,Dec,Abu Dhabi,CRM Platform,32,579.15,332.68,18532.71,7886.94,42.6
2276,Jul,Ajman,Analytics Suite,3,1389.26,754.13,4167.77,1905.39,45.7
2277,Sep,Dubai,CRM Platform,23,349.57,205.2,8040.01,3320.5,41.3
2278,May,Riyadh,Analytics Suite,19,1551.54,795.75,29479.33,14360.12,48.7
2279,Mar,Ajman,Enterprise Software,40,1252.89,696.69,50115.46,22247.94,44.4
2280,Jul,Riyadh,CRM Platform,49,242.14,155.77,11864.62,4231.64,35.7
2281,Apr,Riyadh,CRM Platform,25,1858.12,804.42,46452.93,26342.33,56.7
2282,Feb,Riyadh,Enterprise Software,26,592.95,384.25,15416.69,5426.17,35.2
2283,Mar,Riyadh,Analytics Suite,11,1580.37,1021.07,17384.12,6152.31,35.4
2284,Jul,Ajman,Security Package,23,1552.31,783.21,35703.03,17689.24,49.5
2285,Jun,Riyadh,Analytics Suite,50,853.71,364.03,42685.72,24484.12,57.4
2286,Sep,Sharjah,Security Package,35,905.91,556.92,31706.92,12214.64,38.5
2287,May,Ajman,CRM Platform,29,482.54,298.37,13993.72,5340.91,38.2
2288,Jan,Ajman,Analytics Suite,35,1693.76,1000.56,59281.58,24261.95,40.9
2289,Jul,Abu Dhabi,Enterprise Software,38,1375.59,885.28,52272.33,18631.85,35.6
2290,Nov,Ajman,Cloud Storage,2,1313.98,571.11,2627.95,1485.73,56.5
2291,Feb,Riyadh,Security Package,39,1227.05,616.22,47855.05,23822.54,49.8
2292,Oct,Dubai,Analytics Suite,16,499.63,277.98,7994.02,3546.35,44.4
2293,Jan,Dubai,Analytics Suite,48,1282.42,766.21,61556.0,24778.14,40.3
2294,Sep,Ajman,Security Package,13,1730.56,762.04,22497.23,12590.69,56.0
2295,Mar,Sharjah,Cloud Storage,31,1886.85,1189.37,58492.46,21621.95,37.0
2296,May,Sharjah,Cloud Storage,5,1810.0,817.67,9050.01,4961.65,54.8
2297,Apr,Ajman,CRM Platform,44,1285.85,832.49,56577.32,19947.56,35.3
2298,Sep,Abu Dhabi,CRM Platform,42,400.08,220.45,16803.49,7544.74,44.9
2299,Apr,Sharjah,Cloud Storage,30,1499.68,626.06,44990.5,26208.74,58.3
2300,Sep,Dubai,CRM Platform,31,1751.9,731.58,54309.03,31630.05,58.2
2301,Dec,Ajman,Analytics Suite,35,417.77,248.22,14621.86,5934.3,40.6
2302,Aug,Riyadh,Enterprise Software,31,1689.96,701.24,52388.66,30650.17,58.5
2303,Jun,Ajman,Enterprise Software,26,1489.92,786.52,38738.03,18288.62,47.2
2304,Feb,Ajman,CRM Platform,7,462.77,215.48,3239.4,1731.05,53.4
2305,Dec,Riyadh,Enterprise Software,11,859.64,484.95,9456.0,4121.55,43.6
2306,Aug,Abu Dhabi,Cloud Storage,14,676.11,326.23,9465.59,4898.38,51.7
2307,Dec,Dubai,CRM Platform,32,1554.5,915.98,49744.14,20432.65,41.1
2308,Dec,Sharjah,Analytics Suite,29,795.19,407.61,23060.52,11239.83,48.7
2309,May,Sharjah,Security Package,39,264.34,114.99,10309.27,5824.69,56.5
2310,Jan,Riyadh,Analytics Suite,15,1784.31,965.1,26764.61,12288.04,45.9
2311,Dec,Sharjah,Analytics Suite,11,1221.75,581.78,13439.27,7039.69,52.4
2312,Mar,Ajman,Analytics Suite,48,1649.36,712.75,79169.16,44957.14,56.8
2313,Jul,Riyadh,Analytics Suite,17,1346.17,547.89,22884.93,13570.73,59.3
2314,May,Abu Dhabi,Security Package,10,1251.62,581.82,12516.23,6697.99,53.5
2315,Jul,Riyadh,Security Package,31,1313.23,581.24,40710.07,22691.69,55.7
2316,Oct,Sharjah,Cloud Storage,33,765.73,377.96,25269.2,12796.56,50.6
2317,Sep,Ajman,Cloud Storage,31,515.7,321.94,15986.61,6006.44,37.6
2318,Jun,Dubai,Enterprise Software,15,756.75,345.14,11351.32,6174.24,54.4
2319,Dec,Sharjah,Security Package,8,1369.99,670.1,10959.95,5599.16,51.1
2320,Nov,Ajman,Security Package,1,1711.96,1046.75,1711.96,665.2,38.9
2321,Dec,Riyadh,Cloud Storage,13,854.41,348.78,11107.31,6573.19,59.2
2322,Sep,Dubai,Analytics Suite,5,688.65,441.02,3443.26,1238.15,36.0
2323,Jan,Riyadh,Enterprise Software,29,1220.06,563.66,35381.85,19035.68,53.8
2324,Dec,Sharjah,Cloud Storage,42,1743.54,796.95,73228.71,39756.97,54.3
2325,Jan,Ajman,Cloud Storage,39,678.37,318.41,26456.59,14038.68,53.1
2326,Mar,Abu Dhabi,Enterprise Software,34,744.97,336.68,25328.96,13881.97,54.8
2327,Oct,Abu Dhabi,Security Package,31,1035.69,553.3,32106.34,14954.06,46.6
2328,Nov,Dubai,Analytics Suite,5,553.57,237.54,2767.83,1580.15,57.1
2329,Apr,Dubai,CRM Platform,7,1176.26,533.73,8233.85,4497.75,54.6
2330,Oct,Ajman,Analytics Suite,1,1247.08,767.31,1247.08,479.77,38.5
2331,Nov,Dubai,CRM Platform,13,1260.09,704.05,16381.14,7228.45,44.1
2332,May,Ajman,Enterprise Software,49,932.9,436.31,45712.29,24333.3,53.2
2333,Sep,Abu Dhabi,Analytics Suite,31,1125.56,717.95,34892.37,12635.96,36.2
2334,Sep,Sharjah,Analytics Suite,16,814.06,463.57,13024.9,5607.73,43.1
2335,Nov,Riyadh,Analytics Suite,29,400.65,236.04,11618.74,4773.52,41.1
2336,Jan,Abu Dhabi,CRM Platform,21,1808.06,953.55,37969.28,17944.78,47.3
2337,Mar,Ajman,Cloud Storage,5,1568.79,891.45,7843.94,3386.67,43.2
2338,Jun,Dubai,CRM Platform,41,1436.53,870.02,58897.57,23226.88,39.4
2339,Apr,Abu Dhabi,Enterprise Software,14,752.96,358.67,10541.45,5520.07,52.4
2340,Feb,Riyadh,CRM Platform,44,740.11,408.82,32564.86,14576.63,44.8
2341,Jun,Riyadh,Cloud Storage,11,545.43,272.2,5999.7,3005.49,50.1
2342,Oct,Abu Dhabi,Cloud Storage,43,482.84,308.62,20762.07,7491.44,36.1
2343,Jul,Ajman,Security Package,50,1507.64,689.27,75382.15,40918.87,54.3
2344,May,Sharjah,CRM Platform,24,460.98,222.85,11063.42,5715.02,51.7
2345,Aug,Sharjah,Analytics Suite,20,965.54,481.21,19310.72,9686.54,50.2
2346,Jul,Ajman,Enterprise Software,4,1943.62,949.27,7774.5,3977.41,51.2
2347,May,Abu Dhabi,CRM Platform,2,1673.36,753.94,3346.72,1838.84,54.9
2348,Jun,Sharjah,Analytics Suite,2,779.32,465.82,1558.64,627.0,40.2
2349,Sep,Sharjah,Security Package,48,559.01,253.65,26832.67,14657.48,54.6
2350,May,Riyadh,CRM Platform,7,333.97,146.98,2337.78,1308.91,56.0
2351,Aug,Ajman,Security Package,3,1606.21,799.11,4818.63,2421.29,50.2
2352,May,Ajman,Cloud Storage,39,1255.01,520.61,48945.23,28641.32,58.5
2353,May,Dubai,Analytics Suite,35,865.01,545.73,30275.28,11174.56,36.9
2354,Mar,Dubai,CRM Platform,48,333.18,214.67,15992.63,5688.66,35.6
2355,Mar,Ajman,Cloud Storage,38,737.94,332.07,28041.73,15422.99,55.0
2356,Apr,Dubai,CRM Platform,21,1230.92,727.1,25849.31,10580.21,40.9
2357,Sep,Sharjah,Security Package,19,1441.23,627.1,27383.3,15468.36,56.5
2358,Jun,Dubai,Analytics Suite,50,1002.51,622.71,50125.63,18990.28,37.9
2359,Aug,Abu Dhabi,Analytics Suite,15,1029.45,497.48,15441.7,7979.45,51.7
2360,Oct,Sharjah,Analytics Suite,48,1878.83,817.42,90183.66,50947.68,56.5
2361,Jul,Ajman,CRM Platform,32,1636.57,994.9,52370.39,20533.45,39.2
2362,Jun,Dubai,Security Package,2,1218.29,790.56,2436.57,855.45,35.1
2363,Sep,Riyadh,Analytics Suite,32,708.76,342.64,22680.43,11715.85,51.7
2364,Oct,Dubai,Enterprise Software,6,1953.61,1162.68,11721.66,4745.55,40.5
2365,Sep,Riyadh,Cloud Storage,6,1233.07,637.63,7398.39,3572.6,48.3
2366,Nov,Abu Dhabi,Enterprise Software,28,1671.96,863.45,46814.89,22638.33,48.4
2367,Feb,Abu Dhabi,Analytics Suite,12,1366.11,662.5,16393.34,8443.35,51.5
2368,Jan,Riyadh,CRM Platform,26,1234.53,495.77,32097.73,19207.65,59.8
2369,Jan,Ajman,Enterprise Software,15,780.29,341.47,11704.38,6582.26,56.2
2370,Nov,Abu Dhabi,Security Package,50,787.91,405.33,39395.74,19129.06,48.6
2371,Jun,Abu Dhabi,Security Package,46,1761.04,771.6,81007.73,45514.1,56.2
2372,May,Abu Dhabi,Cloud Storage,12,381.61,203.54,4579.36,2136.94,46.7
2373,Sep,Dubai,Cloud Storage,23,1918.39,924.41,44122.95,22861.63,51.8
2374,Nov,Sharjah,Cloud Storage,14,563.06,248.21,7882.88,4407.93,55.9
2375,Apr,Sharjah,Cloud Storage,50,839.62,364.67,41981.03,23747.49,56.6
2376,Jul,Ajman,Enterprise Software,2,999.11,585.47,1998.23,827.3,41.4
2377,Jan,Abu Dhabi,CRM Platform,29,989.38,444.89,28692.15,15790.45,55.0
2378,Feb,Ajman,Security Package,6,1944.64,1024.19,11667.83,5522.67,47.3
2379,Feb,Riyadh,Security Package,11,1561.89,671.75,17180.81,9791.52,57.0
2380,Jun,Ajman,Security Package,48,1991.64,1003.35,95598.89,47437.89,49.6
2381,Sep,Abu Dhabi,Enterprise Software,24,1060.36,559.01,25448.69,12032.55,47.3
2382,Jan,Ajman,Enterprise Software,25,1646.14,823.2,41153.53,20573.59,50.0
2383,Jun,Dubai,Analytics Suite,20,1705.76,867.44,34115.25,16766.37,49.1
2384,Dec,Sharjah,Cloud Storage,6,1370.78,825.95,8224.67,3268.96,39.7
2385,May,Ajman,Enterprise Software,47,1365.25,656.44,64166.62,33314.17,51.9
2386,Mar,Abu Dhabi,Cloud Storage,37,216.69,114.77,8017.64,3771.06,47.0
2387,Jan,Abu Dhabi,CRM Platform,4,1273.17,576.05,5092.67,2788.46,54.8
2388,Oct,Sharjah,Analytics Suite,27,1681.85,849.01,45409.98,22486.58,49.5
2389,Mar,Abu Dhabi,Security Package,48,1656.95,939.77,79533.68,34424.8,43.3
2390,Mar,Sharjah,Enterprise Software,2,1095.6,522.07,2191.2,1147.06,52.3
2391,Oct,Sharjah,Analytics Suite,21,251.26,102.13,5276.48,3131.81,59.4
2392,Jan,Dubai,CRM Platform,48,1769.65,1112.04,84943.24,31565.4,37.2
2393,Jul,Dubai,Security Package,49,1277.31,678.64,62588.36,29335.09,46.9
2394,Jan,Abu Dhabi,Enterprise Software,23,1814.94,767.78,41743.61,24084.77,57.7
2395,Aug,Dubai,Enterprise Software,30,1970.06,1209.69,59101.91,22811.26,38.6
2396,Mar,Riyadh,CRM Platform,39,1656.97,663.09,64621.64,38761.33,60.0
2397,May,Ajman,CRM Platform,9,781.18,417.93,7030.6,3269.25,46.5
2398,Aug,Riyadh,Enterprise Software,32,1547.69,948.72,49526.21,19167.03,38.7
2399,Apr,Abu Dhabi,Cloud Storage,33,433.65,275.62,14310.57,5215.17,36.4
2400,Dec,Abu Dhabi,Enterprise Software,7,1491.08,701.67,10437.58,5525.92,52.9
2401,Apr,Riyadh,Enterprise Software,15,651.21,379.33,9768.11,4078.11,41.7
2402,Dec,Sharjah,Analytics Suite,30,1403.04,743.58,42091.24,19783.76,47.0
2403,Mar,Riyadh,Analytics Suite,21,959.64,542.48,20152.39,8760.24,43.5
2404,Dec,Riyadh,Enterprise Software,25,1337.38,800.49,33434.61,13422.37,40.1
2405,Mar,Abu Dhabi,Enterprise Software,41,261.41,156.5,10717.62,4301.05,40.1
2406,Jun,Abu Dhabi,CRM Platform,1,1229.76,640.66,1229.76,589.1,47.9
2407,Nov,Sharjah,Cloud Storage,37,930.18,602.92,34416.75,12108.68,35.2
2408,May,Ajman,Security Package,35,991.75,581.41,34711.37,14362.17,41.4
2409,Jun,Riyadh,Analytics Suite,12,659.51,396.86,7914.14,3151.83,39.8
2410,Aug,Ajman,Security Package,43,373.71,229.48,16069.36,6201.91,38.6
2411,Feb,Riyadh,Analytics Suite,24,967.73,393.24,23225.43,13787.69,59.4
2412,Feb,Riyadh,Cloud Storage,15,1955.16,1187.8,29327.37,11510.42,39.2
2413,Dec,Dubai,Security Package,19,427.34,208.07,8119.43,4166.03,51.3
2414,Sep,Ajman,CRM Platform,6,1939.33,1246.83,11635.96,4154.97,35.7
2415,Sep,Abu Dhabi,CRM Platform,13,455.08,259.46,5915.98,2543.02,43.0
2416,Dec,Dubai,Cloud Storage,48,837.09,460.59,40180.11,18071.65,45.0
2417,Sep,Abu Dhabi,Security Package,34,284.59,151.77,9676.11,4515.95,46.7
2418,Dec,Riyadh,Cloud Storage,34,500.16,219.91,17005.31,9528.29,56.0
2419,Apr,Abu Dhabi,Security Package,49,1488.95,796.9,72958.78,33910.85,46.5
2420,Apr,Riyadh,CRM Platform,18,288.04,185.01,5184.75,1854.66,35.8
2421,Jul,Ajman,Analytics Suite,34,1949.62,1215.46,66286.94,24961.27,37.7
2422,Mar,Ajman,Analytics Suite,47,1888.66,755.63,88766.93,53252.31,60.0
2423,Nov,Sharjah,Security Package,20,575.76,335.88,11515.17,4797.62,41.7
2424,Jan,Riyadh,Enterprise Software,49,938.68,409.21,45995.12,25943.65,56.4
2425,Jul,Abu Dhabi,Cloud Storage,11,1362.95,678.41,14992.48,7529.97,50.2
2426,Jun,Abu Dhabi,Cloud Storage,5,607.35,387.04,3036.75,1101.54,36.3
2427,Feb,Abu Dhabi,CRM Platform,47,1531.38,974.09,71974.81,26192.69,36.4
2428,Aug,Abu Dhabi,Cloud Storage,10,1410.03,832.12,14100.29,5779.06,41.0
2429,Sep,Dubai,Enterprise Software,20,1143.63,678.08,22872.67,9311.13,40.7
2430,Apr,Riyadh,CRM Platform,43,988.89,598.83,42522.25,16772.47,39.4
2431,Aug,Riyadh,Security Package,10,326.72,210.66,3267.25,1160.7,35.5
2432,Jan,Sharjah,Analytics Suite,25,1708.36,792.44,42708.99,22897.86,53.6
2433,Oct,Ajman,CRM Platform,11,1777.24,1018.11,19549.6,8350.43,42.7
2434,Apr,Ajman,Analytics Suite,34,385.49,250.34,13106.67,4595.18,35.1
2435,Jun,Riyadh,Security Package,16,1764.85,999.31,28237.61,12248.69,43.4
2436,Jan,Ajman,CRM Platform,41,389.34,230.68,15963.03,6505.15,40.8
2437,Nov,Sharjah,Analytics Suite,33,791.89,448.8,26132.48,11322.04,43.3
2438,Feb,Sharjah,Analytics Suite,1,382.04,229.79,382.04,152.24,39.9
2439,Aug,Abu Dhabi,Security Package,15,1263.95,715.91,18959.28,8220.61,43.4
2440,Sep,Dubai,CRM Platform,39,1707.34,843.35,66586.32,33695.64,50.6
2441,Jan,Riyadh,CRM Platform,39,394.04,240.19,15367.4,6000.18,39.0
2442,Feb,Dubai,Security Package,8,1940.11,891.78,15520.91,8386.67,54.0
2443,Jul,Riyadh,Security Package,26,1492.92,612.05,38815.93,22902.71,59.0
2444,Oct,Ajman,CRM Platform,34,267.1,133.46,9081.31,4543.62,50.0
2445,Apr,Ajman,Enterprise Software,37,525.33,292.94,19437.13,8598.4,44.2
2446,May,Sharjah,Enterprise Software,27,1643.41,956.9,44372.11,18535.81,41.8
2447,Nov,Sharjah,Analytics Suite,23,834.28,535.11,19188.47,6881.04,35.9
2448,Jan,Sharjah,CRM Platform,21,1024.77,663.79,21520.13,7580.6,35.2
2449,Apr,Sharjah,Cloud Storage,36,1587.46,852.18,57148.42,26470.04,46.3
2450,Jun,Sharjah,CRM Platform,50,1667.85,1019.35,83392.25,32424.58,38.9
2451,Jun,Dubai,Analytics Suite,40,1168.82,702.8,46752.9,18640.9,39.9
2452,May,Abu Dhabi,Analytics Suite,7,1845.51,779.93,12918.56,7459.07,57.7
2453,Oct,Ajman,Analytics Suite,32,1351.06,795.96,43233.76,17762.97,41.1
2454,Dec,Abu Dhabi,Analytics Suite,32,831.07,499.87,26594.21,10598.47,39.9
2455,Mar,Sharjah,Cloud Storage,21,228.67,102.32,4802.05,2653.39,55.3
2456,Dec,Sharjah,Security Package,42,1208.87,712.26,50772.69,20857.79,41.1
2457,Jul,Riyadh,Cloud Storage,40,1452.14,652.96,58085.8,31967.23,55.0
2458,Nov,Dubai,Security Package,26,1733.98,756.78,45083.37,25407.12,56.4
2459,Jun,Sharjah,Security Package,26,439.46,218.11,11425.91,5755.12,50.4
2460,Oct,Sharjah,Security Package,6,782.91,357.17,4697.43,2554.43,54.4
2461,Sep,Dubai,Cloud Storage,10,1401.54,656.55,14015.38,7449.92,53.2
2462,Dec,Ajman,Cloud Storage,15,641.63,292.88,9624.5,5231.32,54.4
2463,Jan,Abu Dhabi,Cloud Storage,19,638.62,258.77,12133.86,7217.3,59.5
2464,Aug,Riyadh,CRM Platform,27,1201.38,780.41,32437.27,11366.24,35.0
2465,Mar,Abu Dhabi,CRM Platform,34,1245.61,693.57,42350.81,18769.3,44.3
2466,Dec,Ajman,Analytics Suite,24,1646.17,766.93,39508.01,21101.65,53.4
2467,Apr,Sharjah,Analytics Suite,21,1172.66,491.65,24625.95,14301.27,58.1
2468,Dec,Abu Dhabi,Analytics Suite,16,1632.0,889.02,26112.04,11887.78,45.5
2469,Dec,Dubai,Security Package,31,1163.65,495.95,36073.08,20698.67,57.4
2470,Dec,Riyadh,Cloud Storage,23,1491.62,837.16,34307.17,15052.56,43.9
2471,Aug,Riyadh,Cloud Storage,18,1233.67,509.87,22206.0,13028.25,58.7
2472,Aug,Riyadh,CRM Platform,38,985.13,628.8,37435.0,13540.58,36.2
2473,Sep,Abu Dhabi,Enterprise Software,29,1206.19,499.83,34979.59,20484.52,58.6
2474,Dec,Sharjah,CRM Platform,10,314.8,153.81,3147.98,1609.87,51.1
2475,May,Sharjah,Security Package,47,249.64,137.16,11733.01,5286.49,45.1
2476,Jul,Ajman,Cloud Storage,14,1391.24,664.26,19477.38,10177.78,52.3
2477,Apr,Sharjah,Analytics Suite,37,1637.15,862.76,60574.53,28652.43,47.3
2478,Sep,Ajman,Cloud Storage,44,1256.37,773.53,55280.3,21245.13,38.4
2479,Dec,Riyadh,Enterprise Software,49,845.03,363.3,41406.43,23604.94,57.0
2480,Feb,Dubai,Security Package,34,944.68,415.94,32119.14,17977.02,56.0
2481,Oct,Abu Dhabi,Cloud Storage,50,1565.88,696.56,78293.89,43466.01,55.5
2482,Nov,Abu Dhabi,Enterprise Software,32,1511.6,730.02,48371.23,25010.46,51.7
2483,Oct,Dubai,CRM Platform,45,1908.25,948.14,85871.42,43205.11,50.3
2484,Dec,Ajman,CRM Platform,31,449.32,218.29,13928.83,7161.87,51.4
2485,Jun,Dubai,Analytics Suite,12,1473.07,912.96,17676.88,6721.35,38.0
2486,Mar,Ajman,Enterprise Software,17,922.57,421.3,15683.69,8521.57,54.3
2487,Aug,Dubai,Analytics Suite,49,369.25,171.5,18093.26,9689.99,53.6
2488,Sep,Riyadh,Enterprise Software,4,1428.88,605.66,5715.51,3292.86,57.6
2489,Jan,Dubai,Security Package,1,788.35,375.7,788.35,412.65,52.3
2490,Jun,Riyadh,Security Package,5,1920.28,858.6,9601.41,5308.42,55.3
2491,Mar,Riyadh,CRM Platform,35,593.07,288.42,20757.55,10662.91,51.4
2492,Jun,Abu Dhabi,Security Package,37,518.47,264.51,19183.42,9396.53,49.0
2493,Mar,Abu Dhabi,Security Package,29,254.62,104.31,7383.84,4358.73,59.0
2494,May,Riyadh,Enterprise Software,19,393.99,224.88,7485.9,3213.26,42.9
2495,Mar,Riyadh,Security Package,7,1095.77,603.63,7670.4,3444.96,44.9
2496,Aug,Riyadh,Analytics Suite,43,1186.36,589.87,51013.69,25649.1,50.3
2497,Nov,Ajman,Enterprise Software,36,317.83,146.7,11442.04,6160.9,53.8
2498,Aug,Abu Dhabi,Cloud Storage,13,1629.3,668.66,21180.86,12488.29,59.0
2499,Nov,Dubai,CRM Platform,46,1558.3,853.61,71681.83,32415.72,45.2
2500,Nov,Riyadh,Enterprise Software,42,777.0,413.23,32633.81,15278.03,46.8
2501,Sep,Riyadh,Security Package,26,1562.46,876.23,40624.02,17842.08,43.9
2502,Mar,Sharjah,Analytics Suite,29,1574.34,745.04,45655.88,24049.7,52.7
2503,Jul,Ajman,CRM Platform,25,348.3,141.4,8707.5,5172.62,59.4
2504,Sep,Dubai,Analytics Suite,31,1297.39,618.17,40219.21,21055.79,52.4
2505,Sep,Sharjah,Enterprise Software,3,538.54,227.42,1615.63,933.35,57.8
2506,Sep,Riyadh,Security Package,12,1353.68,791.65,16244.14,6744.34,41.5
2507,Jan,Riyadh,Enterprise Software,20,892.82,435.65,17856.45,9143.55,51.2
2508,Nov,Riyadh,Enterprise Software,28,1529.37,812.09,42822.42,20083.88,46.9
2509,Jun,Abu Dhabi,Security Package,44,1458.53,915.47,64175.3,23894.68,37.2
2510,Mar,Dubai,CRM Platform,15,1482.34,619.97,22235.09,12935.46,58.2
2511,Apr,Abu Dhabi,CRM Platform,37,1352.76,546.38,50052.05,29836.12,59.6
2512,Dec,Ajman,Cloud Storage,8,1863.76,747.71,14910.1,8928.39,59.9
2513,Mar,Abu Dhabi,Analytics Suite,25,1687.83,832.01,42195.75,21395.53,50.7
2514,Mar,Ajman,Enterprise Software,10,1277.75,709.72,12777.53,5680.37,44.5
2515,Nov,Sharjah,CRM Platform,37,1478.31,924.72,54697.48,20483.01,37.4
2516,Nov,Sharjah,Cloud Storage,48,1844.73,926.61,88546.81,44069.67,49.8
2517,Jul,Dubai,CRM Platform,25,700.56,438.04,17513.9,6563.0,37.5
2518,Oct,Ajman,Analytics Suite,1,1327.77,662.38,1327.77,665.39,50.1
2519,Nov,Ajman,Cloud Storage,45,601.35,336.4,27060.94,11923.07,44.1
2520,Aug,Dubai,Cloud Storage,5,530.05,255.4,2650.23,1373.23,51.8
2521,May,Sharjah,CRM Platform,35,715.59,439.28,25045.65,9670.7,38.6
2522,Feb,Sharjah,Enterprise Software,26,1681.18,1044.02,43710.67,16566.05,37.9
2523,Aug,Dubai,Security Package,13,428.81,278.25,5574.49,1957.26,35.1
2524,Feb,Ajman,CRM Platform,8,611.56,372.0,4892.49,1916.52,39.2
2525,Dec,Abu Dhabi,Enterprise Software,5,635.15,351.77,3175.77,1416.93,44.6
2526,Aug,Ajman,Cloud Storage,39,1584.43,896.34,61792.68,26835.38,43.4
2527,Apr,Riyadh,Cloud Storage,47,772.26,418.72,36296.14,16616.36,45.8
2528,May,Abu Dhabi,Analytics Suite,12,830.21,373.73,9962.53,5477.78,55.0
2529,Jul,Dubai,CRM Platform,10,1904.28,1002.41,19042.78,9018.69,47.4
2530,Nov,Abu Dhabi,Cloud Storage,13,804.6,466.91,10459.79,4390.02,42.0
2531,Feb,Dubai,CRM Platform,16,1282.99,605.51,20527.81,10839.68,52.8
2532,Sep,Abu Dhabi,Cloud Storage,21,302.08,172.55,6343.76,2720.26,42.9
2533,Sep,Ajman,Security Package,2,1313.46,581.18,2626.91,1464.56,55.8
2534,Jan,Sharjah,Analytics Suite,10,1822.74,1040.93,18227.35,7818.09,42.9
2535,Jan,Dubai,CRM Platform,37,305.15,151.62,11290.61,5680.51,50.3
2536,Apr,Riyadh,Enterprise Software,49,1330.92,719.91,65214.88,29939.52,45.9
2537,Nov,Dubai,Enterprise Software,31,1886.98,1058.97,58496.37,25668.35,43.9
2538,Jul,Sharjah,Security Package,29,1838.43,844.61,53314.58,28820.94,54.1
2539,May,Ajman,Security Package,23,1964.24,1098.35,45177.43,19915.37,44.1
2540,Aug,Ajman,Cloud Storage,35,1783.0,812.98,62404.99,33950.81,54.4
2541,Jul,Sharjah,Cloud Storage,17,1787.49,879.48,30387.29,15436.15,50.8
2542,May,Dubai,CRM Platform,10,276.6,139.02,2765.99,1375.82,49.7
2543,Jul,Riyadh,Cloud Storage,9,1712.24,835.98,15410.19,7886.39,51.2
2544,Jul,Ajman,CRM Platform,30,1520.21,776.79,45606.26,22302.68,48.9
2545,Jun,Ajman,CRM Platform,22,786.82,393.19,17310.03,8659.85,50.0
2546,Apr,Riyadh,Cloud Storage,14,1482.66,803.75,20757.26,9504.82,45.8
2547,Aug,Riyadh,Analytics Suite,36,1752.39,1047.96,63086.03,25359.35,40.2
2548,Apr,Sharjah,Analytics Suite,26,454.4,194.1,11814.31,6767.68,57.3
2549,Oct,Ajman,Analytics Suite,27,291.59,132.47,7873.05,4296.36,54.6
2550,Nov,Riyadh,Cloud Storage,25,1886.82,958.4,47170.49,23210.43,49.2
2551,Dec,Ajman,Enterprise Software,14,894.75,507.1,12526.46,5427.11,43.3
2552,Mar,Sharjah,Security Package,42,923.38,549.84,38781.86,15688.63,40.5
2553,Jul,Abu Dhabi,Cloud Storage,21,1043.44,643.81,21912.32,8392.25,38.3
2554,Jun,Abu Dhabi,CRM Platform,40,1879.44,1039.48,75177.46,33598.22,44.7
2555,Feb,Dubai,Enterprise Software,6,238.64,150.35,1431.83,529.72,37.0
2556,Feb,Dubai,Analytics Suite,21,1876.81,918.09,39413.07,20133.22,51.1
2557,May,Abu Dhabi,Cloud Storage,5,853.29,535.28,4266.46,1590.06,37.3
2558,Aug,Riyadh,CRM Platform,22,1466.49,692.82,32262.69,17020.66,52.8
2559,Mar,Dubai,Security Package,10,493.86,212.17,4938.62,2816.94,57.0
2560,Mar,Riyadh,CRM Platform,36,1194.18,617.86,42990.41,20747.52,48.3
2561,Feb,Sharjah,Cloud Storage,43,1901.72,1192.94,81774.1,30477.52,37.3
2562,Mar,Dubai,Enterprise Software,25,1051.06,545.73,26276.59,12633.26,48.1
2563,Dec,Dubai,Security Package,24,1875.7,1024.55,45016.7,20427.55,45.4
2564,Jan,Abu Dhabi,CRM Platform,32,1903.89,1031.33,60924.39,27921.91,45.8
2565,Jun,Sharjah,Enterprise Software,5,519.02,288.58,2595.12,1152.21,44.4
2566,Feb,Ajman,Cloud Storage,43,554.84,309.91,23858.0,10531.98,44.1
2567,Jun,Sharjah,Enterprise Software,39,1970.43,1031.89,76846.68,36603.04,47.6
2568,Jul,Riyadh,Security Package,11,857.39,397.12,9431.28,5062.91,53.7
2569,Sep,Riyadh,Analytics Suite,2,1081.3,677.38,2162.59,807.83,37.4
2570,Dec,Dubai,Cloud Storage,20,673.6,437.19,13472.08,4728.18,35.1
2571,May,Sharjah,Enterprise Software,48,1991.17,1123.37,95576.35,41654.72,43.6
2572,Sep,Dubai,Analytics Suite,3,435.17,280.49,1305.51,464.03,35.5
2573,Dec,Riyadh,Enterprise Software,37,234.58,116.16,8679.53,4381.71,50.5
2574,Jul,Ajman,CRM Platform,3,1451.52,678.69,4354.56,2318.49,53.2
2575,Jun,Ajman,Analytics Suite,33,1736.53,1035.02,57305.42,23149.67,40.4
2576,Mar,Ajman,Analytics Suite,23,1494.41,804.14,34371.45,15876.32,46.2
2577,May,Ajman,Analytics Suite,6,1844.04,1161.18,11064.26,4097.16,37.0
2578,Sep,Dubai,Analytics Suite,8,241.41,104.32,1931.31,1096.73,56.8
2579,Feb,Dubai,Cloud Storage,12,872.1,382.42,10465.19,5876.19,56.1
2580,Feb,Abu Dhabi,Enterprise Software,1,1501.59,877.12,1501.59,624.47,41.6
2581,Feb,Sharjah,Security Package,10,1248.96,801.1,12489.59,4478.63,35.9
2582,Nov,Ajman,Analytics Suite,7,1302.62,539.34,9118.32,5342.96,58.6
2583,Dec,Abu Dhabi,Cloud Storage,6,534.03,309.51,3204.21,1347.17,42.0
2584,Jul,Dubai,Enterprise Software,44,619.54,255.56,27259.6,16015.02,58.8
2585,Jun,Dubai,CRM Platform,41,1152.8,598.32,47264.81,22733.85,48.1
2586,Oct,Abu Dhabi,CRM Platform,46,534.92,252.49,24606.17,12991.67,52.8
2587,Aug,Riyadh,Enterprise Software,12,1113.65,467.61,13363.82,7752.49,58.0
2588,Mar,Abu Dhabi,Analytics Suite,35,1235.78,552.81,43252.35,23904.0,55.3
2589,Apr,Dubai,Enterprise Software,12,1727.51,1017.63,20730.11,8518.59,41.1
2590,Jul,Abu Dhabi,Cloud Storage,41,1704.87,808.42,69899.78,36754.71,52.6
2591,Nov,Ajman,Security Package,19,592.86,274.34,11264.43,6051.96,53.7
2592,Sep,Sharjah,Cloud Storage,1,1378.72,885.18,1378.72,493.53,35.8
2593,Mar,Sharjah,Analytics Suite,5,310.92,162.76,1554.58,740.79,47.7
2594,Jul,Dubai,Security Package,6,1413.26,882.81,8479.58,3182.73,37.5
2595,Dec,Ajman,Enterprise Software,44,358.82,196.29,15787.95,7151.39,45.3
2596,Nov,Sharjah,Security Package,5,1224.56,712.43,6122.81,2560.64,41.8
2597,Jun,Sharjah,CRM Platform,48,1659.74,817.6,79667.41,40422.38,50.7
2598,Jun,Sharjah,CRM Platform,35,1998.38,894.42,69943.14,38638.6,55.2
2599,Jan,Riyadh,Cloud Storage,45,835.21,431.17,37584.49,18182.02,48.4
2600,Jul,Ajman,Analytics Suite,30,1763.63,910.21,52908.85,25602.69,48.4
2601,Dec,Abu Dhabi,Cloud Storage,49,894.02,569.85,43806.76,15883.96,36.3
2602,Jul,Abu Dhabi,Analytics Suite,41,468.89,230.43,19224.53,9777.07,50.9
2603,Mar,Ajman,Cloud Storage,38,1902.88,864.38,72309.34,39462.93,54.6
2604,Aug,Dubai,CRM Platform,10,687.6,309.04,6876.02,3785.67,55.1
2605,Mar,Ajman,CRM Platform,20,1693.6,1038.95,33872.01,13093.1,38.7
2606,Apr,Sharjah,Cloud Storage,32,1292.28,678.17,41353.12,19651.66,47.5
2607,Aug,Ajman,Cloud Storage,43,307.57,196.95,13225.46,4756.41,36.0
2608,Dec,Dubai,Analytics Suite,31,1294.07,563.4,40116.22,22650.85,56.5
2609,Apr,Riyadh,CRM Platform,27,1082.91,692.21,29238.63,10548.88,36.1
2610,Nov,Abu Dhabi,Analytics Suite,20,1431.3,726.03,28626.07,14105.52,49.3
2611,Mar,Dubai,Security Package,34,707.41,411.14,24052.1,10073.28,41.9
2612,Oct,Abu Dhabi,Analytics Suite,31,313.62,160.5,9722.37,4746.76,48.8
2613,Apr,Ajman,Cloud Storage,21,1438.91,902.97,30217.05,11254.75,37.2
2614,May,Sharjah,CRM Platform,36,813.36,486.76,29281.08,11757.68,40.2
2615,Jun,Abu Dhabi,Cloud Storage,41,1230.09,772.31,50433.89,18769.21,37.2
2616,Apr,Riyadh,Security Package,16,1079.46,558.55,17271.33,8334.49,48.3
2617,Sep,Dubai,Analytics Suite,7,891.46,389.65,6240.21,3512.68,56.3
2618,Sep,Sharjah,Enterprise Software,32,1032.84,645.64,33050.9,12390.53,37.5
2619,Aug,Sharjah,Enterprise Software,25,1599.38,956.14,39984.49,16080.95,40.2
2620,Jun,Sharjah,Cloud Storage,50,306.24,141.37,15311.91,8243.22,53.8
2621,Jun,Dubai,Analytics Suite,40,1068.6,466.47,42743.82,24084.86,56.3
2622,Aug,Sharjah,Analytics Suite,21,1288.59,688.21,27060.34,12608.02,46.6
2623,Oct,Abu Dhabi,Security Package,8,732.12,303.93,5856.92,3425.48,58.5
2624,Sep,Abu Dhabi,Security Package,19,646.81,319.52,12289.35,6218.38,50.6
2625,May,Dubai,Analytics Suite,14,459.31,186.63,6430.3,3817.54,59.4
2626,Jun,Ajman,Enterprise Software,30,1596.43,1034.88,47893.03,16846.62,35.2
2627,Sep,Ajman,CRM Platform,11,1268.92,748.18,13958.13,5728.2,41.0
2628,Aug,Dubai,Analytics Suite,18,556.01,306.71,10008.09,4487.27,44.8
2629,Oct,Sharjah,Cloud Storage,9,781.05,315.73,7029.42,4187.85,59.6
2630,Sep,Dubai,Analytics Suite,31,863.88,413.64,26780.27,13957.42,52.1
2631,Jan,Ajman,Security Package,41,981.67,472.15,40248.36,20890.06,51.9
2632,Oct,Abu Dhabi,Analytics Suite,49,262.16,123.41,12845.9,6798.98,52.9
2633,Jan,Riyadh,Security Package,33,300.55,174.11,9918.04,4172.34,42.1
2634,Feb,Abu Dhabi,CRM Platform,5,451.84,192.29,2259.2,1297.77,57.4
2635,Feb,Abu Dhabi,Cloud Storage,49,848.57,415.18,41579.95,21236.12,51.1
2636,Jun,Dubai,CRM Platform,49,325.24,162.66,15936.65,7966.09,50.0
2637,Jul,Dubai,Security Package,42,1621.51,930.17,68103.49,29036.15,42.6
2638,Apr,Riyadh,Enterprise Software,29,486.31,287.26,14102.96,5772.47,40.9
2639,Apr,Sharjah,Cloud Storage,4,1360.57,733.92,5442.26,2506.59,46.1
2640,Aug,Dubai,Cloud Storage,3,275.92,162.69,827.75,339.68,41.0
2641,Sep,Abu Dhabi,Cloud Storage,21,781.31,460.18,16407.52,6743.64,41.1
2642,Sep,Ajman,Enterprise Software,49,721.35,292.78,35346.2,20999.94,59.4
2643,Feb,Ajman,Security Package,3,560.22,229.13,1680.67,993.27,59.1
2644,Aug,Abu Dhabi,Security Package,1,828.89,348.26,828.89,480.62,58.0
2645,Mar,Sharjah,Security Package,26,583.0,311.36,15158.03,7062.77,46.6
2646,May,Riyadh,Analytics Suite,36,873.74,434.34,31454.68,15818.4,50.3
2647,May,Abu Dhabi,Security Package,22,552.39,344.96,12152.59,4563.52,37.6
2648,Nov,Ajman,Enterprise Software,19,1012.97,518.02,19246.42,9404.07,48.9
2649,Apr,Riyadh,CRM Platform,12,402.85,200.16,4834.18,2432.25,50.3
2650,Apr,Dubai,Cloud Storage,49,1226.37,719.66,60092.26,24829.02,41.3
2651,May,Abu Dhabi,Security Package,24,1034.8,581.52,24835.29,10878.91,43.8
2652,May,Abu Dhabi,Security Package,14,1119.98,534.76,15679.7,8193.03,52.3
2653,Jun,Abu Dhabi,Cloud Storage,14,1099.27,637.56,15389.74,6463.91,42.0
2654,Jul,Sharjah,CRM Platform,39,1556.95,981.19,60720.88,22454.29,37.0
2655,Oct,Ajman,Security Package,19,1631.01,924.38,30989.11,13425.84,43.3
2656,Oct,Abu Dhabi,Enterprise Software,7,1791.94,1098.77,12543.6,4852.23,38.7
2657,Jan,Riyadh,Enterprise Software,18,1874.29,891.9,33737.17,17682.94,52.4
2658,Mar,Ajman,Security Package,7,296.37,134.5,2074.58,1133.08,54.6
2659,Dec,Abu Dhabi,CRM Platform,24,336.98,169.96,8087.5,4008.39,49.6
2660,Jan,Dubai,Analytics Suite,8,743.69,346.32,5949.52,3178.94,53.4
2661,Nov,Abu Dhabi,Enterprise Software,48,1914.36,1145.16,91889.52,36922.07,40.2
2662,Jan,Ajman,Cloud Storage,8,354.97,162.83,2839.77,1537.17,54.1
2663,May,Riyadh,Security Package,18,240.61,130.12,4330.91,1988.72,45.9
2664,Apr,Dubai,Cloud Storage,5,915.57,452.62,4577.85,2314.76,50.6
2665,Jul,Dubai,CRM Platform,30,942.36,606.15,28270.91,10086.3,35.7
2666,Nov,Riyadh,Enterprise Software,5,1926.97,1192.98,9634.86,3669.98,38.1
2667,Apr,Sharjah,CRM Platform,18,243.94,114.16,4390.98,2336.04,53.2
2668,Dec,Abu Dhabi,Cloud Storage,29,1658.64,1076.39,48100.48,16885.22,35.1
2669,Jul,Dubai,Security Package,36,1913.86,999.29,68899.09,32924.68,47.8
2670,May,Abu Dhabi,Enterprise Software,24,359.15,176.64,8619.57,4380.26,50.8
2671,Mar,Ajman,Security Package,24,1385.48,682.79,33251.58,16864.6,50.7
2672,Mar,Riyadh,Security Package,21,1523.35,741.41,31990.37,16420.75,51.3
2673,Jul,Abu Dhabi,Security Package,24,1041.47,507.05,24995.32,12826.11,51.3
2674,Nov,Sharjah,Cloud Storage,49,1800.97,1024.62,88247.64,38041.12,43.1
2675,Jul,Ajman,Analytics Suite,6,1283.87,797.53,7703.24,2918.04,37.9
2676,Nov,Sharjah,Analytics Suite,30,1011.38,540.89,30341.51,14114.78,46.5
2677,Jun,Abu Dhabi,Enterprise Software,33,1852.94,1196.4,61146.94,21665.67,35.4
2678,Jun,Abu Dhabi,Security Package,35,1338.86,784.83,46859.94,19390.71,41.4
2679,Apr,Riyadh,Cloud Storage,45,913.43,553.41,41104.36,16200.84,39.4
2680,Sep,Dubai,Security Package,3,1135.22,617.41,3405.67,1553.44,45.6
2681,Nov,Sharjah,Security Package,11,1531.48,874.48,16846.28,7227.01,42.9
2682,Feb,Sharjah,CRM Platform,21,1517.34,909.23,31864.11,12770.23,40.1
2683,Sep,Riyadh,CRM Platform,43,1674.85,761.67,72018.53,39266.82,54.5
2684,Dec,Sharjah,CRM Platform,49,1978.31,903.01,96937.24,52689.88,54.4
2685,Dec,Ajman,Cloud Storage,49,539.0,215.68,26410.81,15842.55,60.0
2686,Aug,Riyadh,Enterprise Software,10,1848.52,1060.56,18485.19,7879.6,42.6
2687,Jul,Sharjah,Cloud Storage,20,1685.42,902.53,33708.35,15657.81,46.5
2688,Jan,Dubai,Cloud Storage,2,255.98,110.14,511.95,291.67,57.0
2689,Feb,Abu Dhabi,Enterprise Software,17,1014.68,436.05,17249.54,9836.75,57.0
2690,Jan,Sharjah,CRM Platform,45,1275.61,619.68,57402.43,29516.77,51.4
2691,May,Sharjah,Cloud Storage,28,1314.66,828.09,36810.59,13624.01,37.0
2692,Jan,Riyadh,Security Package,44,1084.4,442.3,47713.61,28252.21,59.2
2693,Jan,Sharjah,Analytics Suite,17,1461.14,899.03,24839.32,9555.84,38.5
2694,Feb,Ajman,Security Package,28,1439.46,798.99,40304.99,17933.39,44.5
2695,Jan,Sharjah,CRM Platform,25,269.61,140.7,6740.22,3222.76,47.8
2696,May,Dubai,CRM Platform,35,365.69,168.71,12799.08,6894.26,53.9
2697,Jul,Dubai,CRM Platform,48,807.29,444.74,38749.87,17402.48,44.9
2698,Jun,Ajman,Enterprise Software,20,1194.73,688.17,23894.53,10131.04,42.4
2699,Oct,Ajman,Cloud Storage,27,370.92,211.78,10014.75,4296.77,42.9
2700,Sep,Riyadh,Enterprise Software,29,324.38,144.45,9407.0,5217.98,55.5
2701,Jul,Sharjah,Security Package,35,1376.66,567.43,48183.25,28323.14,58.8
2702,Dec,Riyadh,Enterprise Software,34,1083.98,678.1,36855.26,13799.88,37.4
2703,Jan,Sharjah,Cloud Storage,19,1282.02,649.58,24358.32,12016.37,49.3
2704,Apr,Abu Dhabi,Enterprise Software,31,1075.25,431.63,33332.61,19952.13,59.9
2705,Jan,Abu Dhabi,CRM Platform,20,528.82,256.49,10576.4,5446.66,51.5
2706,Apr,Riyadh,CRM Platform,46,1000.4,575.42,46018.38,19548.84,42.5
2707,Mar,Dubai,Enterprise Software,9,437.6,282.12,3938.38,1399.31,35.5
2708,Jan,Riyadh,Security Package,29,1093.06,654.29,31698.8,12724.4,40.1
2709,Dec,Ajman,Enterprise Software,34,1815.84,893.52,61738.6,31358.76,50.8
2710,Jul,Riyadh,Enterprise Software,31,260.37,132.55,8071.36,3962.45,49.1
2711,Feb,Ajman,Enterprise Software,6,673.0,428.81,4037.98,1465.12,36.3
2712,Jul,Sharjah,CRM Platform,33,1854.69,1162.25,61204.9,22850.6,37.3
2713,Jan,Abu Dhabi,Enterprise Software,11,355.48,158.79,3910.28,2163.56,55.3
2714,Nov,Abu Dhabi,CRM Platform,35,871.97,406.12,30518.96,16304.7,53.4
2715,Oct,Dubai,Cloud Storage,27,408.53,167.47,11030.3,6508.55,59.0
2716,May,Abu Dhabi,Cloud Storage,9,1543.96,768.39,13895.6,6980.07,50.2
2717,Sep,Sharjah,Enterprise Software,1,402.95,228.26,402.95,174.69,43.4
2718,Jan,Riyadh,Security Package,20,1784.69,775.03,35693.85,20193.24,56.6
2719,Apr,Abu Dhabi,CRM Platform,13,1395.27,724.94,18138.45,8714.28,48.0
2720,Mar,Abu Dhabi,Enterprise Software,25,1195.46,665.58,29886.46,13246.95,44.3
2721,Nov,Dubai,Cloud Storage,9,1744.12,761.05,15697.1,8847.66,56.4
2722,Sep,Dubai,CRM Platform,5,1219.08,562.93,6095.42,3280.75,53.8
2723,Apr,Ajman,Analytics Suite,17,931.5,547.81,15835.58,6522.79,41.2
2724,Jul,Dubai,Analytics Suite,2,546.69,317.97,1093.38,457.44,41.8
2725,Aug,Sharjah,CRM Platform,39,1705.47,778.0,66513.35,36171.27,54.4
2726,Oct,Abu Dhabi,CRM Platform,33,1799.74,1010.57,59391.4,26042.52,43.8
2727,Oct,Abu Dhabi,Cloud Storage,34,717.73,425.81,24402.81,9925.24,40.7
2728,Jan,Ajman,Security Package,27,319.4,134.54,8623.83,4991.38,57.9
2729,Jun,Abu Dhabi,Enterprise Software,18,907.88,468.58,16341.86,7907.39,48.4
2730,Sep,Sharjah,Analytics Suite,39,788.76,376.27,30761.56,16087.21,52.3
2731,Aug,Ajman,Security Package,25,1563.35,953.45,39083.8,15247.49,39.0
2732,Nov,Riyadh,Security Package,39,1278.82,762.75,49873.8,20126.37,40.4
2733,Jun,Abu Dhabi,CRM Platform,6,1444.56,930.02,8667.38,3087.26,35.6
2734,Oct,Riyadh,Security Package,41,313.28,174.59,12844.56,5686.54,44.3
2735,Oct,Sharjah,Analytics Suite,33,610.12,385.41,20133.83,7415.19,36.8
2736,Oct,Sharjah,Cloud Storage,13,827.32,394.29,10755.21,5629.42,52.3
2737,Nov,Sharjah,Security Package,27,701.34,385.34,18936.18,8531.88,45.1
2738,Mar,Abu Dhabi,Security Package,50,1439.0,643.94,71949.9,39752.93,55.3
2739,Sep,Sharjah,Security Package,21,568.04,292.92,11928.76,5777.42,48.4
2740,Feb,Riyadh,Cloud Storage,47,1500.94,709.74,70544.02,37186.2,52.7
2741,Oct,Abu Dhabi,Cloud Storage,41,1694.7,755.45,69482.73,38509.45,55.4
2742,Apr,Ajman,Analytics Suite,26,1071.82,501.27,27867.27,14834.16,53.2
2743,Sep,Riyadh,CRM Platform,22,463.41,255.57,10195.06,4572.53,44.9
2744,Jul,Sharjah,Enterprise Software,36,1970.96,789.99,70954.62,42514.82,59.9
2745,Aug,Abu Dhabi,Analytics Suite,30,1882.55,1012.17,56476.56,26111.31,46.2
2746,Oct,Sharjah,Security Package,27,558.54,230.54,15080.63,8856.13,58.7
2747,Oct,Ajman,CRM Platform,7,1057.46,525.26,7402.24,3725.39,50.3
2748,Mar,Dubai,Cloud Storage,8,850.4,510.52,6803.22,2719.08,40.0
2749,Feb,Dubai,Enterprise Software,18,393.43,210.02,7081.76,3301.47,46.6
2750,Dec,Abu Dhabi,Enterprise Software,44,961.87,394.35,42322.5,24970.94,59.0
2751,Jan,Riyadh,Enterprise Software,8,807.69,449.15,6461.52,2868.34,44.4
2752,Jul,Sharjah,Analytics Suite,16,614.88,341.0,9838.06,4382.09,44.5
2753,Sep,Riyadh,Analytics Suite,23,1713.38,750.33,39407.8,22150.11,56.2
2754,Jun,Riyadh,Security Package,49,595.77,358.31,29192.74,11635.42,39.9
2755,Sep,Ajman,Cloud Storage,40,231.39,101.84,9255.72,5182.29,56.0
2756,May,Riyadh,Security Package,32,424.21,195.8,13574.84,7309.4,53.8
2757,Apr,Ajman,Cloud Storage,30,1297.29,808.18,38918.79,14673.5,37.7
2758,Feb,Abu Dhabi,Analytics Suite,1,629.79,300.49,629.79,329.3,52.3
2759,Jul,Riyadh,Security Package,29,584.1,248.3,16938.84,9738.28,57.5
2760,Dec,Dubai,CRM Platform,29,996.55,582.77,28899.94,11999.51,41.5
2761,Jul,Ajman,Security Package,2,1174.28,549.48,2348.55,1249.59,53.2
2762,Sep,Ajman,CRM Platform,22,779.74,409.18,17154.37,8152.48,47.5
2763,Aug,Riyadh,CRM Platform,39,569.85,248.53,22223.96,12531.45,56.4
2764,Dec,Dubai,Security Package,44,879.8,525.25,38711.01,15599.86,40.3
2765,Jun,Abu Dhabi,Cloud Storage,23,929.18,429.46,21371.23,11493.63,53.8
2766,Jul,Sharjah,Cloud Storage,39,1779.92,1139.44,69416.69,24978.64,36.0
2767,Nov,Riyadh,Cloud Storage,45,316.45,182.99,14240.29,6005.6,42.2
2768,Oct,Dubai,CRM Platform,23,847.14,343.2,19484.15,11590.66,59.5
2769,Jul,Ajman,CRM Platform,6,987.25,480.85,5923.51,3038.42,51.3
2770,May,Sharjah,Analytics Suite,31,484.58,220.38,15021.88,8190.17,54.5
2771,Oct,Riyadh,Security Package,34,1658.26,1013.98,56380.7,21905.28,38.9
2772,Jan,Ajman,Analytics Suite,49,611.44,352.67,29960.77,12680.11,42.3
2773,Oct,Abu Dhabi,Enterprise Software,45,1195.08,552.84,53778.75,28900.82,53.7
2774,Aug,Riyadh,Analytics Suite,10,727.68,447.25,7276.75,2804.28,38.5
2775,Apr,Sharjah,Cloud Storage,27,760.88,403.36,20543.68,9652.92,47.0
2776,Oct,Abu Dhabi,Enterprise Software,4,1230.7,733.22,4922.79,1989.91,40.4
2777,Sep,Abu Dhabi,Analytics Suite,31,1895.63,1182.36,58764.5,22111.29,37.6
2778,Apr,Abu Dhabi,Enterprise Software,39,1482.55,618.0,57819.54,33717.72,58.3
2779,Mar,Dubai,Analytics Suite,35,423.45,218.34,14820.65,7178.61,48.4
2780,Mar,Sharjah,Cloud Storage,35,1877.87,866.47,65725.46,35398.97,53.9
2781,Mar,Dubai,Analytics Suite,50,690.21,416.42,34510.37,13689.35,39.7
2782,Jan,Riyadh,Security Package,26,442.91,182.52,11515.62,6770.19,58.8
2783,Apr,Abu Dhabi,Cloud Storage,39,1701.7,924.82,66366.45,30298.53,45.7
2784,Apr,Sharjah,CRM Platform,30,515.26,220.26,15457.83,8850.09,57.3
2785,Nov,Abu Dhabi,Cloud Storage,39,1558.12,649.38,60766.86,35441.14,58.3
2786,Jan,Ajman,Cloud Storage,19,1029.39,617.34,19558.43,7829.05,40.0
2787,Sep,Ajman,Security Package,47,927.02,492.49,43569.81,20422.8,46.9
2788,Oct,Riyadh,Analytics Suite,37,1493.04,876.92,55242.5,22796.6,41.3
2789,Jul,Sharjah,Security Package,11,1105.67,580.4,12162.42,5777.98,47.5
2790,Feb,Dubai,Cloud Storage,39,1990.49,1215.16,77628.96,30237.53,39.0
2791,Jul,Dubai,Security Package,25,876.7,432.57,21917.49,11103.27,50.7
2792,Apr,Sharjah,CRM Platform,49,228.87,116.47,11214.86,5507.79,49.1
2793,Oct,Abu Dhabi,CRM Platform,49,1548.61,870.73,75881.67,33215.85,43.8
2794,Apr,Sharjah,CRM Platform,10,229.48,104.82,2294.8,1246.61,54.3
2795,Aug,Ajman,Analytics Suite,26,1039.43,536.66,27025.14,13072.03,48.4
2796,Mar,Abu Dhabi,CRM Platform,27,1927.31,889.15,52037.45,28030.42,53.9
2797,May,Abu Dhabi,Enterprise Software,24,295.61,152.62,7094.76,3431.93,48.4
2798,Feb,Ajman,CRM Platform,39,729.11,441.31,28435.36,11224.19,39.5
2799,Jan,Riyadh,CRM Platform,31,321.96,155.46,9980.77,5161.42,51.7
2800,Mar,Sharjah,Security Package,1,1985.78,866.76,1985.78,1119.02,56.4
2801,Jan,Riyadh,Analytics Suite,2,1117.11,622.98,2234.22,988.27,44.2
2802,Aug,Sharjah,Enterprise Software,26,801.27,443.29,20833.12,9307.58,44.7
2803,Jun,Sharjah,Security Package,19,862.34,517.67,16384.49,6548.78,40.0
2804,Aug,Riyadh,Enterprise Software,49,1077.53,636.72,52798.98,21599.54,40.9
2805,Dec,Dubai,Security Package,48,1219.43,508.29,58532.69,34134.96,58.3
2806,Jun,Abu Dhabi,CRM Platform,43,1485.69,865.95,63884.59,26648.66,41.7
2807,Mar,Sharjah,Cloud Storage,49,1846.99,781.83,90502.54,52193.05,57.7
2808,Jul,Ajman,Analytics Suite,15,275.4,131.02,4131.07,2165.81,52.4
2809,Jul,Abu Dhabi,Cloud Storage,37,548.6,329.08,20298.04,8121.9,40.0
2810,Sep,Abu Dhabi,CRM Platform,37,659.27,414.69,24392.85,9049.31,37.1
2811,Mar,Dubai,Enterprise Software,3,677.91,352.97,2033.74,974.84,47.9
2812,Aug,Dubai,Cloud Storage,11,1864.68,975.92,20511.47,9776.37,47.7
2813,Jun,Dubai,CRM Platform,40,1510.26,744.6,60410.38,30626.3,50.7
2814,Oct,Ajman,Analytics Suite,36,1186.27,741.81,42705.56,16000.43,37.5
2815,Sep,Sharjah,Analytics Suite,10,1401.95,853.56,14019.53,5483.89,39.1
2816,Nov,Riyadh,Security Package,18,1651.14,981.73,29720.52,12049.47,40.5
2817,Jan,Abu Dhabi,Cloud Storage,28,1070.11,515.84,29963.16,15519.76,51.8
2818,Aug,Riyadh,Analytics Suite,47,1984.36,819.19,93265.07,54763.23,58.7
2819,May,Riyadh,Analytics Suite,7,1683.32,906.9,11783.27,5434.99,46.1
2820,Aug,Abu Dhabi,Cloud Storage,10,1866.89,1072.24,18668.93,7946.52,42.6
2821,Jul,Riyadh,Analytics Suite,48,919.73,498.17,44147.1,20235.12,45.8
2822,Apr,Sharjah,Enterprise Software,11,1321.5,841.96,14536.55,5274.98,36.3
2823,Jan,Dubai,Analytics Suite,28,930.66,472.82,26058.61,12819.74,49.2
2824,Jan,Ajman,CRM Platform,22,1887.67,810.86,41528.72,23689.79,57.0
2825,Aug,Abu Dhabi,CRM Platform,26,1259.16,631.25,32738.21,16325.58,49.9
2826,Apr,Abu Dhabi,Analytics Suite,40,1648.15,797.75,65926.12,34016.05,51.6
2827,Oct,Riyadh,Analytics Suite,25,1735.76,737.98,43393.94,24944.36,57.5
2828,Mar,Dubai,Enterprise Software,35,971.38,606.28,33998.18,12778.38,37.6
2829,Jan,Abu Dhabi,Enterprise Software,31,519.63,225.19,16108.58,9127.59,56.7
2830,Nov,Sharjah,Analytics Suite,37,357.54,157.78,13228.84,7390.88,55.9
2831,Feb,Sharjah,Analytics Suite,3,1993.37,838.38,5980.1,3464.95,57.9
2832,Jan,Dubai,Security Package,13,1621.18,1012.04,21075.3,7918.75,37.6
2833,May,Ajman,Enterprise Software,38,724.57,441.42,27533.71,10759.83,39.1
2834,May,Dubai,Security Package,9,316.9,174.78,2852.07,1279.03,44.8
2835,Nov,Sharjah,Cloud Storage,50,1459.9,619.04,72994.85,42042.84,57.6
2836,Dec,Riyadh,Cloud Storage,19,257.66,157.96,4895.55,1894.39,38.7
2837,Aug,Abu Dhabi,CRM Platform,23,1913.07,911.77,44000.57,23029.91,52.3
2838,Apr,Ajman,CRM Platform,20,1399.26,633.36,27985.19,15318.06,54.7
2839,Dec,Ajman,Cloud Storage,10,266.24,110.4,2662.36,1558.31,58.5
2840,Feb,Dubai,Cloud Storage,29,427.0,247.95,12382.93,5192.26,41.9
2841,Dec,Sharjah,Analytics Suite,21,1242.69,720.34,26096.42,10969.37,42.0
2842,Feb,Ajman,CRM Platform,42,1402.88,796.71,58921.16,25459.23,43.2
2843,Dec,Riyadh,Analytics Suite,14,1812.06,1022.08,25368.86,11059.67,43.6
2844,Jul,Sharjah,Cloud Storage,13,821.15,338.5,10675.0,6274.47,58.8
2845,Mar,Sharjah,CRM Platform,32,1034.31,663.65,33097.83,11861.0,35.8
2846,Mar,Sharjah,CRM Platform,21,1541.51,889.21,32371.63,13698.18,42.3
2847,Dec,Sharjah,Security Package,12,213.39,127.14,2560.68,1035.02,40.4
2848,Feb,Sharjah,CRM Platform,32,1775.94,858.91,56830.01,29344.8,51.6
2849,Apr,Dubai,Cloud Storage,33,1287.06,822.77,42472.96,15321.45,36.1
2850,Jul,Abu Dhabi,Cloud Storage,3,1587.55,885.67,4762.64,2105.64,44.2
2851,Jun,Sharjah,Security Package,22,204.93,106.71,4508.4,2160.88,47.9
2852,Apr,Riyadh,Cloud Storage,10,798.53,450.9,7985.32,3476.28,43.5
2853,Sep,Riyadh,Analytics Suite,26,1801.26,1167.95,46832.64,16465.99,35.2
2854,Apr,Riyadh,Security Package,28,1585.48,924.05,44393.48,18520.17,41.7
2855,Dec,Dubai,CRM Platform,38,1184.82,633.52,45023.23,20949.39,46.5
2856,May,Ajman,Enterprise Software,22,232.25,127.12,5109.43,2312.89,45.3
2857,Jul,Dubai,CRM Platform,30,1845.39,1019.01,55361.68,24791.51,44.8
2858,Oct,Abu Dhabi,Analytics Suite,15,1008.69,479.2,15130.33,7942.35,52.5
2859,Nov,Dubai,Cloud Storage,38,657.46,306.6,24983.31,13332.55,53.4
2860,Jan,Riyadh,Cloud Storage,15,1913.62,980.37,28704.23,13998.7,48.8
2861,Jul,Ajman,Enterprise Software,4,1925.55,1156.48,7702.19,3076.27,39.9
2862,Sep,Sharjah,Security Package,27,229.42,141.58,6194.29,2371.57,38.3
2863,Nov,Sharjah,Security Package,4,1093.94,596.25,4375.78,1990.79,45.5
2864,May,Riyadh,Security Package,50,408.57,187.41,20428.45,11057.75,54.1
2865,Dec,Ajman,Security Package,22,519.03,292.74,11418.57,4978.21,43.6
2866,Feb,Dubai,CRM Platform,22,1364.32,868.59,30014.98,10906.1,36.3
2867,Mar,Dubai,Enterprise Software,48,1515.83,670.38,72759.83,40581.38,55.8
2868,Jul,Sharjah,Analytics Suite,11,1830.72,825.7,20137.9,11055.24,54.9
2869,Feb,Abu Dhabi,Analytics Suite,49,1877.13,896.09,91979.6,48071.01,52.3
2870,Nov,Riyadh,Security Package,5,337.21,148.0,1686.03,946.05,56.1
2871,Apr,Dubai,Enterprise Software,5,1601.6,958.73,8007.98,3214.35,40.1
2872,Feb,Sharjah,Cloud Storage,49,1012.32,435.66,49603.92,28256.39,57.0
2873,Sep,Riyadh,CRM Platform,8,1066.24,590.26,8529.88,3807.81,44.6
2874,Feb,Dubai,Analytics Suite,23,517.52,311.36,11902.9,4741.51,39.8
2875,Dec,Riyadh,Analytics Suite,2,1839.66,1021.17,3679.31,1636.98,44.5
2876,Mar,Dubai,Enterprise Software,10,815.78,432.79,8157.82,3829.92,46.9
2877,Aug,Riyadh,Cloud Storage,49,1336.83,544.69,65504.5,38814.87,59.3
2878,Feb,Ajman,CRM Platform,33,1596.55,799.26,52686.21,26310.71,49.9
2879,Oct,Abu Dhabi,Cloud Storage,41,1070.16,584.94,43876.63,19894.16,45.3
2880,Nov,Dubai,Cloud Storage,50,1089.88,645.98,54493.77,22194.78,40.7
2881,Nov,Ajman,Analytics Suite,24,558.4,229.22,13401.68,7900.41,59.0
2882,Jan,Ajman,Cloud Storage,37,839.76,543.25,31071.07,10970.71,35.3
2883,Jul,Sharjah,Analytics Suite,48,1707.53,1096.91,81961.65,29309.82,35.8
2884,Mar,Ajman,Enterprise Software,7,1270.37,686.45,8892.57,4087.44,46.0
2885,Mar,Dubai,Security Package,31,1089.82,707.33,33784.47,11857.2,35.1
2886,Oct,Sharjah,Enterprise Software,3,1615.06,903.66,4845.19,2134.21,44.0
2887,Sep,Abu Dhabi,Analytics Suite,28,728.21,447.61,20389.95,7856.98,38.5
2888,Nov,Dubai,Analytics Suite,9,1452.63,877.28,13073.69,5178.18,39.6
2889,Jun,Abu Dhabi,Analytics Suite,27,1966.36,1265.91,53091.68,18912.19,35.6
2890,Aug,Sharjah,Enterprise Software,20,1529.53,767.39,30590.62,15242.77,49.8
2891,Jun,Dubai,Analytics Suite,12,1481.24,914.48,17774.89,6801.09,38.3
2892,Oct,Riyadh,Security Package,7,852.56,361.3,5967.91,3438.77,57.6
2893,Jun,Sharjah,Analytics Suite,8,528.71,239.55,4229.71,2313.32,54.7
2894,Jan,Dubai,Cloud Storage,18,760.68,448.92,13692.23,5611.64,41.0
2895,Dec,Riyadh,Enterprise Software,36,1883.38,1163.13,67801.56,25929.01,38.2
2896,Sep,Riyadh,Analytics Suite,43,735.58,458.88,31630.07,11898.24,37.6
2897,Jul,Dubai,Analytics Suite,6,1384.22,646.79,8305.29,4424.54,53.3
2898,Feb,Dubai,Cloud Storage,7,1908.17,1043.91,13357.2,6049.79,45.3
2899,Jan,Dubai,CRM Platform,31,1657.1,831.03,51370.13,25608.16,49.9
2900,Mar,Dubai,Analytics Suite,38,1891.38,1179.76,71872.55,27041.61,37.6
2901,Jun,Abu Dhabi,Enterprise Software,11,533.23,335.69,5865.56,2172.95,37.0
2902,Aug,Dubai,Enterprise Software,14,1511.75,652.57,21164.47,12028.5,56.8
2903,Jul,Riyadh,Cloud Storage,1,1426.54,882.7,1426.54,543.84,38.1
2904,Aug,Riyadh,Cloud Storage,36,628.24,318.79,22616.68,11140.28,49.3
2905,Apr,Riyadh,CRM Platform,34,726.87,315.5,24713.63,13986.61,56.6
2906,Oct,Riyadh,CRM Platform,19,684.85,379.47,13012.12,5802.15,44.6
2907,May,Dubai,CRM Platform,42,1289.46,516.25,54157.35,32474.74,60.0
2908,Oct,Dubai,CRM Platform,13,1544.21,884.56,20074.78,8575.45,42.7
2909,Nov,Riyadh,Cloud Storage,38,415.96,236.16,15806.44,6832.24,43.2
2910,Apr,Abu Dhabi,Enterprise Software,16,1540.78,897.99,24652.55,10284.72,41.7
2911,Apr,Ajman,Cloud Storage,18,1926.92,1047.56,34684.55,15828.52,45.6
2912,Dec,Abu Dhabi,Enterprise Software,1,944.04,458.18,944.04,485.86,51.5
2913,Mar,Ajman,Cloud Storage,47,1366.33,588.63,64217.7,36552.01,56.9
2914,Jul,Sharjah,Analytics Suite,25,1387.14,790.78,34678.41,14908.99,43.0
2915,Nov,Ajman,Cloud Storage,10,572.21,279.41,5722.07,2928.01,51.2
2916,Aug,Abu Dhabi,CRM Platform,18,987.41,457.2,17773.41,9543.82,53.7
2917,Mar,Ajman,CRM Platform,4,1606.51,977.44,6426.03,2516.29,39.2
2918,May,Ajman,Security Package,14,944.13,585.67,13217.79,5018.44,38.0
2919,May,Abu Dhabi,Analytics Suite,12,967.07,390.16,11604.89,6922.99,59.7
2920,Oct,Riyadh,Enterprise Software,30,826.12,463.5,24783.52,10878.42,43.9
2921,Dec,Ajman,Cloud Storage,18,1711.04,1096.57,30798.76,11060.54,35.9
2922,Aug,Sharjah,Cloud Storage,15,988.63,428.45,14829.49,8402.81,56.7
2923,Jul,Abu Dhabi,CRM Platform,15,1975.69,1062.79,29635.31,13693.39,46.2
2924,May,Abu Dhabi,Enterprise Software,47,867.5,402.26,40772.56,21866.21,53.6
2925,Nov,Dubai,Analytics Suite,34,1639.03,961.46,55727.03,23037.51,41.3
2926,Oct,Dubai,Enterprise Software,7,634.21,298.52,4439.44,2349.78,52.9
2927,Oct,Abu Dhabi,Security Package,37,1638.19,872.3,60613.04,28337.82,46.8
2928,Sep,Abu Dhabi,CRM Platform,1,468.37,189.64,468.37,278.73,59.5
2929,Oct,Riyadh,CRM Platform,22,202.63,90.85,4457.84,2459.14,55.2
2930,Dec,Dubai,Analytics Suite,49,964.73,553.76,47271.65,20137.41,42.6
2931,Apr,Sharjah,Security Package,41,923.52,563.79,37864.18,14748.95,39.0
2932,Oct,Riyadh,Security Package,23,372.96,193.18,8578.12,4134.97,48.2
2933,Jun,Abu Dhabi,Cloud Storage,3,1744.03,853.22,5232.1,2672.45,51.1
2934,Jun,Abu Dhabi,Security Package,32,609.64,389.79,19508.47,7035.23,36.1
2935,Feb,Dubai,Enterprise Software,37,1812.67,829.89,67068.63,36362.86,54.2
2936,Aug,Dubai,Cloud Storage,27,1162.97,679.93,31400.06,13041.9,41.5
2937,Aug,Dubai,Security Package,46,444.3,259.7,20437.72,8491.75,41.5
2938,Feb,Abu Dhabi,Analytics Suite,3,661.62,416.52,1984.87,735.29,37.0
2939,May,Ajman,Enterprise Software,42,1259.53,645.46,52900.14,25790.98,48.8
2940,Jun,Abu Dhabi,Enterprise Software,16,1301.19,550.9,20819.09,12004.76,57.7
2941,Sep,Sharjah,Security Package,48,1332.39,786.41,63954.84,26206.92,41.0
2942,Dec,Dubai,CRM Platform,18,1173.94,662.48,21130.83,9206.19,43.6
2943,Apr,Dubai,CRM Platform,27,1797.44,763.96,48530.96,27904.17,57.5
2944,Apr,Riyadh,Security Package,37,699.81,354.65,25892.82,12770.95,49.3
2945,Aug,Sharjah,Analytics Suite,36,1452.69,590.85,52296.85,31026.42,59.3
2946,Jan,Dubai,Security Package,43,695.46,308.1,29904.96,16656.55,55.7
2947,Dec,Abu Dhabi,Cloud Storage,3,1518.39,681.7,4555.18,2510.07,55.1
2948,Mar,Abu Dhabi,Cloud Storage,19,1029.54,582.12,19561.25,8501.02,43.5
2949,Mar,Abu Dhabi,Security Package,3,412.18,258.87,1236.53,459.92,37.2
2950,Nov,Abu Dhabi,Analytics Suite,49,1784.3,847.36,87430.67,45909.99,52.5
2951,Dec,Ajman,Cloud Storage,5,1700.52,747.83,8502.58,4763.42,56.0
2952,Mar,Ajman,Enterprise Software,24,263.23,116.82,6317.59,3514.01,55.6
2953,Feb,Ajman,Enterprise Software,49,483.56,202.28,23694.53,13783.03,58.2
2954,Jul,Ajman,Enterprise Software,15,1459.44,644.41,21891.56,12225.4,55.8
2955,Nov,Riyadh,Security Package,34,1909.94,1209.02,64937.97,23831.39,36.7
2956,Aug,Riyadh,Analytics Suite,11,1691.8,928.06,18609.76,8401.05,45.1
2957,Aug,Riyadh,Cloud Storage,28,509.84,310.58,14275.6,5579.3,39.1
2958,Jun,Ajman,Analytics Suite,17,1291.31,815.53,21952.21,8088.22,36.8
2959,Jul,Dubai,Cloud Storage,19,875.95,467.63,16642.99,7757.93,46.6
2960,Feb,Dubai,Security Package,45,428.2,177.04,19269.09,11302.32,58.7
2961,Sep,Riyadh,Enterprise Software,31,910.29,511.96,28219.07,12348.28,43.8
2962,Sep,Abu Dhabi,Enterprise Software,12,1170.25,535.91,14042.95,7611.98,54.2
2963,Jan,Abu Dhabi,Cloud Storage,33,1744.95,935.15,57583.21,26723.35,46.4
2964,Sep,Dubai,Cloud Storage,36,350.42,186.17,12615.2,5913.14,46.9
2965,May,Dubai,Analytics Suite,22,1188.03,721.17,26136.73,10271.02,39.3
2966,Aug,Dubai,CRM Platform,14,451.48,269.76,6320.75,2544.06,40.2
2967,Mar,Dubai,Security Package,40,996.23,503.62,39849.03,19704.13,49.4
2968,Dec,Riyadh,Enterprise Software,49,779.32,343.8,38186.5,21340.2,55.9
2969,Jan,Sharjah,Analytics Suite,3,1577.86,938.85,4733.59,1917.05,40.5
2970,Feb,Dubai,Enterprise Software,21,496.86,290.94,10434.12,4324.43,41.4
2971,Feb,Riyadh,Enterprise Software,45,542.76,346.43,24424.18,8834.91,36.2
2972,Sep,Dubai,CRM Platform,42,868.77,518.54,36488.39,14709.69,40.3
2973,Dec,Riyadh,Enterprise Software,10,1979.13,946.44,19791.25,10326.86,52.2
2974,Nov,Dubai,Security Package,19,1554.55,723.18,29536.5,15796.09,53.5
2975,Mar,Dubai,Security Package,39,1402.66,750.43,54703.68,25437.03,46.5
2976,Sep,Sharjah,CRM Platform,50,337.89,150.0,16894.35,9394.42,55.6
2977,Oct,Sharjah,Security Package,3,765.4,395.88,2296.21,1108.57,48.3
2978,Aug,Riyadh,CRM Platform,2,279.46,115.2,558.93,328.53,58.8
2979,Jul,Sharjah,Cloud Storage,23,1346.0,568.24,30958.05,17888.42,57.8
2980,Sep,Riyadh,Analytics Suite,10,929.33,502.54,9293.3,4267.94,45.9
2981,Mar,Abu Dhabi,CRM Platform,18,1121.03,726.05,20178.52,7109.56,35.2
2982,Jun,Sharjah,Enterprise Software,20,1678.84,1001.07,33576.82,13555.46,40.4
2983,Sep,Ajman,Enterprise Software,46,270.88,140.16,12460.33,6012.83,48.3
2984,Apr,Ajman,Cloud Storage,27,1283.78,710.64,34662.18,15474.85,44.6
2985,Jun,Ajman,Security Package,2,1590.26,945.65,3180.52,1289.21,40.5
2986,Mar,Riyadh,Cloud Storage,5,309.28,185.72,1546.41,617.79,40.0
2987,May,Dubai,CRM Platform,34,423.68,228.34,14404.98,6641.44,46.1
2988,May,Riyadh,Enterprise Software,41,1519.91,973.56,62316.43,22400.39,35.9
2989,Aug,Abu Dhabi,Security Package,32,1784.82,825.04,57114.15,30712.92,53.8
2990,Dec,Abu Dhabi,CRM Platform,49,537.83,302.23,26353.73,11544.63,43.8
2991,Apr,Ajman,Analytics Suite,10,1411.4,614.49,14114.0,7969.11,56.5
2992,Nov,Ajman,Security Package,19,1506.78,799.24,28628.84,13443.22,47.0
2993,May,Sharjah,CRM Platform,11,237.28,147.08,2610.05,992.18,38.0
2994,Dec,Abu Dhabi,Analytics Suite,47,1721.07,873.83,80890.35,39820.52,49.2
2995,May,Dubai,Analytics Suite,6,1031.54,423.13,6189.23,3650.44,59.0
2996,Nov,Ajman,Analytics Suite,25,482.01,306.82,12050.24,4379.84,36.3
2997,Jan,Sharjah,Analytics Suite,12,925.9,423.39,11110.83,6030.18,54.3
2998,Sep,Sharjah,Analytics Suite,44,536.52,240.32,23606.86,13032.92,55.2
2999,Aug,Dubai,Enterprise Software,25,753.91,450.86,18847.83,7576.38,40.2
3000,Oct,Sharjah,Security Package,34,1109.39,698.37,37719.24,13974.49,37.0
3001,Jun,Abu Dhabi,Enterprise Software,16,1200.96,630.8,19215.4,9122.66,47.5
3002,Jun,Abu Dhabi,Analytics Suite,47,1950.46,1007.26,91671.48,44330.43,48.4
3003,Jan,Dubai,Analytics Suite,19,1436.29,595.17,27289.5,15981.25,58.6
3004,Apr,Sharjah,Cloud Storage,14,576.09,340.62,8065.22,3296.56,40.9
3005,Sep,Sharjah,Cloud Storage,17,1256.82,780.32,21365.92,8100.46,37.9
3006,Dec,Dubai,CRM Platform,15,1652.07,993.7,24781.03,9875.56,39.9
3007,Dec,Dubai,Enterprise Software,39,1018.54,526.19,39723.02,19201.61,48.3
3008,Jan,Dubai,Security Package,39,1956.06,900.32,76286.44,41173.77,54.0
3009,Aug,Dubai,Cloud Storage,14,442.47,248.23,6194.62,2719.39,43.9
3010,Jul,Abu Dhabi,Enterprise Software,3,1502.05,959.89,4506.15,1626.48,36.1
3011,Aug,Riyadh,Security Package,49,1931.06,1251.05,94622.03,33320.63,35.2
3012,Sep,Dubai,CRM Platform,27,1602.04,929.3,43255.19,18164.09,42.0
3013,Jan,Riyadh,Enterprise Software,12,575.67,234.09,6908.0,4098.91,59.3
3014,Feb,Dubai,Security Package,22,1601.54,685.46,35233.87,20153.64,57.2
3015,Sep,Abu Dhabi,Security Package,1,639.89,316.31,639.89,323.58,50.6
3016,May,Ajman,CRM Platform,47,710.57,458.14,33396.72,11864.17,35.5
3017,Jan,Dubai,CRM Platform,40,1424.22,709.18,56968.69,28601.68,50.2
3018,Mar,Riyadh,Analytics Suite,4,337.25,185.8,1349.01,605.81,44.9
3019,Nov,Dubai,Security Package,50,1235.05,527.63,61752.54,35370.99,57.3
3020,Apr,Sharjah,Cloud Storage,26,1153.8,560.44,29998.78,15427.25,51.4
3021,Mar,Dubai,Security Package,49,1994.48,894.88,97729.48,53880.56,55.1
3022,Oct,Abu Dhabi,Cloud Storage,39,1110.53,464.62,43310.85,25190.66,58.2
3023,Jun,Ajman,Analytics Suite,22,952.88,403.12,20963.45,12094.73,57.7
3024,Mar,Dubai,Analytics Suite,34,1164.99,739.96,39609.63,14450.9,36.5
3025,Nov,Dubai,Analytics Suite,2,1600.43,775.21,3200.87,1650.45,51.6
3026,Jul,Ajman,CRM Platform,28,1939.32,1136.32,54300.91,22483.87,41.4
3027,Feb,Riyadh,Enterprise Software,48,431.82,256.96,20727.15,8392.91,40.5
3028,Apr,Dubai,Enterprise Software,4,1136.46,512.31,4545.85,2496.6,54.9
3029,Oct,Ajman,CRM Platform,6,1672.71,988.04,10036.26,4108.0,40.9
3030,Nov,Ajman,Cloud Storage,30,330.82,210.1,9924.69,3621.74,36.5
3031,Mar,Abu Dhabi,Enterprise Software,50,593.49,370.56,29674.37,11146.48,37.6
3032,Jul,Sharjah,Enterprise Software,33,1190.52,606.05,39287.31,19287.71,49.1
3033,Nov,Dubai,CRM Platform,32,964.05,520.92,30849.68,14180.28,46.0
3034,Apr,Abu Dhabi,Security Package,34,1696.5,801.77,57681.16,30421.03,52.7
3035,Apr,Dubai,Enterprise Software,20,1813.45,727.63,36268.98,21716.42,59.9
3036,Apr,Riyadh,CRM Platform,22,737.19,382.77,16218.23,7797.37,48.1
3037,Mar,Riyadh,Security Package,27,283.02,129.75,7641.46,4138.33,54.2
3038,Dec,Sharjah,Security Package,8,296.12,167.83,2368.96,1026.34,43.3
3039,Oct,Ajman,Enterprise Software,4,1113.32,721.76,4453.28,1566.23,35.2
3040,May,Riyadh,Enterprise Software,19,1233.36,781.63,23433.79,8582.85,36.6
3041,Oct,Ajman,Analytics Suite,11,925.14,508.33,10176.53,4584.91,45.1
3042,Nov,Riyadh,Security Package,27,1579.93,858.19,42658.14,19487.14,45.7
3043,Sep,Ajman,Analytics Suite,42,1288.39,708.71,54112.3,24346.33,45.0
3044,Sep,Ajman,Enterprise Software,19,461.33,274.9,8765.19,3542.17,40.4
3045,Nov,Riyadh,CRM Platform,37,646.76,312.12,23930.17,12381.75,51.7
3046,Jan,Dubai,Analytics Suite,50,1100.79,525.51,55039.45,28763.71,52.3
3047,Mar,Riyadh,Cloud Storage,13,395.04,240.89,5135.5,2003.89,39.0
3048,Mar,Abu Dhabi,Analytics Suite,50,1944.4,974.25,97219.9,48507.58,49.9
3049,Jul,Riyadh,Enterprise Software,40,1459.42,944.98,58376.79,20577.49,35.2
3050,Jul,Ajman,Cloud Storage,41,411.89,243.41,16887.49,6907.86,40.9
3051,Mar,Dubai,CRM Platform,48,588.63,318.11,28254.35,12985.28,46.0
3052,Oct,Abu Dhabi,Security Package,15,786.4,444.82,11796.01,5123.76,43.4
3053,Sep,Sharjah,Cloud Storage,9,1383.07,747.25,12447.6,5722.31,46.0
3054,Jan,Dubai,Analytics Suite,23,1928.04,1198.89,44344.85,16770.31,37.8
3055,Dec,Dubai,Cloud Storage,37,1298.01,629.97,48026.47,24717.54,51.5
3056,Jul,Riyadh,Cloud Storage,38,1573.59,843.64,59796.4,27738.05,46.4
3057,Nov,Abu Dhabi,CRM Platform,18,368.3,198.02,6629.32,3065.04,46.2
3058,Jun,Riyadh,CRM Platform,27,1334.64,841.98,36035.15,13301.82,36.9
3059,Sep,Abu Dhabi,Enterprise Software,31,1655.74,702.96,51327.81,29535.91,57.5
3060,Sep,Abu Dhabi,Cloud Storage,21,1228.71,792.67,25802.97,9156.99,35.5
3061,Apr,Dubai,Analytics Suite,50,680.68,364.42,34034.24,15813.43,46.5
3062,May,Abu Dhabi,Security Package,33,689.42,430.72,22750.95,8537.33,37.5
3063,Aug,Dubai,Cloud Storage,49,602.72,242.07,29533.4,17671.95,59.8
3064,Oct,Riyadh,CRM Platform,26,1833.21,911.69,47663.47,23959.4,50.3
3065,Jul,Dubai,Enterprise Software,33,563.71,236.93,18602.29,10783.68,58.0
3066,Jun,Abu Dhabi,Security Package,2,286.25,119.24,572.5,334.02,58.3
3067,Oct,Riyadh,Enterprise Software,42,702.64,332.53,29511.08,15544.71,52.7
3068,Dec,Riyadh,Enterprise Software,21,297.78,149.47,6253.43,3114.53,49.8
3069,Apr,Abu Dhabi,Security Package,38,1908.96,1070.01,72540.58,31880.26,43.9
3070,Dec,Abu Dhabi,Enterprise Software,24,596.92,280.52,14326.07,7593.53,53.0
3071,Aug,Dubai,CRM Platform,29,1277.9,635.99,37059.22,18615.42,50.2
3072,Mar,Dubai,CRM Platform,47,925.79,570.06,43512.35,16719.44,38.4
3073,Mar,Abu Dhabi,Security Package,23,235.03,140.94,5405.75,2164.1,40.0
3074,Jul,Ajman,CRM Platform,4,1967.57,1065.15,7870.27,3609.66,45.9
3075,May,Riyadh,Enterprise Software,2,915.1,485.91,1830.2,858.37,46.9
3076,Feb,Riyadh,Analytics Suite,13,557.19,286.1,7243.48,3524.19,48.7
3077,Jun,Dubai,Cloud Storage,23,1486.85,658.4,34197.64,19054.51,55.7
3078,Feb,Sharjah,CRM Platform,30,1180.43,495.53,35413.01,20547.07,58.0
3079,Mar,Dubai,Cloud Storage,44,382.98,210.92,16851.2,7570.71,44.9
3080,Feb,Dubai,CRM Platform,15,1550.61,712.49,23259.12,12571.71,54.1
3081,Mar,Riyadh,Analytics Suite,30,1092.35,593.54,32770.4,14964.31,45.7
3082,Feb,Sharjah,CRM Platform,13,592.86,248.16,7707.14,4481.05,58.1
3083,May,Riyadh,Analytics Suite,17,1266.6,736.52,21532.18,9011.29,41.9
3084,Jun,Abu Dhabi,Security Package,4,453.53,226.27,1814.13,909.06,50.1
3085,Feb,Riyadh,Enterprise Software,28,695.71,451.33,19479.75,6842.61,35.1
3086,Apr,Abu Dhabi,CRM Platform,44,650.23,276.61,28609.97,16439.18,57.5
3087,Feb,Ajman,Security Package,10,1829.08,1070.43,18290.77,7586.48,41.5
3088,Mar,Ajman,Security Package,12,335.32,204.04,4023.86,1575.38,39.2
3089,Oct,Dubai,CRM Platform,35,1689.18,718.89,59121.34,33960.21,57.4
3090,Sep,Abu Dhabi,Analytics Suite,27,508.92,273.05,13740.71,6368.39,46.3
3091,Aug,Ajman,Security Package,15,1564.18,964.55,23462.72,8994.53,38.3
3092,Apr,Abu Dhabi,Security Package,8,1726.54,767.11,13812.3,7675.44,55.6
3093,Jan,Sharjah,CRM Platform,22,612.03,359.61,13464.77,5553.3,41.2
3094,Dec,Dubai,CRM Platform,38,1180.28,659.97,44850.53,19771.79,44.1
3095,Aug,Ajman,Enterprise Software,31,1460.2,731.07,45266.22,22603.02,49.9
3096,Jul,Ajman,Cloud Storage,34,1603.79,700.27,54529.01,30719.68,56.3
3097,Jan,Dubai,Analytics Suite,25,1173.12,493.99,29327.93,16978.29,57.9
3098,Apr,Abu Dhabi,Cloud Storage,41,828.75,471.12,33978.62,14662.77,43.2
3099,Nov,Dubai,CRM Platform,43,858.87,510.45,36931.53,14982.32,40.6
3100,Feb,Riyadh,CRM Platform,44,676.84,367.09,29780.76,13628.93,45.8
3101,Nov,Dubai,Security Package,50,1886.72,789.0,94336.04,54885.81,58.2
3102,Jun,Riyadh,Cloud Storage,37,916.27,471.13,33902.17,16470.3,48.6
3103,Sep,Riyadh,Enterprise Software,38,1161.67,662.69,44143.35,18961.09,43.0
3104,Oct,Abu Dhabi,CRM Platform,39,1175.34,700.31,45838.41,18526.17,40.4
3105,Mar,Dubai,Cloud Storage,3,1731.57,1038.24,5194.71,2079.98,40.0
3106,Nov,Riyadh,Cloud Storage,35,979.67,568.01,34288.5,14408.12,42.0
3107,May,Sharjah,Security Package,42,433.98,269.34,18227.11,6914.95,37.9
3108,Sep,Sharjah,Security Package,36,1333.13,748.98,47992.64,21029.53,43.8
3109,Aug,Sharjah,Analytics Suite,41,1182.25,608.23,48472.1,23534.59,48.6
3110,Feb,Dubai,CRM Platform,23,1862.57,854.58,42839.08,23183.65,54.1
3111,Aug,Riyadh,CRM Platform,25,1059.68,566.74,26492.06,12323.64,46.5
3112,Oct,Abu Dhabi,Enterprise Software,29,694.82,413.46,20149.78,8159.41,40.5
3113,Dec,Riyadh,Enterprise Software,41,1394.65,718.73,57180.48,27712.44,48.5
3114,Aug,Riyadh,Security Package,25,1175.56,722.09,29388.96,11336.61,38.6
3115,Sep,Riyadh,CRM Platform,32,1493.37,654.81,47787.89,26833.91,56.2
3116,Sep,Abu Dhabi,Analytics Suite,37,553.08,358.7,20463.83,7192.05,35.1
3117,Jun,Dubai,Security Package,44,1143.9,571.55,50331.43,25183.41,50.0
3118,Jun,Abu Dhabi,Cloud Storage,4,1451.9,901.28,5807.61,2202.51,37.9
3119,Jul,Sharjah,CRM Platform,47,1315.17,751.49,61813.01,26492.87,42.9
3120,Jan,Riyadh,Enterprise Software,44,424.69,199.56,18686.18,9905.56,53.0
3121,Dec,Riyadh,Cloud Storage,22,1734.47,810.14,38158.27,20335.28,53.3
3122,Jul,Abu Dhabi,Security Package,30,1268.47,569.58,38054.13,20966.8,55.1
3123,May,Sharjah,Security Package,12,1348.94,753.37,16187.31,7146.9,44.2
3124,Dec,Abu Dhabi,Security Package,37,1724.14,1029.97,63793.09,25684.13,40.3
3125,Sep,Abu Dhabi,Cloud Storage,37,1882.17,912.94,69640.12,35861.42,51.5
3126,Feb,Abu Dhabi,Analytics Suite,44,1424.95,686.78,62697.94,32479.4,51.8
3127,Dec,Riyadh,Analytics Suite,31,520.22,330.99,16126.74,5866.0,36.4
3128,Oct,Ajman,Cloud Storage,11,926.57,507.1,10192.3,4614.25,45.3
3129,Sep,Abu Dhabi,Analytics Suite,39,1607.03,791.48,62674.12,31806.3,50.7
3130,Feb,Abu Dhabi,Security Package,36,1479.11,728.18,53247.87,27033.53,50.8
3131,Sep,Dubai,CRM Platform,17,1921.27,1224.6,32661.52,11843.26,36.3
3132,Jan,Riyadh,Analytics Suite,40,776.79,405.44,31071.78,14854.11,47.8
3133,Apr,Sharjah,Analytics Suite,1,549.49,306.08,549.49,243.41,44.3
3134,Oct,Dubai,Security Package,5,1867.37,799.79,9336.87,5337.89,57.2
3135,Aug,Ajman,Security Package,11,284.4,150.84,3128.42,1469.15,47.0
3136,Apr,Sharjah,Security Package,18,1628.21,686.3,29307.83,16954.5,57.8
3137,Jul,Sharjah,Cloud Storage,20,358.77,169.85,7175.46,3778.51,52.7
3138,Jun,Dubai,Analytics Suite,13,393.0,228.82,5109.0,2134.37,41.8
3139,Apr,Sharjah,Security Package,27,1056.54,646.04,28526.58,11083.47,38.9
3140,Apr,Riyadh,Enterprise Software,28,1005.19,481.82,28145.27,14654.4,52.1
3141,May,Dubai,Security Package,10,1454.83,815.91,14548.27,6389.19,43.9
3142,Feb,Dubai,Analytics Suite,3,1597.4,709.77,4792.2,2662.88,55.6
3143,Sep,Ajman,Security Package,8,1452.94,771.41,11623.54,5452.25,46.9
3144,Oct,Riyadh,Enterprise Software,47,1702.84,1003.73,80033.57,32858.49,41.1
3145,Jun,Dubai,Analytics Suite,9,623.02,329.3,5607.16,2643.42,47.1
3146,Jul,Riyadh,Analytics Suite,11,1802.33,1142.31,19825.67,7260.29,36.6
3147,Jul,Riyadh,CRM Platform,4,1919.98,1182.73,7679.93,2949.03,38.4
3148,Jul,Riyadh,Security Package,49,1009.6,515.45,49470.57,24213.35,48.9
3149,Mar,Sharjah,Cloud Storage,32,1470.98,776.02,47071.46,22238.81,47.2
3150,Nov,Sharjah,Security Package,22,1519.2,767.94,33422.36,16527.65,49.5
3151,Dec,Sharjah,Analytics Suite,40,718.46,377.56,28738.35,13636.12,47.4
3152,Feb,Sharjah,Security Package,6,1662.35,842.86,9974.11,4916.97,49.3
3153,Mar,Sharjah,Enterprise Software,1,1788.48,734.56,1788.48,1053.92,58.9
3154,Nov,Sharjah,Analytics Suite,15,1255.4,777.85,18830.95,7163.26,38.0
3155,Mar,Dubai,Cloud Storage,42,1779.27,1104.52,74729.3,28339.52,37.9
3156,Jun,Dubai,Analytics Suite,5,575.02,276.58,2875.1,1492.19,51.9
3157,Sep,Ajman,Enterprise Software,14,1340.15,678.68,18762.13,9260.6,49.4
3158,May,Abu Dhabi,Enterprise Software,20,711.85,377.25,14237.07,6692.1,47.0
3159,Jul,Riyadh,CRM Platform,38,1315.93,762.17,50005.42,21043.06,42.1
3160,Dec,Abu Dhabi,CRM Platform,15,961.53,600.68,14422.95,5412.69,37.5
3161,Nov,Ajman,Analytics Suite,27,469.47,188.53,12675.65,7585.22,59.8
3162,Dec,Sharjah,Security Package,46,501.88,247.03,23086.3,11723.03,50.8
3163,Sep,Abu Dhabi,Enterprise Software,14,1649.69,731.17,23095.7,12859.26,55.7
3164,Dec,Riyadh,Enterprise Software,9,542.76,225.64,4884.86,2854.09,58.4
3165,Mar,Abu Dhabi,Security Package,42,212.75,101.32,8935.57,4680.3,52.4
3166,Jul,Dubai,Enterprise Software,48,214.61,90.66,10301.12,5949.28,57.8
3167,May,Abu Dhabi,CRM Platform,32,488.27,282.9,15624.69,6571.96,42.1
3168,Jan,Ajman,Analytics Suite,35,497.11,257.46,17398.73,8387.66,48.2
3169,Nov,Riyadh,Enterprise Software,30,518.49,230.82,15554.82,8630.34,55.5
3170,Aug,Sharjah,CRM Platform,21,668.61,430.13,14040.88,5008.04,35.7
3171,Aug,Riyadh,Analytics Suite,9,882.04,543.06,7938.34,3050.83,38.4
3172,Mar,Dubai,Analytics Suite,40,362.42,218.96,14496.85,5738.33,39.6
3173,Nov,Ajman,CRM Platform,36,633.96,269.79,22822.56,13110.14,57.4
3174,Mar,Dubai,Security Package,46,991.17,426.43,45593.62,25977.77,57.0
3175,Feb,Ajman,Cloud Storage,30,1437.47,646.26,43124.07,23736.34,55.0
3176,Nov,Abu Dhabi,Security Package,38,1939.92,1239.94,73716.82,26599.04,36.1
3177,Mar,Dubai,Analytics Suite,12,479.34,306.2,5752.14,2077.68,36.1
3178,Dec,Riyadh,Cloud Storage,27,1786.81,1141.47,48243.75,17423.93,36.1
3179,Nov,Ajman,Analytics Suite,38,335.65,159.7,12754.82,6686.08,52.4
3180,Mar,Riyadh,Security Package,16,1814.07,873.07,29025.15,15056.05,51.9
3181,Oct,Sharjah,Cloud Storage,35,565.74,304.92,19800.75,9128.42,46.1
3182,Jul,Sharjah,Analytics Suite,8,1080.39,606.26,8643.09,3793.0,43.9
3183,Mar,Ajman,Cloud Storage,26,721.72,458.63,18764.64,6840.19,36.5
3184,May,Riyadh,Analytics Suite,17,1239.7,791.26,21074.83,7623.41,36.2
3185,Dec,Ajman,Security Package,47,409.66,255.35,19254.12,7252.68,37.7
3186,Aug,Riyadh,Security Package,1,536.23,237.86,536.23,298.37,55.6
3187,Jan,Dubai,Cloud Storage,22,643.68,402.47,14160.98,5306.57,37.5
3188,Aug,Ajman,Security Package,47,402.52,210.35,18918.61,9032.09,47.7
3189,Oct,Sharjah,Cloud Storage,36,1902.45,1007.8,68488.12,32207.48,47.0
3190,Jan,Abu Dhabi,Cloud Storage,44,1554.95,660.29,68417.72,39364.88,57.5
3191,Dec,Sharjah,CRM Platform,47,1753.36,941.55,82407.95,38155.3,46.3
3192,Jan,Abu Dhabi,Enterprise Software,17,1569.79,819.8,26686.5,12749.84,47.8
3193,Sep,Ajman,Security Package,33,1754.52,894.09,57899.21,28394.21,49.0
3194,Nov,Abu Dhabi,Analytics Suite,33,843.26,387.22,27827.44,15049.11,54.1
3195,Jan,Riyadh,CRM Platform,49,1622.6,979.08,79507.64,31532.52,39.7
3196,Jan,Dubai,Cloud Storage,18,1960.38,899.96,35286.87,19087.66,54.1
3197,Oct,Ajman,Enterprise Software,37,777.32,400.36,28760.89,13947.49,48.5
3198,Apr,Sharjah,Cloud Storage,47,1226.93,775.58,57665.66,21213.22,36.8
3199,Mar,Dubai,Enterprise Software,42,1238.94,736.93,52035.45,21084.5,40.5
3200,Nov,Riyadh,Analytics Suite,2,366.46,164.8,732.91,403.31,55.0
3201,Apr,Sharjah,Security Package,4,1301.74,584.59,5206.98,2868.61,55.1
3202,Jul,Dubai,Security Package,31,348.77,199.39,10811.75,4630.74,42.8
3203,Oct,Ajman,Enterprise Software,8,461.33,190.12,3690.65,2169.72,58.8
3204,Feb,Abu Dhabi,Cloud Storage,14,483.33,298.06,6766.59,2593.75,38.3
3205,Aug,Ajman,CRM Platform,49,1388.33,573.9,68028.12,39906.94,58.7
3206,Feb,Riyadh,Enterprise Software,8,888.65,378.68,7109.18,4079.77,57.4
3207,Feb,Abu Dhabi,Enterprise Software,40,1499.01,766.93,59960.29,29283.24,48.8
3208,Aug,Sharjah,Security Package,16,556.31,309.17,8901.0,3954.33,44.4
3209,May,Abu Dhabi,Enterprise Software,37,546.4,270.51,20216.81,10208.05,50.5
3210,Jan,Abu Dhabi,Security Package,43,521.91,293.65,22442.04,9814.88,43.7
3211,Feb,Sharjah,Security Package,10,1575.85,741.45,15758.48,8343.94,52.9
3212,May,Dubai,Enterprise Software,2,1621.71,925.61,3243.41,1392.2,42.9
3213,Jun,Riyadh,Cloud Storage,1,1237.57,596.09,1237.57,641.48,51.8
3214,Oct,Abu Dhabi,Cloud Storage,19,876.04,354.16,16644.73,9915.62,59.6
3215,Dec,Riyadh,Cloud Storage,24,1990.22,970.22,47765.3,24480.01,51.3
3216,Dec,Ajman,Enterprise Software,48,1379.28,829.42,66205.51,26393.45,39.9
3217,Oct,Abu Dhabi,Security Package,23,430.77,247.1,9907.62,4224.21,42.6
3218,Feb,Ajman,Enterprise Software,15,1943.99,835.26,29159.91,16630.99,57.0
3219,Jul,Sharjah,Cloud Storage,23,1189.45,636.25,27357.37,12723.64,46.5
3220,Mar,Ajman,Analytics Suite,14,1723.42,801.11,24127.82,12912.26,53.5
3221,Jan,Dubai,Cloud Storage,10,1982.18,1253.82,19821.8,7283.59,36.7
3222,Jun,Ajman,Enterprise Software,40,491.52,224.97,19660.68,10661.95,54.2
3223,Jan,Ajman,Analytics Suite,11,1278.32,530.99,14061.52,8220.65,58.5
3224,Jul,Dubai,CRM Platform,38,240.28,109.82,9130.82,4957.58,54.3
3225,Sep,Abu Dhabi,Analytics Suite,42,1901.27,811.39,79853.52,45775.24,57.3
3226,Mar,Sharjah,Analytics Suite,44,1337.12,537.38,58833.39,35188.58,59.8
3227,Apr,Sharjah,Enterprise Software,4,424.45,235.16,1697.8,757.16,44.6
3228,Oct,Ajman,CRM Platform,50,1351.71,665.23,67585.48,34323.86,50.8
3229,Feb,Sharjah,Security Package,24,997.06,567.59,23929.49,10307.22,43.1
3230,May,Sharjah,Analytics Suite,28,1718.31,1093.61,48112.67,17491.72,36.4
3231,Feb,Sharjah,CRM Platform,9,1706.19,789.58,15355.68,8249.46,53.7
3232,Feb,Ajman,Enterprise Software,3,1198.89,710.09,3596.68,1466.41,40.8
3233,Jan,Riyadh,Enterprise Software,14,247.96,155.69,3471.46,1291.85,37.2
3234,Apr,Ajman,Security Package,7,1008.79,473.16,7061.5,3749.36,53.1
3235,Mar,Dubai,CRM Platform,28,1129.3,605.41,31620.51,14668.97,46.4
3236,Dec,Riyadh,Enterprise Software,43,859.24,366.77,36947.28,21176.31,57.3
3237,Dec,Riyadh,Enterprise Software,7,1953.56,1125.4,13674.93,5797.13,42.4
3238,Apr,Ajman,Enterprise Software,33,276.41,141.87,9121.57,4440.01,48.7
3239,Aug,Abu Dhabi,Enterprise Software,46,612.54,257.22,28176.85,16344.63,58.0
3240,Jun,Dubai,Analytics Suite,34,1917.0,1002.61,65177.92,31089.33,47.7
3241,Mar,Abu Dhabi,CRM Platform,8,1467.32,596.02,11738.53,6970.37,59.4
3242,Mar,Riyadh,CRM Platform,23,1157.05,615.58,26612.04,12453.62,46.8
3243,Jul,Sharjah,CRM Platform,46,973.07,450.96,44761.35,24017.14,53.7
3244,Feb,Dubai,Cloud Storage,36,209.84,94.37,7554.24,4156.79,55.0
3245,Jul,Abu Dhabi,Security Package,11,1680.65,1058.58,18487.19,6842.77,37.0
3246,Jul,Ajman,Analytics Suite,26,986.26,431.22,25642.65,14430.96,56.3
3247,Feb,Sharjah,Security Package,34,632.99,275.07,21521.53,12169.23,56.5
3248,Jan,Ajman,Enterprise Software,4,1963.68,983.31,7854.72,3921.5,49.9
3249,May,Ajman,Enterprise Software,22,1328.31,539.6,29222.77,17351.51,59.4
3250,Jan,Dubai,Enterprise Software,29,1259.33,713.58,36520.45,15826.71,43.3
3251,Jan,Dubai,Analytics Suite,2,1548.24,720.97,3096.48,1654.53,53.4
3252,Sep,Abu Dhabi,Security Package,5,1676.99,906.8,8384.93,3850.94,45.9
3253,Jan,Sharjah,Security Package,21,648.72,421.26,13623.18,4776.68,35.1
3254,Mar,Dubai,Analytics Suite,3,659.94,364.43,1979.82,886.54,44.8
3255,May,Dubai,Security Package,42,1694.24,1025.74,71157.9,28076.92,39.5
3256,Sep,Ajman,Security Package,32,1349.99,758.7,43199.58,18921.13,43.8
3257,Oct,Abu Dhabi,CRM Platform,29,1433.28,864.86,41565.13,16484.05,39.7
3258,Sep,Ajman,Security Package,48,726.71,365.33,34882.02,17346.07,49.7
3259,Mar,Ajman,Enterprise Software,14,1072.92,684.67,15020.88,5435.51,36.2
3260,Oct,Ajman,CRM Platform,18,646.84,393.1,11643.03,4567.22,39.2
3261,Mar,Sharjah,CRM Platform,14,1526.54,979.67,21371.59,7656.15,35.8
3262,May,Riyadh,Security Package,38,1223.23,524.14,46482.84,26565.66,57.2
3263,Jan,Riyadh,CRM Platform,5,1480.68,929.52,7403.38,2755.78,37.2
3264,Nov,Abu Dhabi,CRM Platform,9,247.35,127.84,2226.17,1075.65,48.3
3265,Sep,Riyadh,CRM Platform,11,390.24,196.17,4292.69,2134.81,49.7
3266,Nov,Abu Dhabi,Enterprise Software,43,1329.99,563.61,57189.4,32954.28,57.6
3267,Apr,Riyadh,Enterprise Software,24,1431.82,841.53,34363.75,14167.1,41.2
3268,Oct,Riyadh,Security Package,33,1792.91,1066.8,59166.09,23961.68,40.5
3269,Feb,Ajman,Cloud Storage,6,1956.82,1253.6,11740.92,4219.34,35.9
3270,Nov,Riyadh,Security Package,38,1936.25,1223.61,73577.42,27080.11,36.8
3271,Feb,Riyadh,Enterprise Software,35,1870.54,1166.36,65468.77,24646.32,37.6
3272,Mar,Sharjah,Security Package,11,1564.1,802.11,17205.09,8381.93,48.7
3273,Sep,Sharjah,Security Package,48,1868.78,1014.32,89701.64,41014.11,45.7
3274,Jun,Ajman,Security Package,29,1878.51,1004.58,54476.86,25344.0,46.5
3275,May,Dubai,Enterprise Software,35,284.28,147.42,9949.81,4790.07,48.1
3276,Mar,Ajman,Enterprise Software,13,884.45,372.6,11497.85,6654.01,57.9
3277,Feb,Riyadh,CRM Platform,49,1366.31,575.23,66949.37,38763.14,57.9
3278,Aug,Abu Dhabi,Security Package,44,1670.86,781.3,73517.66,39140.51,53.2
3279,Nov,Abu Dhabi,Security Package,28,1207.44,635.32,33808.32,16019.34,47.4
3280,Oct,Ajman,CRM Platform,43,1874.39,973.34,80598.64,38745.06,48.1
3281,Jan,Dubai,Analytics Suite,38,838.35,484.86,31857.46,13432.84,42.2
3282,Oct,Sharjah,Enterprise Software,28,402.49,203.98,11269.65,5558.33,49.3
3283,Nov,Ajman,Security Package,16,518.65,244.3,8298.44,4389.63,52.9
3284,Apr,Riyadh,Security Package,22,1501.16,733.33,33025.47,16892.17,51.1
3285,Nov,Ajman,Security Package,43,1354.12,603.17,58227.09,32290.92,55.5
3286,Jul,Dubai,Security Package,45,1351.38,822.68,60811.97,23791.37,39.1
3287,Sep,Ajman,CRM Platform,16,1496.64,948.7,23946.22,8766.97,36.6
3288,May,Ajman,Enterprise Software,29,1121.06,490.94,32510.77,18273.58,56.2
3289,Mar,Ajman,Enterprise Software,36,808.43,401.37,29103.56,14654.11,50.4
3290,Oct,Abu Dhabi,Analytics Suite,49,637.68,355.56,31246.54,13824.12,44.2
3291,Sep,Sharjah,Security Package,9,200.62,128.78,1805.56,646.54,35.8
3292,Sep,Abu Dhabi,Analytics Suite,26,1158.87,608.93,30130.52,14298.37,47.5
3293,Jul,Riyadh,Enterprise Software,9,1973.02,984.14,17757.2,8899.96,50.1
3294,Aug,Abu Dhabi,Security Package,39,1236.35,625.88,48217.67,23808.5,49.4
3295,Feb,Riyadh,Enterprise Software,20,332.94,216.3,6658.71,2332.69,35.0
3296,Dec,Dubai,Security Package,16,843.94,496.98,13503.12,5551.5,41.1
3297,Apr,Riyadh,Cloud Storage,46,933.28,427.6,42931.02,23261.65,54.2
3298,Jan,Ajman,CRM Platform,22,535.84,247.64,11788.58,6340.41,53.8
3299,Sep,Sharjah,Analytics Suite,33,369.91,178.71,12207.1,6309.69,51.7
3300,Jun,Dubai,Cloud Storage,18,1550.86,812.49,27915.44,13290.6,47.6
3301,Oct,Sharjah,Enterprise Software,7,972.05,546.85,6804.36,2976.42,43.7
3302,May,Abu Dhabi,Analytics Suite,2,1617.86,815.56,3235.71,1604.6,49.6
3303,Dec,Dubai,CRM Platform,31,1813.84,1147.87,56228.92,20645.04,36.7
3304,Mar,Dubai,Security Package,45,665.65,355.83,29954.04,13941.81,46.5
3305,Sep,Riyadh,Enterprise Software,35,1921.57,1119.07,67254.84,28087.54,41.8
3306,Sep,Ajman,CRM Platform,10,374.42,157.22,3744.17,2171.97,58.0
3307,Sep,Sharjah,CRM Platform,7,1617.1,986.32,11319.69,4415.43,39.0
3308,Jul,Riyadh,Cloud Storage,41,877.76,409.26,35988.04,19208.38,53.4
3309,Nov,Ajman,Security Package,35,1311.33,824.55,45896.62,17037.54,37.1
3310,Dec,Riyadh,CRM Platform,40,1189.19,568.32,47567.75,24834.94,52.2
3311,Oct,Riyadh,CRM Platform,20,1439.64,887.8,28792.81,11036.77,38.3
3312,Oct,Sharjah,Analytics Suite,17,1962.01,1178.96,33354.22,13311.84,39.9
3313,Feb,Dubai,Enterprise Software,40,442.58,243.32,17703.27,7970.42,45.0
3314,Nov,Abu Dhabi,Enterprise Software,50,1059.96,519.73,52998.1,27011.6,51.0
3315,Jun,Ajman,Enterprise Software,8,326.69,137.1,2613.52,1516.75,58.0
3316,Oct,Dubai,Cloud Storage,35,1554.87,837.78,54420.5,25098.2,46.1
3317,Jul,Ajman,Cloud Storage,21,647.4,416.9,13595.3,4840.39,35.6
3318,Sep,Abu Dhabi,Enterprise Software,38,667.83,329.3,25377.53,12863.94,50.7
3319,Aug,Dubai,CRM Platform,1,288.47,158.24,288.47,130.24,45.1
3320,Mar,Riyadh,Analytics Suite,20,1154.64,629.38,23092.7,10505.08,45.5
3321,May,Abu Dhabi,Enterprise Software,25,1997.55,1139.81,49938.8,21443.62,42.9
3322,Oct,Sharjah,Security Package,28,976.41,490.76,27339.54,13598.27,49.7
3323,May,Sharjah,CRM Platform,11,225.84,134.97,2484.23,999.59,40.2
3324,Jul,Sharjah,Analytics Suite,24,1082.05,552.68,25969.27,12704.84,48.9
3325,Oct,Riyadh,Enterprise Software,29,1608.53,767.48,46647.38,24390.5,52.3
3326,Apr,Sharjah,Cloud Storage,33,1649.48,671.7,54432.72,32266.47,59.3
3327,Jun,Abu Dhabi,Cloud Storage,17,1638.07,1013.92,27847.26,10610.6,38.1
3328,Jul,Abu Dhabi,Cloud Storage,22,1461.08,604.23,32143.7,18850.73,58.6
3329,Oct,Ajman,Analytics Suite,39,824.64,520.63,32161.05,11856.55,36.9
3330,Mar,Dubai,CRM Platform,12,413.15,180.97,4957.75,2786.06,56.2
3331,Jul,Abu Dhabi,CRM Platform,31,1449.11,751.34,44922.39,21630.71,48.2
3332,Jun,Ajman,Cloud Storage,40,321.2,130.71,12847.92,7619.63,59.3
3333,May,Dubai,Cloud Storage,46,1970.29,833.58,90633.3,52288.61,57.7
3334,Sep,Riyadh,Analytics Suite,34,1350.95,875.88,45932.37,16152.42,35.2
3335,Jan,Dubai,Security Package,7,1054.25,557.77,7379.78,3475.38,47.1
3336,Dec,Ajman,CRM Platform,32,1984.95,857.42,63518.29,36080.74,56.8
3337,Oct,Dubai,Cloud Storage,39,1788.46,875.62,69749.99,35601.01,51.0
3338,Aug,Dubai,Analytics Suite,9,1989.59,999.05,17906.3,8914.88,49.8
3339,Nov,Sharjah,Cloud Storage,28,337.05,196.37,9437.44,3939.08,41.7
3340,Apr,Abu Dhabi,Enterprise Software,34,652.21,380.8,22175.19,9228.12,41.6
3341,Apr,Ajman,Analytics Suite,28,822.29,449.95,23024.25,10425.71,45.3
3342,Jan,Ajman,Security Package,30,1197.39,770.43,35921.81,12808.79,35.7
3343,May,Abu Dhabi,Analytics Suite,33,514.69,222.34,16984.81,9647.72,56.8
3344,Sep,Riyadh,Cloud Storage,21,1781.57,873.87,37412.97,19061.63,50.9
3345,Jan,Sharjah,Enterprise Software,44,1900.23,880.98,83610.16,44847.14,53.6
3346,Nov,Sharjah,Analytics Suite,30,809.37,353.22,24281.12,13684.58,56.4
3347,Feb,Abu Dhabi,Enterprise Software,9,1900.04,833.24,17100.32,9601.13,56.1
3348,Sep,Ajman,Analytics Suite,40,1577.63,919.35,63105.2,26331.08,41.7
3349,Dec,Ajman,Security Package,6,1011.35,632.39,6068.1,2273.76,37.5
3350,Apr,Ajman,Cloud Storage,43,728.25,408.09,31314.56,13766.54,44.0
3351,Mar,Abu Dhabi,CRM Platform,2,544.93,331.4,1089.86,427.06,39.2
3352,Nov,Riyadh,CRM Platform,11,1675.37,1046.16,18429.03,6921.3,37.6
3353,Nov,Sharjah,Enterprise Software,35,309.4,189.26,10829.03,4204.93,38.8
3354,Apr,Riyadh,CRM Platform,3,658.87,381.28,1976.62,832.77,42.1
3355,Jul,Abu Dhabi,Enterprise Software,39,1989.79,1282.85,77601.96,27570.8,35.5
3356,Sep,Sharjah,Security Package,10,680.18,424.06,6801.78,2561.22,37.7
3357,May,Sharjah,Cloud Storage,1,264.38,166.61,264.38,97.76,37.0
3358,Feb,Dubai,Security Package,46,1770.66,903.27,81450.2,39899.57,49.0
3359,Sep,Riyadh,Analytics Suite,5,1716.61,834.85,8583.04,4408.81,51.4
3360,May,Abu Dhabi,Analytics Suite,17,1850.22,1182.07,31453.77,11358.65,36.1
3361,Jul,Sharjah,Analytics Suite,4,1686.53,763.27,6746.13,3693.06,54.7
3362,Dec,Riyadh,Analytics Suite,5,1055.2,585.52,5276.0,2348.43,44.5
3363,Feb,Ajman,Security Package,1,1355.22,762.62,1355.22,592.6,43.7
3364,Nov,Sharjah,Cloud Storage,39,422.0,225.41,16457.97,7666.82,46.6
3365,Nov,Riyadh,Security Package,17,1773.44,1035.4,30148.48,12546.74,41.6
3366,Oct,Riyadh,Security Package,28,1978.71,1052.52,55403.87,25933.25,46.8
3367,Jan,Abu Dhabi,Security Package,20,1987.77,951.4,39755.48,20727.49,52.1
3368,Aug,Riyadh,Cloud Storage,7,693.63,355.39,4855.43,2367.74,48.8
3369,Jul,Abu Dhabi,Analytics Suite,15,265.57,112.17,3983.59,2300.98,57.8
3370,Dec,Riyadh,Security Package,25,1478.85,656.25,36971.27,20564.99,55.6
3371,Sep,Abu Dhabi,Cloud Storage,42,607.49,311.27,25514.64,12441.38,48.8
3372,Apr,Riyadh,Cloud Storage,37,1626.23,711.86,60170.43,33831.61,56.2
3373,Aug,Dubai,Security Package,2,905.41,547.08,1810.83,716.68,39.6
3374,Mar,Riyadh,Cloud Storage,34,1760.48,1110.93,59856.37,22084.7,36.9
3375,Apr,Riyadh,Security Package,11,462.27,190.08,5084.97,2994.05,58.9
3376,Mar,Dubai,Enterprise Software,15,516.31,206.8,7744.69,4642.72,59.9
3377,Jul,Dubai,Security Package,30,981.15,420.57,29434.41,16817.24,57.1
3378,Nov,Dubai,Security Package,39,1408.65,760.01,54937.41,25297.19,46.0
3379,Feb,Ajman,CRM Platform,1,1185.93,716.85,1185.93,469.09,39.6
3380,Jul,Abu Dhabi,Analytics Suite,6,719.77,452.97,4318.65,1600.85,37.1
3381,May,Abu Dhabi,Security Package,21,1369.78,767.47,28765.3,12648.44,44.0
3382,Sep,Dubai,Security Package,49,285.26,148.52,13977.56,6700.19,47.9
3383,Nov,Ajman,Security Package,9,550.98,263.0,4958.8,2591.8,52.3
3384,Nov,Riyadh,Analytics Suite,7,262.76,118.15,1839.35,1012.31,55.0
3385,Jul,Dubai,CRM Platform,12,206.31,124.68,2475.78,979.56,39.6
3386,Dec,Sharjah,Analytics Suite,38,882.54,537.05,33536.56,13128.8,39.1
3387,Dec,Sharjah,Enterprise Software,3,984.64,633.23,2953.92,1054.22,35.7
3388,May,Ajman,CRM Platform,6,332.89,208.47,1997.32,746.5,37.4
3389,May,Ajman,Analytics Suite,6,1476.13,850.28,8856.75,3755.09,42.4
3390,Jan,Abu Dhabi,Analytics Suite,29,1174.98,499.53,34074.33,19587.87,57.5
3391,May,Riyadh,Security Package,50,1313.5,539.18,65675.24,38716.25,59.0
3392,Jun,Riyadh,Enterprise Software,50,1211.06,543.35,60552.81,33385.07,55.1
3393,Apr,Ajman,Security Package,19,1197.13,591.96,22745.47,11498.29,50.6
3394,Oct,Riyadh,Security Package,26,486.75,268.56,12655.5,5673.04,44.8
3395,Apr,Dubai,Security Package,35,980.21,528.19,34307.29,15820.63,46.1
3396,Aug,Riyadh,Enterprise Software,34,1991.01,1125.13,67694.4,29440.09,43.5
3397,Feb,Ajman,Security Package,24,255.14,153.27,6123.43,2445.01,39.9
3398,Jun,Ajman,Cloud Storage,30,1719.01,932.28,51570.22,23601.76,45.8
3399,Dec,Ajman,Enterprise Software,39,626.15,253.95,24419.68,14515.81,59.4
3400,Jul,Dubai,Cloud Storage,45,1575.2,771.26,70884.04,36177.32,51.0
3401,Sep,Riyadh,Security Package,12,884.25,420.62,10611.03,5563.56,52.4
3402,Jan,Dubai,Security Package,49,1898.49,1185.29,93026.23,34947.11,37.6
3403,Feb,Sharjah,Cloud Storage,30,850.17,448.57,25505.17,12048.03,47.2
3404,Aug,Dubai,CRM Platform,30,723.42,305.68,21702.52,12532.05,57.7
3405,May,Abu Dhabi,CRM Platform,25,1283.82,765.18,32095.54,12966.13,40.4
3406,Nov,Dubai,Security Package,42,1192.57,560.6,50087.79,26542.39,53.0
3407,Jul,Riyadh,Security Package,9,984.34,437.3,8859.03,4923.35,55.6
3408,Aug,Abu Dhabi,Security Package,22,1122.01,469.69,24684.18,14351.09,58.1
3409,Dec,Dubai,Analytics Suite,47,859.59,540.74,40400.94,14986.24,37.1
3410,Jun,Dubai,Security Package,44,728.57,379.97,32056.96,15338.4,47.8
3411,Jul,Dubai,Analytics Suite,50,1110.44,444.98,55521.78,33273.01,59.9
3412,Mar,Riyadh,Cloud Storage,24,1094.5,437.82,26268.02,15760.41,60.0
3413,Dec,Riyadh,Enterprise Software,4,314.06,156.98,1256.26,628.35,50.0
3414,May,Sharjah,CRM Platform,4,1026.84,464.97,4107.38,2247.48,54.7
3415,Aug,Abu Dhabi,Analytics Suite,12,1105.58,696.39,13266.93,4910.28,37.0
3416,Dec,Riyadh,Analytics Suite,18,209.1,88.29,3763.84,2174.6,57.8
3417,Mar,Riyadh,Security Package,11,1439.93,834.1,15839.18,6664.03,42.1
3418,Mar,Abu Dhabi,Enterprise Software,27,330.48,209.99,8922.92,3253.3,36.5
3419,Jan,Riyadh,Analytics Suite,31,318.64,190.09,9877.84,3984.96,40.3
3420,Feb,Riyadh,Enterprise Software,8,1233.85,794.21,9870.8,3517.15,35.6
3421,Aug,Riyadh,Cloud Storage,7,1965.9,1109.23,13761.29,5996.7,43.6
3422,Jul,Sharjah,Cloud Storage,6,1545.56,635.08,9273.34,5462.88,58.9
3423,Aug,Sharjah,Cloud Storage,4,1677.47,728.09,6709.87,3797.51,56.6
3424,Aug,Dubai,Enterprise Software,5,1657.39,908.93,8286.96,3742.29,45.2
3425,Aug,Dubai,Enterprise Software,17,1830.89,1112.26,31125.16,12216.8,39.3
3426,Oct,Dubai,Security Package,20,1211.19,583.56,24223.88,12552.64,51.8
3427,Nov,Sharjah,Cloud Storage,10,1635.41,867.54,16354.08,7678.64,47.0
3428,Sep,Ajman,Security Package,37,584.01,358.8,21608.35,8332.92,38.6
3429,Oct,Sharjah,Cloud Storage,17,702.25,363.8,11938.27,5753.6,48.2
3430,Dec,Dubai,CRM Platform,6,1926.81,1152.73,11560.83,4644.47,40.2
3431,Aug,Riyadh,Cloud Storage,13,1648.59,993.66,21431.7,8514.08,39.7
3432,Dec,Dubai,Cloud Storage,50,327.3,152.02,16365.09,8764.26,53.6
3433,Jun,Dubai,Cloud Storage,50,1210.66,669.13,60533.23,27076.91,44.7
3434,Feb,Abu Dhabi,Cloud Storage,30,1806.32,818.87,54189.7,29623.67,54.7
3435,May,Sharjah,CRM Platform,34,1575.09,954.45,53553.18,21101.88,39.4
3436,Jul,Sharjah,Cloud Storage,34,308.86,190.1,10501.1,4037.56,38.4
3437,Jan,Riyadh,CRM Platform,48,972.68,436.19,46688.66,25751.64,55.2
3438,Dec,Riyadh,Cloud Storage,17,1803.79,1141.33,30664.47,11261.92,36.7
3439,Sep,Riyadh,Cloud Storage,20,1941.81,931.06,38836.23,20215.04,52.1
3440,Nov,Abu Dhabi,CRM Platform,20,930.61,404.32,18612.12,10525.62,56.6
3441,Jun,Dubai,Analytics Suite,4,1001.93,512.07,4007.72,1959.44,48.9
3442,Jul,Sharjah,Enterprise Software,24,1008.17,487.85,24196.18,12487.87,51.6
3443,Jul,Dubai,Analytics Suite,11,570.78,254.39,6278.6,3480.27,55.4
3444,Jan,Dubai,Security Package,35,1886.45,1180.12,66025.79,24721.49,37.4
3445,Jan,Sharjah,Enterprise Software,32,1332.1,635.9,42627.18,22278.31,52.3
3446,Feb,Dubai,Security Package,15,379.51,159.71,5692.71,3297.02,57.9
3447,Sep,Dubai,CRM Platform,25,370.56,239.59,9263.96,3274.16,35.3
3448,Jun,Dubai,Cloud Storage,19,1467.49,750.32,27882.26,13626.16,48.9
3449,Nov,Ajman,Enterprise Software,45,518.87,289.77,23348.96,10309.46,44.2
3450,Jun,Ajman,Security Package,15,767.23,483.34,11508.43,4258.36,37.0
3451,Nov,Sharjah,Enterprise Software,12,1996.78,1244.48,23961.36,9027.63,37.7
3452,Aug,Abu Dhabi,Cloud Storage,21,1612.88,1008.09,33870.49,12700.61,37.5
3453,Jan,Sharjah,Enterprise Software,11,1747.88,1031.05,19226.65,7885.1,41.0
3454,Jun,Dubai,Enterprise Software,8,807.07,496.92,6456.55,2481.21,38.4
3455,Nov,Abu Dhabi,Analytics Suite,44,1435.51,667.38,63162.37,33797.72,53.5
3456,Jan,Riyadh,Analytics Suite,29,708.54,452.73,20547.52,7418.37,36.1
3457,Aug,Ajman,Enterprise Software,46,544.27,235.28,25036.56,14213.66,56.8
3458,Jan,Riyadh,Security Package,23,1474.93,807.49,33923.5,15351.34,45.3
3459,Apr,Sharjah,Enterprise Software,43,1551.79,646.23,66727.1,38939.22,58.4
3460,May,Dubai,CRM Platform,44,1319.67,847.84,58065.62,20760.86,35.8
3461,Dec,Dubai,Cloud Storage,38,413.33,194.0,15706.6,8334.57,53.1
3462,Apr,Abu Dhabi,Enterprise Software,28,282.09,155.97,7898.6,3531.51,44.7
3463,Feb,Sharjah,Enterprise Software,35,739.81,409.38,25893.19,11564.99,44.7
3464,Nov,Dubai,Cloud Storage,22,1784.9,989.1,39267.81,17507.56,44.6
3465,Jun,Abu Dhabi,Security Package,23,1567.94,722.67,36062.56,19441.05,53.9
3466,Jun,Sharjah,Security Package,10,282.27,140.28,2822.68,1419.86,50.3
3467,Jul,Dubai,Enterprise Software,32,1224.91,666.84,39197.12,17858.12,45.6
3468,Oct,Dubai,CRM Platform,28,1897.23,1189.96,53122.39,19803.59,37.3
3469,Feb,Riyadh,Enterprise Software,35,896.34,456.96,31372.02,15378.31,49.0
3470,Dec,Sharjah,Enterprise Software,16,1993.01,1046.8,31888.14,15139.26,47.5
3471,Nov,Abu Dhabi,Cloud Storage,13,1226.5,579.21,15944.46,8414.78,52.8
3472,Apr,Riyadh,Analytics Suite,2,205.0,107.15,410.0,195.7,47.7
3473,Jun,Ajman,Cloud Storage,21,214.49,94.41,4504.29,2521.64,56.0
3474,Feb,Sharjah,Enterprise Software,32,582.53,288.28,18640.95,9416.09,50.5
3475,Jul,Sharjah,Cloud Storage,12,714.56,367.89,8574.77,4160.1,48.5
3476,Oct,Sharjah,Cloud Storage,4,1329.93,751.9,5319.7,2312.09,43.5
3477,Apr,Riyadh,Cloud Storage,15,753.89,462.89,11308.31,4364.98,38.6
3478,Dec,Dubai,Enterprise Software,3,1228.37,688.86,3685.12,1618.55,43.9
3479,Jun,Ajman,Enterprise Software,16,210.11,124.19,3361.82,1374.73,40.9
3480,Jul,Riyadh,Security Package,33,655.9,264.65,21644.65,12911.33,59.7
3481,Jul,Dubai,Enterprise Software,26,999.33,598.24,25982.56,10428.24,40.1
3482,May,Riyadh,Enterprise Software,44,802.12,516.42,35293.33,12570.81,35.6
3483,Oct,Ajman,Analytics Suite,36,1621.92,868.95,58389.04,27106.67,46.4
3484,Mar,Sharjah,Security Package,6,507.79,296.67,3046.71,1266.71,41.6
3485,Mar,Ajman,Analytics Suite,26,283.57,181.0,7372.75,2666.63,36.2
3486,Nov,Abu Dhabi,CRM Platform,12,1635.21,1015.77,19622.53,7433.29,37.9
3487,Jun,Abu Dhabi,CRM Platform,23,1137.19,476.98,26155.36,15184.9,58.1
3488,Jan,Ajman,CRM Platform,45,1272.51,509.35,57262.86,34342.0,60.0
3489,Feb,Ajman,Enterprise Software,23,1715.34,782.9,39452.74,21446.02,54.4
3490,Mar,Riyadh,Enterprise Software,13,976.61,624.4,12695.91,4578.67,36.1
3491,Dec,Dubai,Security Package,43,507.65,247.81,21828.96,11173.31,51.2
3492,Sep,Riyadh,Enterprise Software,37,1837.75,1067.18,67996.73,28511.21,41.9
3493,Feb,Sharjah,Security Package,28,391.55,167.59,10963.37,6270.87,57.2
3494,Sep,Ajman,Cloud Storage,24,798.17,429.14,19156.04,8856.79,46.2
3495,Oct,Riyadh,Analytics Suite,48,1034.75,665.55,49668.0,17721.39,35.7
3496,Jul,Abu Dhabi,Enterprise Software,36,1130.18,652.35,40686.31,17201.87,42.3
3497,Aug,Sharjah,Cloud Storage,35,1578.06,907.13,55232.04,23482.39,42.5
3498,Sep,Abu Dhabi,Enterprise Software,25,1295.58,568.3,32389.54,18182.09,56.1
3499,Mar,Riyadh,CRM Platform,33,697.0,446.33,23000.99,8272.05,36.0
3500,Nov,Sharjah,Enterprise Software,7,1991.77,865.48,13942.4,7884.07,56.5
3501,Jan,Ajman,Cloud Storage,4,519.74,235.67,2078.95,1136.28,54.7
3502,Mar,Sharjah,Security Package,41,1867.92,1204.52,76584.65,27199.38,35.5
3503,Jan,Abu Dhabi,Cloud Storage,17,359.62,168.91,6113.62,3242.14,53.0
3504,Dec,Sharjah,Cloud Storage,9,1864.2,1146.6,16777.79,6458.38,38.5
3505,Jul,Dubai,Enterprise Software,24,1239.09,715.74,29738.25,12560.39,42.2
3506,Dec,Dubai,Cloud Storage,41,1522.62,657.61,62427.24,35465.22,56.8
3507,May,Abu Dhabi,Enterprise Software,46,1452.58,660.57,66818.74,36432.63,54.5
3508,Dec,Abu Dhabi,Cloud Storage,29,1096.45,671.71,31797.01,12317.47,38.7
3509,Apr,Abu Dhabi,Enterprise Software,24,1492.13,612.31,35811.22,21115.83,59.0
3510,Feb,Abu Dhabi,Security Package,27,803.84,330.99,21703.61,12766.96,58.8
3511,Apr,Sharjah,CRM Platform,1,1427.93,865.64,1427.93,562.29,39.4
3512,Apr,Sharjah,Security Package,29,1022.45,499.94,29651.12,15152.77,51.1
3513,Oct,Riyadh,Enterprise Software,35,603.64,357.34,21127.43,8620.49,40.8
3514,Oct,Dubai,Cloud Storage,6,948.28,588.75,5689.67,2157.15,37.9
3515,May,Dubai,CRM Platform,25,1757.34,720.89,43933.51,25911.14,59.0
3516,Dec,Abu Dhabi,Security Package,34,592.71,376.98,20151.99,7334.76,36.4
3517,Apr,Dubai,Analytics Suite,48,1174.18,550.66,56360.74,29928.88,53.1
3518,Jul,Riyadh,CRM Platform,11,471.5,198.17,5186.55,3006.69,58.0
3519,Jul,Abu Dhabi,Enterprise Software,32,225.19,93.22,7205.95,4222.91,58.6
3520,Jun,Ajman,Security Package,27,1714.58,1074.79,46293.72,17274.37,37.3
3521,Jul,Ajman,Enterprise Software,15,1460.77,923.88,21911.51,8053.24,36.8
3522,Sep,Dubai,Security Package,26,851.69,353.55,22143.98,12951.77,58.5
3523,May,Riyadh,Analytics Suite,20,1380.85,704.57,27616.98,13525.58,49.0
3524,Apr,Ajman,CRM Platform,44,751.11,445.07,33048.63,13465.58,40.7
3525,Jul,Abu Dhabi,Security Package,23,215.37,120.99,4953.4,2170.55,43.8
3526,Aug,Ajman,Cloud Storage,13,433.06,191.51,5629.73,3140.06,55.8
3527,Feb,Abu Dhabi,CRM Platform,6,731.93,319.65,4391.59,2473.72,56.3
3528,Nov,Abu Dhabi,CRM Platform,9,1855.34,1084.84,16698.09,6934.53,41.5
3529,May,Riyadh,Analytics Suite,44,472.35,269.14,20783.4,8941.13,43.0
3530,Sep,Riyadh,Enterprise Software,48,1087.39,703.08,52194.54,18446.48,35.3
3531,Dec,Riyadh,Enterprise Software,40,1874.55,818.95,74981.97,42223.87,56.3
3532,Dec,Abu Dhabi,Analytics Suite,6,1384.43,751.36,8306.56,3798.4,45.7
3533,Apr,Ajman,Analytics Suite,13,1207.47,725.99,15697.11,6259.23,39.9
3534,Aug,Abu Dhabi,Analytics Suite,12,1800.13,1020.1,21601.61,9360.46,43.3
3535,Apr,Sharjah,Security Package,15,641.94,409.11,9629.11,3492.39,36.3
3536,Feb,Dubai,Cloud Storage,6,1471.53,723.2,8829.18,4489.98,50.9
3537,Jul,Riyadh,CRM Platform,2,872.95,506.04,1745.9,733.82,42.0
3538,Dec,Sharjah,CRM Platform,25,1849.05,1000.2,46226.19,21221.11,45.9
3539,Jun,Sharjah,CRM Platform,30,922.48,533.22,27674.34,11677.83,42.2
3540,Apr,Sharjah,Analytics Suite,24,1940.7,988.1,46576.75,22862.36,49.1
3541,May,Riyadh,CRM Platform,26,895.99,521.49,23295.65,9736.81,41.8
3542,Feb,Riyadh,CRM Platform,28,575.52,270.55,16114.54,8539.26,53.0
3543,Jun,Dubai,Cloud Storage,19,865.89,462.27,16451.92,7668.71,46.6
3544,Jun,Dubai,Security Package,40,1850.72,882.03,74028.68,38747.55,52.3
3545,Mar,Dubai,Analytics Suite,49,918.38,400.09,45000.7,25396.2,56.4
3546,Jul,Sharjah,Security Package,26,743.76,380.56,19337.67,9443.15,48.8
3547,Jan,Dubai,Cloud Storage,30,1766.21,828.43,52986.25,28133.26,53.1
3548,Dec,Abu Dhabi,Analytics Suite,38,1977.14,922.18,75131.26,40088.25,53.4
3549,May,Ajman,Enterprise Software,4,1995.85,1274.18,7983.41,2886.69,36.2
3550,Apr,Riyadh,Security Package,16,1626.75,714.72,26027.99,14592.51,56.1
3551,May,Ajman,Enterprise Software,50,770.12,367.53,38506.14,20129.6,52.3
3552,Oct,Dubai,CRM Platform,27,596.02,353.19,16092.52,6556.42,40.7
3553,Nov,Abu Dhabi,Enterprise Software,2,253.98,142.58,507.96,222.79,43.9
3554,Sep,Dubai,CRM Platform,23,1855.55,808.14,42677.76,24090.65,56.4
3555,Jun,Dubai,Enterprise Software,47,1188.17,502.71,55843.94,32216.68,57.7
3556,Jun,Riyadh,Analytics Suite,11,576.41,348.1,6340.48,2511.39,39.6
3557,Jul,Sharjah,Cloud Storage,33,1635.52,760.42,53972.12,28878.3,53.5
3558,Feb,Ajman,Enterprise Software,32,549.19,352.15,17574.14,6305.28,35.9
3559,Jul,Dubai,Security Package,22,1775.56,1074.37,39062.36,15426.16,39.5
3560,Aug,Abu Dhabi,CRM Platform,29,437.7,222.13,12693.37,6251.56,49.3
3561,Apr,Sharjah,CRM Platform,13,1042.46,446.03,13551.92,7753.47,57.2
3562,Nov,Dubai,Enterprise Software,45,842.8,369.25,37925.9,21309.61,56.2
3563,Feb,Ajman,Security Package,2,1869.63,919.62,3739.26,1900.02,50.8
3564,Jan,Riyadh,Enterprise Software,2,1857.39,967.63,3714.79,1779.53,47.9
3565,Feb,Abu Dhabi,Cloud Storage,20,535.36,276.12,10707.11,5184.61,48.4
3566,Jul,Abu Dhabi,Enterprise Software,2,1287.59,588.01,2575.18,1399.15,54.3
3567,Apr,Riyadh,Enterprise Software,49,916.39,551.24,44903.25,17892.56,39.8
3568,Mar,Dubai,CRM Platform,3,557.23,250.49,1671.68,920.21,55.0
3569,Jun,Riyadh,Analytics Suite,46,477.51,283.59,21965.66,8920.45,40.6
3570,Oct,Abu Dhabi,Enterprise Software,42,535.68,311.53,22498.42,9414.16,41.8
3571,Jun,Ajman,Cloud Storage,9,1494.45,958.82,13450.01,4820.62,35.8
3572,Apr,Sharjah,Cloud Storage,10,504.16,282.32,5041.57,2218.37,44.0
3573,Dec,Ajman,Cloud Storage,40,542.19,287.66,21687.5,10181.13,46.9
3574,Jan,Riyadh,Cloud Storage,19,854.46,442.97,16234.8,7818.35,48.2
3575,Apr,Abu Dhabi,Analytics Suite,9,607.95,308.05,5471.52,2699.07,49.3
3576,Jan,Riyadh,Analytics Suite,31,914.77,573.42,28357.96,10581.79,37.3
3577,Jan,Riyadh,CRM Platform,33,537.39,296.52,17733.79,7948.58,44.8
3578,Mar,Dubai,Security Package,13,886.04,376.27,11518.51,6626.97,57.5
3579,Mar,Ajman,Enterprise Software,26,379.6,213.03,9869.55,4330.74,43.9
3580,Sep,Riyadh,Cloud Storage,44,1208.4,773.95,53169.48,19115.64,36.0
3581,Nov,Dubai,CRM Platform,41,982.54,566.79,40283.94,17045.63,42.3
3582,May,Sharjah,Security Package,50,924.57,416.13,46228.35,25422.08,55.0
3583,Mar,Ajman,Analytics Suite,10,577.68,371.14,5776.76,2065.39,35.8
3584,Mar,Abu Dhabi,Cloud Storage,11,1855.36,977.94,20408.92,9651.59,47.3
3585,May,Dubai,Security Package,17,1994.85,970.55,33912.43,17413.13,51.3
3586,Dec,Riyadh,Cloud Storage,43,1983.46,1106.44,85288.88,37711.86,44.2
3587,Dec,Abu Dhabi,Cloud Storage,23,929.05,459.19,21368.13,10806.79,50.6
3588,Apr,Riyadh,Analytics Suite,24,1380.96,863.18,33143.08,12426.85,37.5
3589,Apr,Abu Dhabi,CRM Platform,5,1739.15,745.55,8695.75,4968.01,57.1
3590,Jul,Dubai,Analytics Suite,44,1627.37,763.15,71604.24,38025.79,53.1
3591,Aug,Abu Dhabi,Enterprise Software,43,767.46,471.37,33000.76,12731.93,38.6
3592,Nov,Sharjah,Enterprise Software,36,783.13,315.9,28192.53,16820.0,59.7
3593,Jul,Dubai,Cloud Storage,12,922.33,382.15,11067.92,6482.12,58.6
3594,Apr,Sharjah,CRM Platform,37,1690.71,876.43,62556.25,30128.24,48.2
3595,Feb,Sharjah,CRM Platform,21,1514.9,905.44,31812.81,12798.66,40.2
3596,Jun,Dubai,Analytics Suite,17,1223.62,733.95,20801.52,8324.34,40.0
3597,Feb,Dubai,Analytics Suite,28,1959.24,914.8,54858.64,29244.21,53.3
3598,Nov,Dubai,Security Package,22,793.91,371.47,17465.95,9293.55,53.2
3599,Oct,Riyadh,Enterprise Software,47,876.76,566.55,41207.51,14579.57,35.4
3600,Aug,Riyadh,Analytics Suite,36,1093.97,657.71,39382.99,15705.41,39.9
3601,Jan,Dubai,CRM Platform,9,232.69,102.89,2094.19,1168.18,55.8
3602,Feb,Abu Dhabi,Enterprise Software,40,1760.38,922.5,70415.16,33515.32,47.6
3603,Mar,Abu Dhabi,Enterprise Software,20,331.92,149.51,6638.5,3648.21,55.0
3604,Oct,Abu Dhabi,CRM Platform,26,1032.96,559.49,26857.05,12310.4,45.8
3605,Jan,Ajman,CRM Platform,37,1918.8,995.17,70995.75,34174.4,48.1
3606,Jul,Dubai,Cloud Storage,32,1807.75,827.65,57848.11,31363.45,54.2
3607,Mar,Riyadh,Cloud Storage,29,1373.66,781.25,39836.19,17179.85,43.1
3608,Jun,Dubai,CRM Platform,45,1238.2,659.47,55718.83,26042.73,46.7
3609,Nov,Riyadh,CRM Platform,35,956.64,439.39,33482.47,18103.71,54.1
3610,Dec,Abu Dhabi,Security Package,45,755.78,324.1,34010.16,19425.85,57.1
3611,Jun,Dubai,CRM Platform,20,539.08,344.18,10781.54,3898.03,36.2
3612,Mar,Riyadh,Analytics Suite,15,424.44,174.62,6366.61,3747.26,58.9
3613,Feb,Dubai,Security Package,23,1715.9,1018.64,39465.63,16036.9,40.6
3614,May,Ajman,CRM Platform,19,1213.47,623.75,23055.98,11204.66,48.6
3615,Jan,Sharjah,CRM Platform,46,289.89,126.12,13335.17,7533.44,56.5
3616,Jul,Riyadh,CRM Platform,20,756.54,428.46,15130.73,6561.51,43.4
3617,Jul,Ajman,CRM Platform,20,1230.31,674.55,24606.25,11115.35,45.2
3618,Jul,Sharjah,Enterprise Software,13,894.18,435.37,11624.37,5964.59,51.3
3619,Jun,Dubai,Analytics Suite,3,241.5,111.35,724.49,390.45,53.9
3620,Aug,Sharjah,Cloud Storage,13,267.74,156.57,3480.66,1445.24,41.5
3621,Jul,Sharjah,Security Package,40,535.65,276.45,21425.95,10368.0,48.4
3622,Nov,Dubai,Enterprise Software,37,1370.13,595.1,50694.92,28676.17,56.6
3623,Jun,Ajman,Cloud Storage,14,289.18,142.49,4048.54,2053.66,50.7
3624,Mar,Ajman,Enterprise Software,24,829.58,365.33,19909.83,11141.98,56.0
3625,Jul,Abu Dhabi,CRM Platform,44,571.47,271.4,25144.51,13202.69,52.5
3626,Oct,Dubai,Analytics Suite,19,1849.1,1026.6,35132.85,15627.4,44.5
3627,Jun,Riyadh,Security Package,40,908.25,572.79,36329.91,13418.42,36.9
3628,Apr,Ajman,CRM Platform,20,1950.27,1147.6,39005.49,16053.5,41.2
3629,May,Sharjah,Cloud Storage,46,663.32,277.43,30512.54,17750.72,58.2
3630,Feb,Sharjah,Security Package,26,1224.89,674.76,31847.24,14303.55,44.9
3631,Apr,Abu Dhabi,Security Package,46,1900.55,883.03,87425.3,46805.79,53.5
3632,May,Riyadh,CRM Platform,15,1234.86,577.18,18522.84,9865.08,53.3
3633,Jan,Ajman,Analytics Suite,34,1566.33,954.2,53255.11,20812.48,39.1
3634,Mar,Riyadh,Cloud Storage,15,285.94,137.84,4289.09,2221.55,51.8
3635,Oct,Ajman,Cloud Storage,47,1058.65,670.97,49756.57,18221.11,36.6
3636,Nov,Riyadh,Security Package,50,1788.21,975.75,89410.32,40622.75,45.4
3637,Apr,Sharjah,Enterprise Software,11,386.5,155.37,4251.5,2542.43,59.8
3638,Mar,Riyadh,CRM Platform,4,1444.29,619.29,5777.16,3299.99,57.1
3639,Aug,Ajman,Enterprise Software,21,742.45,455.05,15591.35,6035.31,38.7
3640,May,Sharjah,Cloud Storage,41,1477.56,743.51,60579.95,30096.14,49.7
3641,Oct,Sharjah,CRM Platform,9,1746.46,753.45,15718.12,8937.09,56.9
3642,Jan,Abu Dhabi,Enterprise Software,20,700.65,356.08,14012.96,6891.44,49.2
3643,Feb,Sharjah,CRM Platform,10,1502.36,684.87,15023.62,8174.93,54.4
3644,Mar,Dubai,Enterprise Software,48,1774.35,757.04,85169.03,48830.9,57.3
3645,Dec,Dubai,Cloud Storage,30,799.97,398.68,23999.2,12038.7,50.2
3646,Dec,Sharjah,Security Package,39,904.89,436.78,35290.76,18256.2,51.7
3647,Jan,Sharjah,CRM Platform,36,1891.86,1215.92,68106.85,24333.68,35.7
3648,Oct,Dubai,Security Package,14,1899.89,883.97,26598.42,14222.9,53.5
3649,May,Sharjah,Security Package,13,666.87,321.31,8669.37,4492.35,51.8
3650,Feb,Ajman,Cloud Storage,5,601.08,321.88,3005.4,1395.98,46.4
3651,Apr,Sharjah,Enterprise Software,19,1802.45,806.82,34246.51,18916.97,55.2
3652,Nov,Ajman,Cloud Storage,48,444.32,273.03,21327.23,8221.78,38.6
3653,Aug,Abu Dhabi,Analytics Suite,19,529.6,265.67,10062.42,5014.66,49.8
3654,May,Dubai,Enterprise Software,15,1393.91,806.45,20908.71,8811.95,42.1
3655,Dec,Ajman,Security Package,45,1414.63,798.57,63658.57,27722.79,43.5
3656,Jan,Riyadh,Enterprise Software,36,1624.65,1051.38,58487.24,20637.56,35.3
3657,Oct,Sharjah,Cloud Storage,18,886.57,483.75,15958.3,7250.79,45.4
3658,Nov,Dubai,Cloud Storage,6,1363.94,877.11,8183.64,2920.99,35.7
3659,Feb,Ajman,Analytics Suite,30,674.29,437.2,20228.78,7112.71,35.2
3660,Jun,Sharjah,Cloud Storage,4,479.3,256.01,1917.19,893.14,46.6
3661,Mar,Sharjah,Enterprise Software,11,1667.12,920.88,18338.32,8208.68,44.8
3662,Jul,Sharjah,CRM Platform,22,526.11,309.3,11574.49,4769.83,41.2
3663,Apr,Abu Dhabi,Cloud Storage,9,1136.57,498.19,10229.09,5745.38,56.2
3664,Mar,Abu Dhabi,Enterprise Software,2,442.0,221.14,883.99,441.71,50.0
3665,Apr,Dubai,Cloud Storage,1,613.5,279.06,613.5,334.44,54.5
3666,Aug,Sharjah,CRM Platform,29,321.9,184.47,9335.03,3985.45,42.7
3667,Jun,Ajman,CRM Platform,1,987.57,500.42,987.57,487.15,49.3
3668,Oct,Ajman,Security Package,23,1551.63,742.91,35687.42,18600.38,52.1
3669,May,Dubai,Cloud Storage,42,866.35,358.68,36386.75,21322.18,58.6
3670,Dec,Abu Dhabi,Cloud Storage,38,1201.03,557.97,45639.2,24436.19,53.5
3671,Apr,Ajman,Cloud Storage,2,590.21,341.84,1180.43,496.74,42.1
3672,Mar,Abu Dhabi,Enterprise Software,35,732.81,305.6,25648.32,14952.32,58.3
3673,Feb,Riyadh,Enterprise Software,30,1491.86,953.9,44755.76,16138.8,36.1
3674,Jan,Abu Dhabi,Analytics Suite,24,305.28,184.26,7326.75,2904.46,39.6
3675,Nov,Ajman,Analytics Suite,35,1032.63,613.43,36141.91,14671.92,40.6
3676,Nov,Dubai,CRM Platform,41,1443.77,693.41,59194.61,30764.7,52.0
3677,Feb,Sharjah,CRM Platform,40,1615.99,889.08,64639.5,29076.14,45.0
3678,Jan,Abu Dhabi,Analytics Suite,25,847.57,453.79,21189.23,9844.39,46.5
3679,Mar,Riyadh,CRM Platform,44,1044.49,456.53,45957.55,25870.22,56.3
3680,Mar,Riyadh,Enterprise Software,10,769.98,315.71,7699.84,4542.71,59.0
3681,Jul,Riyadh,Analytics Suite,26,1564.85,736.16,40686.07,21545.85,53.0
3682,Dec,Sharjah,Security Package,48,465.38,214.94,22338.2,12021.27,53.8
3683,Aug,Abu Dhabi,Cloud Storage,37,1584.96,664.22,58643.44,34067.3,58.1
3684,Mar,Abu Dhabi,Enterprise Software,6,354.71,146.07,2128.29,1251.89,58.8
3685,Sep,Riyadh,CRM Platform,3,624.27,303.81,1872.81,961.38,51.3
3686,Dec,Riyadh,CRM Platform,40,289.99,182.43,11599.76,4302.55,37.1
3687,Jan,Dubai,CRM Platform,32,724.43,296.3,23181.65,13700.04,59.1
3688,Mar,Abu Dhabi,Security Package,23,386.42,248.43,8887.76,3173.76,35.7
3689,Dec,Riyadh,Analytics Suite,23,520.77,249.75,11977.6,6233.32,52.0
3690,Feb,Dubai,CRM Platform,12,515.91,323.13,6190.86,2313.35,37.4
3691,Apr,Ajman,Analytics Suite,15,1203.6,536.14,18054.02,10011.91,55.5
3692,May,Dubai,Analytics Suite,10,459.82,227.11,4598.16,2327.03,50.6
3693,Nov,Ajman,Analytics Suite,17,1263.98,709.74,21487.74,9422.11,43.8
3694,Dec,Abu Dhabi,Cloud Storage,48,202.71,108.43,9730.27,4525.6,46.5
3695,May,Abu Dhabi,Cloud Storage,19,743.68,460.56,14129.83,5379.2,38.1
3696,Sep,Dubai,Analytics Suite,34,1098.37,603.89,37344.66,16812.38,45.0
3697,May,Sharjah,Enterprise Software,30,237.46,104.85,7123.72,3978.22,55.8
3698,Nov,Sharjah,Security Package,25,1578.72,901.59,39467.99,16928.27,42.9
3699,Jun,Dubai,Security Package,13,1618.44,828.72,21039.73,10266.36,48.8
3700,Dec,Sharjah,Security Package,12,915.07,511.22,10980.84,4846.23,44.1
3701,Oct,Abu Dhabi,Cloud Storage,48,769.76,352.77,36948.4,20015.21,54.2
3702,Aug,Abu Dhabi,CRM Platform,31,774.03,342.61,23995.0,13374.23,55.7
3703,Mar,Sharjah,Security Package,2,953.05,592.28,1906.1,721.54,37.9
3704,Feb,Sharjah,Security Package,10,1657.14,718.3,16571.38,9388.43,56.7
3705,Dec,Sharjah,Security Package,11,471.64,222.36,5188.01,2742.07,52.9
3706,Jul,Dubai,Analytics Suite,14,275.67,151.03,3859.45,1745.04,45.2
3707,Jul,Sharjah,Security Package,15,984.6,507.88,14769.07,7150.92,48.4
3708,Mar,Abu Dhabi,CRM Platform,40,1500.9,849.54,60035.83,26054.35,43.4
3709,Jul,Abu Dhabi,Enterprise Software,25,336.8,190.56,8419.9,3655.83,43.4
3710,Jan,Riyadh,Security Package,42,1403.88,680.76,58963.03,30371.23,51.5
3711,Dec,Abu Dhabi,Cloud Storage,7,601.46,321.53,4210.24,1959.54,46.5
3712,May,Dubai,Enterprise Software,37,1161.98,712.0,42993.22,16649.22,38.7
3713,Nov,Abu Dhabi,Enterprise Software,6,518.2,226.95,3109.23,1747.51,56.2
3714,Jun,Abu Dhabi,Enterprise Software,48,732.93,414.61,35180.67,15279.44,43.4
3715,Sep,Dubai,Analytics Suite,10,1765.51,946.07,17655.14,8194.46,46.4
3716,Jul,Riyadh,CRM Platform,20,1808.53,770.43,36170.66,20762.13,57.4
3717,Sep,Riyadh,Enterprise Software,21,671.86,358.98,14109.04,6570.46,46.6
3718,May,Ajman,Analytics Suite,49,440.42,268.3,21580.45,8433.53,39.1
3719,Jul,Dubai,Enterprise Software,12,1226.03,644.43,14712.37,6979.27,47.4
3720,Nov,Ajman,CRM Platform,34,1064.79,647.37,36203.02,14192.41,39.2
3721,Dec,Riyadh,Analytics Suite,25,1348.05,634.18,33701.26,17846.77,53.0
3722,Dec,Ajman,Analytics Suite,8,1272.43,739.35,10179.42,4264.62,41.9
3723,Nov,Abu Dhabi,Analytics Suite,12,401.23,174.63,4814.73,2719.23,56.5
3724,Mar,Ajman,Cloud Storage,5,547.95,221.53,2739.77,1632.15,59.6
3725,May,Dubai,Enterprise Software,11,1301.12,693.46,14312.34,6684.23,46.7
3726,Dec,Dubai,Analytics Suite,32,1887.79,1187.91,60409.27,22396.18,37.1
3727,Feb,Riyadh,Enterprise Software,31,1752.86,896.81,54338.71,26537.48,48.8
3728,Oct,Ajman,Security Package,39,1958.18,919.21,76368.85,40519.69,53.1
3729,Nov,Riyadh,Enterprise Software,11,1124.64,505.85,12371.01,6806.64,55.0
3730,Jan,Riyadh,Enterprise Software,15,1775.33,897.54,26629.95,13166.86,49.4
3731,Dec,Dubai,Cloud Storage,1,312.3,152.08,312.3,160.22,51.3
3732,Sep,Abu Dhabi,Cloud Storage,22,548.11,273.51,12058.31,6041.13,50.1
3733,Jun,Dubai,Enterprise Software,41,283.54,170.81,11625.3,4622.18,39.8
3734,Sep,Sharjah,Cloud Storage,16,1189.7,476.45,19035.2,11412.03,60.0
3735,Dec,Sharjah,Security Package,11,1864.83,1138.69,20513.12,7987.54,38.9
3736,Nov,Riyadh,Cloud Storage,50,1216.2,672.4,60809.97,27190.2,44.7
3737,Jul,Dubai,CRM Platform,35,1455.51,641.89,50942.91,28476.91,55.9
3738,Apr,Ajman,CRM Platform,15,519.16,279.8,7787.38,3590.35,46.1
3739,Oct,Abu Dhabi,Security Package,25,1411.71,876.24,35292.87,13386.9,37.9
3740,Aug,Abu Dhabi,Cloud Storage,27,1820.23,766.0,49146.24,28464.25,57.9
3741,Nov,Sharjah,Enterprise Software,35,1843.49,1083.07,64522.21,26614.73,41.2
3742,Jul,Ajman,Cloud Storage,30,388.56,197.59,11656.76,5729.14,49.1
3743,Jan,Sharjah,Enterprise Software,5,541.77,306.62,2708.85,1175.76,43.4
3744,Apr,Abu Dhabi,Cloud Storage,46,1295.79,550.44,59606.47,34286.4,57.5
3745,Dec,Riyadh,Security Package,15,828.79,370.23,12431.85,6878.43,55.3
3746,Sep,Riyadh,Enterprise Software,31,785.66,498.48,24355.47,8902.56,36.6
3747,Aug,Dubai,CRM Platform,32,894.16,503.11,28613.02,12513.6,43.7
3748,Oct,Ajman,Analytics Suite,11,211.29,132.0,2324.22,872.25,37.5
3749,Feb,Riyadh,Security Package,42,1663.79,768.41,69879.33,37606.22,53.8
3750,Mar,Dubai,Security Package,30,1292.06,825.79,38761.74,13987.92,36.1
3751,Sep,Dubai,CRM Platform,45,399.2,256.48,17964.19,6422.48,35.8
3752,Sep,Ajman,Security Package,42,644.51,369.43,27069.41,11553.36,42.7
3753,Mar,Sharjah,CRM Platform,48,1416.0,917.1,67968.12,23947.28,35.2
3754,Jul,Abu Dhabi,CRM Platform,24,1452.68,879.59,34864.23,13754.15,39.5
3755,Mar,Riyadh,CRM Platform,40,1765.78,960.03,70631.19,32229.96,45.6
3756,Jun,Dubai,Cloud Storage,29,567.45,314.47,16456.11,7336.37,44.6
3757,Mar,Riyadh,Security Package,22,787.07,433.35,17315.55,7781.85,44.9
3758,Aug,Ajman,Enterprise Software,48,736.15,319.58,35335.24,19995.29,56.6
3759,Aug,Riyadh,Enterprise Software,18,1329.32,579.16,23927.81,13502.95,56.4
3760,Jul,Riyadh,CRM Platform,38,1979.23,942.37,75210.85,39400.84,52.4
3761,Oct,Ajman,Security Package,26,1071.98,579.52,27871.38,12803.86,45.9
3762,Aug,Riyadh,Security Package,20,1434.8,752.57,28696.06,13644.76,47.5
3763,Nov,Riyadh,Analytics Suite,40,1731.09,815.44,69243.79,36626.04,52.9
3764,Sep,Sharjah,Enterprise Software,13,1644.91,987.76,21383.83,8542.93,40.0
3765,Jul,Sharjah,Enterprise Software,30,636.56,388.12,19096.72,7452.99,39.0
3766,Apr,Riyadh,Analytics Suite,26,1519.54,811.6,39507.96,18406.42,46.6
3767,Jul,Riyadh,Enterprise Software,19,1597.53,852.16,30353.08,14161.95,46.7
3768,Jun,Sharjah,Analytics Suite,1,1626.2,718.24,1626.2,907.96,55.8
3769,Jan,Riyadh,CRM Platform,21,1936.73,831.96,40671.43,23200.33,57.0
3770,Jul,Dubai,Cloud Storage,9,1930.12,790.91,17371.11,10252.93,59.0
3771,Sep,Ajman,Analytics Suite,39,1823.12,737.49,71101.57,42339.6,59.5
3772,May,Riyadh,Cloud Storage,35,1700.41,832.6,59514.52,30373.69,51.0
3773,Jan,Dubai,Cloud Storage,36,1779.07,966.54,64046.44,29251.06,45.7
3774,Jun,Abu Dhabi,Enterprise Software,31,749.22,452.3,23225.77,9204.35,39.6
3775,Oct,Riyadh,Cloud Storage,39,1526.41,710.51,59529.91,31820.06,53.5
3776,Jun,Dubai,Security Package,27,1971.65,905.26,53234.45,28792.35,54.1
3777,Jun,Abu Dhabi,CRM Platform,1,285.04,129.18,285.04,155.85,54.7
3778,Nov,Sharjah,CRM Platform,26,383.28,238.46,9965.29,3765.37,37.8
3779,Nov,Riyadh,Analytics Suite,14,231.12,148.39,3235.64,1158.17,35.8
3780,May,Sharjah,CRM Platform,7,1204.32,712.74,8430.27,3441.12,40.8
3781,Sep,Abu Dhabi,CRM Platform,43,1720.41,1114.19,73977.51,26067.32,35.2
3782,Oct,Ajman,CRM Platform,4,1104.78,574.44,4419.11,2121.33,48.0
3783,Sep,Dubai,Enterprise Software,31,491.59,304.56,15239.35,5797.86,38.0
3784,Feb,Dubai,Enterprise Software,41,1550.22,785.85,63558.87,31338.87,49.3
3785,Apr,Dubai,Enterprise Software,18,1854.08,882.09,33373.46,17495.9,52.4
3786,Oct,Sharjah,Cloud Storage,39,1888.66,941.21,73657.6,36950.43,50.2
3787,Jul,Sharjah,Analytics Suite,36,1824.3,912.54,65674.67,32823.06,50.0
3788,May,Sharjah,Cloud Storage,3,880.09,525.28,2640.28,1064.43,40.3
3789,Jun,Abu Dhabi,Enterprise Software,23,1300.31,661.92,29907.07,14682.96,49.1
3790,Jun,Ajman,Cloud Storage,28,1582.61,705.94,44313.17,24546.87,55.4
3791,Oct,Abu Dhabi,Enterprise Software,1,797.21,361.83,797.21,435.39,54.6
3792,Jan,Sharjah,CRM Platform,17,1098.03,571.08,18666.46,8958.03,48.0
3793,Sep,Ajman,Analytics Suite,19,1432.52,689.64,27217.91,14114.66,51.9
3794,Oct,Riyadh,Cloud Storage,28,787.26,333.88,22043.38,12694.85,57.6
3795,Apr,Abu Dhabi,Security Package,21,210.99,128.2,4430.83,1738.62,39.2
3796,Jun,Abu Dhabi,Analytics Suite,47,825.86,351.33,38815.26,22302.98,57.5
3797,Jan,Riyadh,Enterprise Software,48,648.45,280.08,31125.42,17681.37,56.8
3798,Feb,Abu Dhabi,Enterprise Software,46,1602.44,735.85,73712.19,39863.02,54.1
3799,Aug,Abu Dhabi,CRM Platform,11,966.08,451.81,10626.85,5656.94,53.2
3800,Oct,Riyadh,Cloud Storage,23,1200.23,693.84,27605.36,11646.94,42.2
3801,Jun,Sharjah,Security Package,11,525.7,298.15,5782.7,2503.05,43.3
3802,Mar,Abu Dhabi,Analytics Suite,46,1746.59,742.91,80343.2,46169.15,57.5
3803,Jun,Dubai,Security Package,32,862.84,363.26,27610.82,15986.43,57.9
3804,Jun,Dubai,Enterprise Software,4,1152.37,644.38,4609.47,2031.93,44.1
3805,Oct,Sharjah,Analytics Suite,6,664.99,341.49,3989.92,1940.99,48.6
3806,Apr,Sharjah,CRM Platform,49,859.02,389.74,42091.91,22994.56,54.6
3807,Aug,Abu Dhabi,Analytics Suite,34,1517.24,930.51,51586.17,19948.7,38.7
3808,Aug,Sharjah,Enterprise Software,8,841.53,399.79,6732.26,3533.97,52.5
3809,Apr,Riyadh,CRM Platform,17,720.89,450.79,12255.18,4591.7,37.5
3810,Jun,Abu Dhabi,Enterprise Software,15,1078.99,575.73,16184.92,7548.99,46.6
3811,Feb,Abu Dhabi,Cloud Storage,34,591.99,249.1,20127.72,11658.25,57.9
3812,Apr,Dubai,Cloud Storage,42,1138.1,626.2,47800.12,21499.59,45.0
3813,Jan,Abu Dhabi,CRM Platform,33,1053.98,562.55,34781.4,16217.28,46.6
3814,Feb,Abu Dhabi,Security Package,23,1629.93,847.53,37488.32,17995.15,48.0
3815,Jan,Ajman,Cloud Storage,19,1688.98,859.18,32090.58,15766.14,49.1
3816,Jun,Sharjah,Enterprise Software,12,420.01,240.61,5040.11,2152.74,42.7
3817,Nov,Ajman,Analytics Suite,14,1867.85,1087.53,26149.87,10924.51,41.8
3818,Jan,Ajman,Security Package,7,1121.39,690.63,7849.74,3015.33,38.4
3819,Nov,Sharjah,CRM Platform,31,538.38,252.94,16689.93,8848.93,53.0
3820,Feb,Ajman,CRM Platform,48,1062.54,622.2,51002.09,21136.45,41.4
3821,Jul,Abu Dhabi,Security Package,38,1877.86,1214.47,71358.54,25208.53,35.3
3822,Jul,Abu Dhabi,Cloud Storage,9,1257.79,684.11,11320.1,5163.12,45.6
3823,May,Ajman,CRM Platform,22,294.78,161.21,6485.27,2938.57,45.3
3824,Dec,Riyadh,Enterprise Software,3,401.9,214.24,1205.69,562.98,46.7
3825,Aug,Riyadh,Analytics Suite,15,1239.39,660.38,18590.86,8685.23,46.7
3826,Mar,Abu Dhabi,Analytics Suite,7,1467.69,785.32,10273.82,4776.55,46.5
3827,May,Ajman,Security Package,19,506.36,239.86,9620.88,5063.45,52.6
3828,Sep,Sharjah,Security Package,20,1314.66,834.53,26293.11,9602.49,36.5
3829,Oct,Riyadh,CRM Platform,24,988.47,534.03,23723.35,10906.57,46.0
3830,Jun,Sharjah,CRM Platform,41,1477.96,719.96,60596.43,31077.95,51.3
3831,Sep,Riyadh,Cloud Storage,48,400.09,219.28,19204.39,8678.77,45.2
3832,Feb,Abu Dhabi,Cloud Storage,29,1541.35,794.86,44699.04,21648.19,48.4
3833,Nov,Riyadh,Security Package,43,1722.31,1050.0,74059.37,28909.23,39.0
3834,Sep,Abu Dhabi,Analytics Suite,35,537.56,296.79,18814.48,8426.84,44.8
3835,Aug,Ajman,Enterprise Software,1,1867.21,1097.27,1867.21,769.94,41.2
3836,May,Riyadh,Analytics Suite,22,1659.59,991.57,36511.05,14696.54,40.3
3837,Aug,Abu Dhabi,CRM Platform,49,1772.93,941.01,86873.45,40763.8,46.9
3838,Feb,Ajman,Security Package,6,528.01,239.93,3168.03,1728.45,54.6
3839,Sep,Dubai,Cloud Storage,33,815.09,414.56,26898.11,13217.61,49.1
3840,Feb,Riyadh,Enterprise Software,37,642.37,415.3,23767.73,8401.47,35.3
3841,Feb,Ajman,Security Package,18,1901.47,920.58,34226.42,17656.05,51.6
3842,Dec,Dubai,Enterprise Software,40,1382.04,852.19,55281.76,21194.11,38.3
3843,Feb,Riyadh,Cloud Storage,29,1042.42,429.21,30230.14,17782.92,58.8
3844,Sep,Sharjah,Cloud Storage,28,1864.3,1018.47,52200.43,23683.32,45.4
3845,Feb,Abu Dhabi,Analytics Suite,41,1692.31,809.38,69384.55,36199.98,52.2
3846,Jan,Riyadh,Security Package,49,1499.44,960.09,73472.67,26428.4,36.0
3847,Apr,Dubai,Analytics Suite,9,1412.0,571.85,12708.02,7561.35,59.5
3848,Oct,Dubai,Enterprise Software,16,1617.08,679.1,25873.23,15007.63,58.0
3849,Mar,Abu Dhabi,Security Package,37,1972.57,940.61,72984.94,38182.55,52.3
3850,Feb,Sharjah,Analytics Suite,16,1502.31,616.8,24037.0,14168.23,58.9
3851,Jun,Dubai,Security Package,35,1635.68,1004.14,57248.87,22104.0,38.6
3852,May,Dubai,Enterprise Software,21,309.79,134.42,6505.67,3682.81,56.6
3853,Apr,Abu Dhabi,CRM Platform,26,325.42,158.09,8460.97,4350.52,51.4
3854,Apr,Riyadh,CRM Platform,25,1563.55,680.09,39088.67,22086.46,56.5
3855,Apr,Ajman,Enterprise Software,45,827.62,480.15,37243.0,15636.24,42.0
3856,Apr,Ajman,Security Package,14,835.81,501.17,11701.39,4685.01,40.0
3857,Nov,Dubai,Enterprise Software,22,1180.19,759.88,25964.29,9247.0,35.6
3858,Jun,Ajman,Enterprise Software,41,1920.13,984.24,78725.23,38371.41,48.7
3859,Nov,Abu Dhabi,Enterprise Software,22,1749.39,1058.56,38486.66,15198.27,39.5
3860,Aug,Abu Dhabi,Security Package,37,534.69,260.22,19783.43,10155.24,51.3
3861,Jul,Dubai,Enterprise Software,19,642.98,410.95,12216.6,4408.61,36.1
3862,Nov,Riyadh,Enterprise Software,9,1708.97,1072.81,15380.77,5725.44,37.2
3863,Mar,Ajman,CRM Platform,30,250.71,110.21,7521.34,4214.95,56.0
3864,Nov,Riyadh,CRM Platform,25,937.75,455.54,23443.67,12055.23,51.4
3865,Mar,Abu Dhabi,Analytics Suite,34,347.97,209.41,11831.06,4711.01,39.8
3866,Dec,Sharjah,Enterprise Software,44,941.98,385.02,41446.93,24505.89,59.1
3867,Dec,Dubai,Security Package,30,1926.02,926.09,57780.58,29997.8,51.9
3868,Sep,Abu Dhabi,Analytics Suite,41,1854.28,931.59,76025.6,37830.44,49.8
3869,Jun,Sharjah,Enterprise Software,8,267.45,151.73,2139.62,925.77,43.3
3870,Mar,Riyadh,Enterprise Software,32,1964.23,789.76,62855.44,37583.27,59.8
3871,Jul,Abu Dhabi,CRM Platform,14,960.0,608.07,13439.96,4927.0,36.7
3872,May,Riyadh,Enterprise Software,41,666.49,311.68,27326.23,14547.2,53.2
3873,Oct,Dubai,Security Package,15,1265.56,757.52,18983.4,7620.66,40.1
3874,Jul,Dubai,Security Package,37,1635.12,825.08,60499.37,29971.55,49.5
3875,Dec,Ajman,Analytics Suite,49,1749.01,987.88,85701.71,37295.76,43.5
3876,Oct,Riyadh,Enterprise Software,12,511.64,273.29,6139.68,2860.2,46.6
3877,Sep,Sharjah,Security Package,30,1577.47,974.55,47324.08,18087.63,38.2
3878,Dec,Sharjah,Enterprise Software,16,1696.08,1003.62,27137.35,11079.37,40.8
3879,Mar,Riyadh,CRM Platform,32,421.91,196.81,13501.27,7203.32,53.4
3880,Nov,Abu Dhabi,Enterprise Software,28,1650.88,1056.5,46224.62,16642.53,36.0
3881,Jul,Dubai,Enterprise Software,18,1596.19,944.01,28731.37,11739.16,40.9
3882,May,Dubai,Cloud Storage,14,1263.17,745.27,17684.32,7250.54,41.0
3883,Aug,Dubai,Security Package,14,1187.08,606.36,16619.09,8130.11,48.9
3884,Apr,Sharjah,Security Package,47,621.27,311.36,29199.48,14565.41,49.9
3885,Jan,Ajman,CRM Platform,17,369.73,214.21,6285.37,2643.85,42.1
3886,Oct,Riyadh,Enterprise Software,8,1895.74,923.75,15165.95,7775.93,51.3
3887,Jan,Riyadh,CRM Platform,12,1180.91,589.24,14170.94,7100.0,50.1
3888,Mar,Sharjah,Analytics Suite,3,1862.89,776.74,5588.68,3258.45,58.3
3889,Feb,Abu Dhabi,Cloud Storage,40,262.73,147.94,10509.21,4591.55,43.7
3890,Mar,Ajman,CRM Platform,1,683.36,321.09,683.36,362.26,53.0
3891,Dec,Dubai,Enterprise Software,45,1090.55,597.5,49074.58,22187.05,45.2
3892,Oct,Sharjah,Enterprise Software,14,487.21,240.1,6820.94,3459.53,50.7
3893,Nov,Abu Dhabi,Security Package,5,307.1,159.9,1535.48,735.98,47.9
3894,Feb,Riyadh,Analytics Suite,41,1862.47,812.13,76361.45,43064.07,56.4
3895,Aug,Sharjah,Security Package,2,1257.29,734.06,2514.57,1046.45,41.6
3896,Dec,Ajman,Cloud Storage,25,1969.33,1213.87,49233.36,18886.53,38.4
3897,Apr,Riyadh,CRM Platform,12,519.42,217.91,6233.05,3618.09,58.0
3898,Mar,Ajman,Analytics Suite,12,721.3,336.31,8655.63,4619.91,53.4
3899,Jul,Abu Dhabi,Cloud Storage,7,394.19,239.32,2759.32,1084.11,39.3
3900,Apr,Dubai,Enterprise Software,20,888.63,451.34,17772.59,8745.8,49.2
3901,Jan,Ajman,Cloud Storage,31,221.6,118.9,6869.56,3183.77,46.3
3902,Jan,Ajman,Cloud Storage,10,1602.26,653.64,16022.65,9486.22,59.2
3903,Jul,Sharjah,Cloud Storage,27,1498.6,625.69,40462.07,23568.36,58.2
3904,Jul,Sharjah,Cloud Storage,35,1250.11,503.16,43753.72,26143.11,59.8
3905,Oct,Ajman,CRM Platform,21,254.05,107.7,5334.95,3073.22,57.6
3906,Jun,Abu Dhabi,Cloud Storage,37,1938.25,787.9,71715.41,42563.15,59.4
3907,Oct,Ajman,Cloud Storage,30,361.06,212.36,10831.66,4460.92,41.2
3908,Mar,Dubai,CRM Platform,11,368.34,166.14,4051.78,2224.23,54.9
3909,Jan,Ajman,Security Package,48,1116.77,693.68,53604.91,20308.23,37.9
3910,Mar,Ajman,CRM Platform,12,415.91,249.99,4990.93,1991.05,39.9
3911,Dec,Sharjah,Analytics Suite,50,702.79,352.71,35139.5,17503.75,49.8
3912,Feb,Dubai,CRM Platform,37,500.93,301.53,18534.45,7377.9,39.8
3913,Jan,Dubai,CRM Platform,30,662.3,305.47,19869.11,10705.09,53.9
3914,Apr,Dubai,Cloud Storage,49,742.76,456.21,36395.33,14041.06,38.6
3915,Jun,Abu Dhabi,Cloud Storage,10,367.12,183.31,3671.17,1838.05,50.1
3916,Mar,Abu Dhabi,Analytics Suite,14,1840.47,860.36,25766.51,13721.45,53.3
3917,Dec,Dubai,Cloud Storage,43,1514.77,826.81,65134.92,29581.99,45.4
3918,Aug,Sharjah,CRM Platform,12,876.49,355.55,10517.88,6251.29,59.4
3919,Nov,Abu Dhabi,CRM Platform,41,835.62,353.96,34260.42,19747.94,57.6
3920,Jul,Abu Dhabi,CRM Platform,6,1372.78,755.95,8236.69,3701.0,44.9
3921,Jan,Sharjah,Security Package,44,441.09,280.97,19407.77,7044.93,36.3
3922,Sep,Sharjah,Security Package,23,401.5,164.32,9234.6,5455.21,59.1
3923,Oct,Dubai,Enterprise Software,43,398.79,254.74,17148.06,6194.38,36.1
3924,Feb,Riyadh,Security Package,11,1649.76,882.83,18147.38,8436.3,46.5
3925,Dec,Ajman,Analytics Suite,39,1644.2,1021.42,64123.83,24288.57,37.9
3926,Sep,Sharjah,CRM Platform,28,1624.09,1018.43,45474.65,16958.62,37.3
3927,Mar,Riyadh,CRM Platform,14,1034.5,672.2,14482.95,5072.19,35.0
3928,Sep,Dubai,Security Package,18,761.53,353.89,13707.55,7337.59,53.5
3929,Aug,Riyadh,Cloud Storage,43,1203.48,508.04,51749.74,29903.97,57.8
3930,Oct,Riyadh,Enterprise Software,3,1083.25,601.13,3249.76,1446.38,44.5
3931,Feb,Riyadh,Cloud Storage,28,741.4,305.89,20759.09,12194.14,58.7
3932,Apr,Riyadh,Security Package,26,1294.27,754.03,33651.1,14046.29,41.7
3933,Jun,Abu Dhabi,Cloud Storage,15,701.48,327.77,10522.27,5605.7,53.3
3934,Aug,Ajman,Analytics Suite,3,1107.51,475.47,3322.52,1896.1,57.1
3935,Jul,Riyadh,Security Package,21,693.78,310.03,14569.34,8058.69,55.3
3936,Feb,Dubai,Cloud Storage,11,558.74,325.03,6146.18,2570.86,41.8
3937,Jun,Abu Dhabi,Enterprise Software,22,202.68,91.62,4459.01,2443.38,54.8
3938,Jan,Abu Dhabi,Enterprise Software,2,232.71,123.28,465.43,218.87,47.0
3939,Dec,Abu Dhabi,Analytics Suite,46,1989.32,1021.23,91508.49,44531.76,48.7
3940,Oct,Riyadh,Enterprise Software,1,206.05,109.26,206.05,96.79,47.0
3941,Feb,Riyadh,Enterprise Software,17,414.4,248.47,7044.8,2820.87,40.0
3942,Feb,Dubai,Security Package,25,1221.89,715.23,30547.28,12666.56,41.5
3943,Mar,Abu Dhabi,Cloud Storage,44,1090.05,690.5,47962.19,17580.32,36.7
3944,Oct,Riyadh,Security Package,47,1027.7,595.13,48301.71,20330.66,42.1
3945,Jan,Dubai,CRM Platform,35,1631.28,789.88,57094.87,29448.99,51.6
3946,Sep,Riyadh,Enterprise Software,28,1064.05,494.26,29793.46,15954.3,53.5
3947,Jan,Abu Dhabi,Enterprise Software,2,1858.45,1122.47,3716.89,1471.95,39.6
3948,May,Riyadh,Security Package,44,594.41,302.34,26154.15,12851.09,49.1
3949,Aug,Dubai,Cloud Storage,6,1873.22,994.4,11239.35,5272.96,46.9
3950,Feb,Dubai,Analytics Suite,43,1287.43,722.82,55359.59,24278.48,43.9
3951,Sep,Sharjah,Analytics Suite,10,1566.61,1003.75,15666.13,5628.63,35.9
3952,Jan,Sharjah,Cloud Storage,13,1344.66,808.45,17480.57,6970.73,39.9
3953,Jun,Dubai,Enterprise Software,14,783.1,360.06,10963.34,5922.47,54.0
3954,Jan,Ajman,CRM Platform,29,778.97,495.32,22590.22,8225.95,36.4
3955,May,Riyadh,Security Package,19,1247.61,718.64,23704.56,10050.42,42.4
3956,Aug,Ajman,CRM Platform,10,1489.01,631.15,14890.05,8578.57,57.6
3957,May,Riyadh,Cloud Storage,42,1497.83,902.49,62908.94,25004.52,39.7
3958,Dec,Riyadh,Enterprise Software,33,473.97,205.91,15641.13,8845.95,56.6
3959,Aug,Abu Dhabi,Security Package,39,1860.4,878.57,72555.46,38291.4,52.8
3960,Jul,Dubai,Cloud Storage,10,260.63,126.84,2606.25,1337.89,51.3
3961,May,Dubai,CRM Platform,45,784.57,340.49,35305.7,19983.53,56.6
3962,Nov,Abu Dhabi,Analytics Suite,13,940.85,413.92,12231.11,6850.13,56.0
3963,Aug,Abu Dhabi,Analytics Suite,2,215.16,90.75,430.32,248.81,57.8
3964,Sep,Riyadh,Enterprise Software,9,1192.99,576.22,10736.9,5550.94,51.7
3965,Nov,Riyadh,Enterprise Software,27,1888.88,1052.27,50999.83,22588.57,44.3
3966,Oct,Sharjah,Analytics Suite,2,716.36,441.68,1432.71,549.35,38.3
3967,Jan,Ajman,Enterprise Software,4,1036.37,459.34,4145.47,2308.1,55.7
3968,Jul,Dubai,Analytics Suite,27,242.36,102.11,6543.64,3786.72,57.9
3969,Sep,Riyadh,Cloud Storage,10,1024.91,417.55,10249.06,6073.53,59.3
3970,Mar,Abu Dhabi,Cloud Storage,37,1523.01,961.49,56351.54,20776.39,36.9
3971,Jun,Ajman,Enterprise Software,6,425.17,239.67,2551.01,1112.96,43.6
3972,Dec,Sharjah,Security Package,24,220.75,128.89,5298.02,2204.74,41.6
3973,Apr,Ajman,Analytics Suite,50,1804.17,1133.67,90208.49,33524.94,37.2
3974,Jul,Sharjah,Analytics Suite,47,282.81,175.01,13291.9,5066.47,38.1
3975,Aug,Abu Dhabi,Cloud Storage,27,1977.64,1212.36,53396.18,20662.58,38.7
3976,Jan,Sharjah,CRM Platform,7,1319.67,637.7,9237.69,4773.82,51.7
3977,Aug,Dubai,Analytics Suite,47,1538.34,856.06,72301.93,32067.33,44.4
3978,Aug,Abu Dhabi,Analytics Suite,10,667.05,325.14,6670.51,3419.1,51.3
3979,Aug,Ajman,Enterprise Software,27,1162.56,512.45,31389.24,17553.01,55.9
3980,Dec,Sharjah,Enterprise Software,44,427.19,219.88,18796.43,9121.69,48.5
3981,Aug,Abu Dhabi,CRM Platform,1,1116.9,683.35,1116.9,433.55,38.8
3982,Dec,Ajman,Analytics Suite,26,1914.87,1175.69,49786.53,19218.52,38.6
3983,Oct,Sharjah,Enterprise Software,29,1790.97,899.41,51938.23,25855.24,49.8
3984,Sep,Riyadh,CRM Platform,18,1622.19,767.89,29199.46,15377.52,52.7
3985,Nov,Ajman,Enterprise Software,11,1240.73,694.53,13647.99,6008.14,44.0
3986,Jan,Sharjah,Enterprise Software,27,1954.94,835.18,52783.41,30233.63,57.3
3987,Sep,Riyadh,Analytics Suite,37,1070.07,508.64,39592.62,20772.89,52.5
3988,Apr,Abu Dhabi,Cloud Storage,21,1755.37,1058.35,36862.77,14637.33,39.7
3989,May,Sharjah,Enterprise Software,47,954.7,558.24,44870.76,18633.47,41.5
3990,Mar,Ajman,Security Package,8,471.47,228.22,3771.75,1945.96,51.6
3991,Oct,Ajman,Analytics Suite,48,1552.18,684.37,74504.54,41654.99,55.9
3992,Mar,Sharjah,Security Package,2,1945.81,1099.35,3891.63,1692.93,43.5
3993,Nov,Sharjah,Analytics Suite,6,1579.55,671.73,9477.28,5446.89,57.5
3994,Apr,Riyadh,CRM Platform,35,1190.78,634.44,41677.17,19471.61,46.7
3995,Jan,Ajman,Cloud Storage,43,972.26,463.46,41807.27,21878.55,52.3
3996,May,Sharjah,Security Package,33,1773.98,932.53,58541.23,27767.71,47.4
3997,Sep,Abu Dhabi,Enterprise Software,34,699.01,419.65,23766.32,9498.38,40.0
3998,Jul,Riyadh,Enterprise Software,26,667.41,396.13,17352.57,7053.25,40.6
3999,Feb,Sharjah,Enterprise Software,3,527.14,232.07,1581.42,885.2,56.0
4000,Apr,Sharjah,Analytics Suite,43,1549.55,651.69,66630.8,38608.19,57.9
4001,Jan,Abu Dhabi,Cloud Storage,8,1474.82,608.72,11798.56,6928.83,58.7
4002,Jul,Riyadh,Security Package,1,1682.83,773.98,1682.83,908.85,54.0
4003,Dec,Abu Dhabi,Enterprise Software,47,1355.35,713.33,63701.36,30174.75,47.4
4004,Apr,Dubai,Enterprise Software,11,312.47,179.58,3437.14,1461.76,42.5
4005,Aug,Dubai,Security Package,36,1690.53,939.47,60859.06,27038.2,44.4
4006,Feb,Dubai,Enterprise Software,18,258.38,104.21,4650.85,2775.16,59.7
4007,Feb,Sharjah,CRM Platform,16,392.49,224.69,6279.81,2684.84,42.8
4008,Aug,Dubai,Security Package,49,1374.02,692.14,67326.82,33411.93,49.6
4009,Mar,Dubai,CRM Platform,49,1977.85,966.57,96914.68,49553.0,51.1
4010,Dec,Riyadh,Enterprise Software,33,665.07,362.77,21947.21,9975.91,45.5
4011,Sep,Sharjah,CRM Platform,22,1761.2,1110.12,38746.49,14323.95,37.0
4012,Apr,Dubai,Enterprise Software,29,813.31,393.99,23585.9,12160.32,51.6
4013,Jan,Abu Dhabi,Enterprise Software,31,1860.72,1003.91,57682.42,26561.14,46.0
4014,Dec,Ajman,Security Package,1,1049.01,624.0,1049.01,425.01,40.5
4015,Dec,Riyadh,Enterprise Software,15,1042.31,663.3,15634.6,5685.16,36.4
4016,Jan,Dubai,CRM Platform,36,1442.47,617.04,51928.81,29715.38,57.2
4017,Mar,Riyadh,CRM Platform,9,1808.76,1029.57,16278.87,7012.75,43.1
4018,May,Riyadh,CRM Platform,31,1082.74,465.74,33564.88,19126.82,57.0
4019,Jun,Abu Dhabi,CRM Platform,15,272.57,168.88,4088.6,1555.4,38.0
4020,Jan,Riyadh,Enterprise Software,12,1636.88,878.61,19642.61,9099.29,46.3
4021,Jun,Riyadh,Analytics Suite,30,1760.84,924.66,52825.11,25085.3,47.5
4022,Nov,Dubai,Cloud Storage,17,1404.43,664.7,23875.37,12575.39,52.7
4023,Jul,Abu Dhabi,Cloud Storage,12,492.08,298.23,5905.02,2326.22,39.4
4024,Jan,Ajman,Security Package,25,1284.44,758.92,32110.92,13138.03,40.9
4025,Aug,Riyadh,Analytics Suite,17,917.14,475.11,15591.37,7514.42,48.2
4026,Nov,Ajman,CRM Platform,44,841.71,428.63,37035.38,18175.75,49.1
4027,Oct,Dubai,Cloud Storage,24,1454.57,923.51,34909.6,12745.47,36.5
4028,Jun,Abu Dhabi,Enterprise Software,4,1524.44,929.42,6097.76,2380.06,39.0
4029,Jul,Sharjah,Cloud Storage,5,207.94,131.41,1039.71,382.68,36.8
4030,Jun,Abu Dhabi,Cloud Storage,3,1962.61,1253.61,5887.82,2126.99,36.1
4031,Mar,Riyadh,Analytics Suite,19,1727.36,994.45,32819.88,13925.34,42.4
4032,Sep,Dubai,Security Package,15,1240.2,585.55,18602.96,9819.76,52.8
4033,Feb,Sharjah,Security Package,15,242.45,115.25,3636.8,1908.02,52.5
4034,Oct,Dubai,CRM Platform,5,1665.29,797.84,8326.43,4337.25,52.1
4035,Mar,Abu Dhabi,Enterprise Software,7,862.94,360.55,6040.59,3516.73,58.2
4036,Dec,Ajman,Analytics Suite,36,1980.49,1137.93,71297.68,30332.07,42.5
4037,Apr,Ajman,Cloud Storage,43,1761.92,975.43,75762.76,33819.28,44.6
4038,May,Sharjah,Cloud Storage,36,363.29,145.6,13078.35,7836.74,59.9
4039,May,Dubai,Enterprise Software,32,957.1,566.77,30627.2,12490.48,40.8
4040,Sep,Abu Dhabi,CRM Platform,38,1617.03,992.66,61447.08,23725.9,38.6
4041,Aug,Dubai,Analytics Suite,16,1193.26,573.05,19092.11,9923.36,52.0
4042,Sep,Dubai,Cloud Storage,50,337.45,172.86,16872.4,8229.34,48.8
4043,Feb,Ajman,Analytics Suite,9,621.58,306.46,5594.21,2836.1,50.7
4044,Sep,Riyadh,CRM Platform,7,814.46,378.64,5701.21,3050.72,53.5
4045,Nov,Ajman,Enterprise Software,39,1031.35,471.09,40222.56,21850.07,54.3
4046,Mar,Ajman,Enterprise Software,19,1616.18,822.29,30707.46,15084.03,49.1
4047,Jul,Sharjah,Analytics Suite,50,1032.64,449.54,51631.84,29154.61,56.5
4048,Aug,Sharjah,Enterprise Software,7,249.17,112.35,1744.19,957.74,54.9
4049,Feb,Riyadh,CRM Platform,24,891.69,415.43,21400.64,11430.22,53.4
4050,Nov,Ajman,Security Package,49,613.78,347.49,30075.43,13048.38,43.4
4051,Feb,Dubai,Cloud Storage,32,772.49,498.01,24719.69,8783.52,35.5
4052,Mar,Riyadh,Enterprise Software,29,733.71,306.86,21277.66,12378.83,58.2
4053,Jun,Sharjah,Security Package,46,1026.23,456.95,47206.75,26187.14,55.5
4054,Oct,Dubai,Cloud Storage,12,798.2,473.05,9578.35,3901.79,40.7
4055,Jul,Ajman,Security Package,10,1808.31,807.38,18083.05,10009.26,55.4
4056,Jan,Riyadh,Analytics Suite,29,949.92,439.5,27547.54,14802.17,53.7
4057,Nov,Dubai,CRM Platform,25,1429.75,623.3,35743.67,20161.07,56.4
4058,Jun,Dubai,Cloud Storage,14,1507.93,967.68,21111.05,7563.59,35.8
4059,Jul,Ajman,CRM Platform,45,449.05,247.4,20207.42,9074.43,44.9
4060,Jul,Abu Dhabi,Security Package,47,1107.11,574.36,52034.14,25039.05,48.1
4061,Nov,Dubai,CRM Platform,45,254.38,118.49,11446.97,6114.84,53.4
4062,Oct,Riyadh,CRM Platform,44,620.76,257.23,27313.47,15995.22,58.6
4063,Apr,Sharjah,Analytics Suite,17,210.85,125.89,3584.41,1444.33,40.3
4064,Mar,Riyadh,Security Package,31,560.03,282.55,17360.83,8601.77,49.5
4065,Oct,Dubai,Analytics Suite,29,972.32,451.49,28197.16,15104.0,53.6
4066,Apr,Dubai,Analytics Suite,44,1381.23,663.57,60774.02,31577.13,52.0
4067,Dec,Ajman,Enterprise Software,31,1100.34,682.72,34110.69,12946.41,38.0
4068,Jun,Ajman,Analytics Suite,17,485.81,297.63,8258.83,3199.18,38.7
4069,Apr,Riyadh,Enterprise Software,34,667.41,407.97,22691.92,8821.04,38.9
4070,Jul,Ajman,Cloud Storage,48,1707.13,877.23,81942.15,39835.32,48.6
4071,Jan,Abu Dhabi,Cloud Storage,46,516.91,328.72,23778.08,8657.04,36.4
4072,Feb,Abu Dhabi,CRM Platform,7,1570.84,956.61,10995.87,4299.61,39.1
4073,Jul,Sharjah,CRM Platform,39,417.25,218.2,16272.58,7762.75,47.7
4074,Jan,Ajman,Cloud Storage,50,730.15,404.65,36507.52,16275.16,44.6
4075,Feb,Riyadh,Analytics Suite,19,682.77,367.41,12972.61,5991.76,46.2
4076,Apr,Riyadh,Security Package,3,874.63,555.39,2623.9,957.73,36.5
4077,Jan,Ajman,Security Package,14,1252.13,753.3,17529.76,6983.54,39.8
4078,Mar,Abu Dhabi,Enterprise Software,48,943.78,604.27,45301.23,16296.2,36.0
4079,Jan,Riyadh,Security Package,7,1994.39,1241.75,13960.74,5268.49,37.7
4080,May,Abu Dhabi,CRM Platform,32,1691.89,702.37,54140.33,31664.65,58.5
4081,Feb,Riyadh,Enterprise Software,29,1036.2,644.27,30049.67,11365.84,37.8
4082,Feb,Dubai,Cloud Storage,26,1862.93,952.73,48436.22,23665.35,48.9
4083,Nov,Dubai,Analytics Suite,1,1894.45,895.7,1894.45,998.75,52.7
4084,Mar,Abu Dhabi,Cloud Storage,27,1703.24,759.45,45987.35,25482.28,55.4
4085,Oct,Sharjah,CRM Platform,15,1735.06,1068.37,26025.91,10000.29,38.4
4086,Oct,Ajman,Cloud Storage,18,1608.54,817.63,28953.64,14236.28,49.2
4087,Jan,Abu Dhabi,Security Package,35,600.13,324.49,21004.42,9647.22,45.9
4088,May,Ajman,Analytics Suite,4,481.29,234.61,1925.17,986.75,51.3
4089,Jun,Riyadh,Security Package,7,1457.99,663.01,10205.9,5564.81,54.5
4090,Mar,Riyadh,Cloud Storage,30,1461.29,946.66,43838.57,15438.78,35.2
4091,Sep,Ajman,Cloud Storage,6,488.12,265.12,2928.71,1337.99,45.7
4092,Jun,Ajman,Cloud Storage,42,285.96,184.09,12010.5,4278.92,35.6
4093,Jan,Riyadh,CRM Platform,9,1694.8,982.36,15253.21,6411.97,42.0
4094,Nov,Ajman,CRM Platform,22,1683.31,864.22,37032.89,18020.04,48.7
4095,Nov,Abu Dhabi,Security Package,20,840.62,379.41,16812.32,9224.04,54.9
4096,Oct,Ajman,Analytics Suite,48,1327.88,655.19,63738.4,32289.32,50.7
4097,Sep,Ajman,Enterprise Software,35,982.73,593.58,34395.49,13620.06,39.6
4098,Jun,Ajman,CRM Platform,49,943.01,582.55,46207.49,17662.38,38.2
4099,Sep,Abu Dhabi,Enterprise Software,1,1397.19,881.06,1397.19,516.14,36.9
4100,Oct,Riyadh,Cloud Storage,3,498.63,295.64,1495.88,608.96,40.7
4101,Apr,Sharjah,Analytics Suite,40,258.63,120.2,10345.36,5537.23,53.5
4102,Oct,Riyadh,Enterprise Software,15,512.03,224.9,7680.52,4307.09,56.1
4103,Apr,Abu Dhabi,Cloud Storage,12,211.81,93.61,2541.71,1418.42,55.8
4104,Jan,Sharjah,Enterprise Software,10,1657.26,1038.22,16572.57,6190.4,37.4
4105,Jan,Sharjah,Analytics Suite,8,1312.75,764.47,10501.96,4386.18,41.8
4106,Jun,Sharjah,Analytics Suite,46,1429.31,583.66,65748.29,38900.14,59.2
4107,Sep,Ajman,Security Package,36,1655.36,780.02,59593.14,31512.3,52.9
4108,Apr,Abu Dhabi,Security Package,49,1596.38,715.48,78222.46,43164.17,55.2
4109,Apr,Abu Dhabi,Analytics Suite,26,1854.45,1016.28,48215.58,21792.29,45.2
4110,Sep,Abu Dhabi,Enterprise Software,2,824.28,483.57,1648.55,681.42,41.3
4111,Feb,Riyadh,Cloud Storage,9,1696.98,1013.37,15272.78,6152.41,40.3
4112,Mar,Sharjah,Enterprise Software,38,303.56,180.62,11535.2,4671.54,40.5
4113,Jun,Riyadh,CRM Platform,40,1282.06,555.74,51282.33,29052.76,56.7
4114,Mar,Dubai,Enterprise Software,16,1940.57,971.0,31049.05,15512.97,50.0
4115,Aug,Dubai,CRM Platform,20,1258.4,590.77,25167.93,13352.5,53.1
4116,Jul,Dubai,Enterprise Software,12,1271.54,784.21,15258.43,5847.93,38.3
4117,Apr,Dubai,Security Package,29,815.42,527.16,23647.07,8359.33,35.4
4118,Mar,Dubai,Security Package,12,911.94,382.11,10943.3,6358.02,58.1
4119,Aug,Abu Dhabi,Enterprise Software,24,617.81,309.03,14827.55,7410.87,50.0
4120,Aug,Ajman,Analytics Suite,21,472.06,289.5,9913.27,3833.84,38.7
4121,Jul,Ajman,Analytics Suite,7,1815.14,790.43,12705.97,7172.94,56.5
4122,Jul,Dubai,Security Package,8,1007.42,596.01,8059.39,3291.35,40.8
4123,Oct,Dubai,Enterprise Software,38,485.01,283.95,18430.4,7640.2,41.5
4124,Jun,Riyadh,Analytics Suite,9,686.87,307.55,6181.81,3413.82,55.2
4125,Jun,Dubai,Enterprise Software,45,614.49,296.78,27652.01,14297.02,51.7
4126,Feb,Dubai,Analytics Suite,18,577.79,342.61,10400.23,4233.17,40.7
4127,Nov,Dubai,Security Package,7,739.12,418.75,5173.86,2242.62,43.3
4128,Aug,Dubai,Security Package,32,1851.19,953.82,59237.94,28715.66,48.5
4129,Aug,Abu Dhabi,Analytics Suite,39,1952.88,963.93,76162.5,38569.42,50.6
4130,Mar,Sharjah,Cloud Storage,6,1103.09,506.39,6618.56,3580.2,54.1
4131,Dec,Sharjah,Analytics Suite,35,1624.19,889.53,56846.67,25713.16,45.2
4132,Sep,Dubai,Analytics Suite,31,1086.75,551.91,33689.21,16579.96,49.2
4133,Apr,Ajman,Security Package,14,1785.13,1052.13,24991.82,10261.93,41.1
4134,Sep,Riyadh,Security Package,28,837.72,410.06,23456.22,11974.59,51.1
4135,Mar,Riyadh,Enterprise Software,22,1041.09,557.74,22903.89,10633.69,46.4
4136,May,Sharjah,CRM Platform,4,1790.16,865.34,7160.63,3699.28,51.7
4137,Dec,Riyadh,Analytics Suite,34,1154.73,701.37,39260.77,15414.35,39.3
4138,Jun,Riyadh,Cloud Storage,45,987.04,590.68,44416.69,17836.25,40.2
4139,Mar,Abu Dhabi,CRM Platform,2,1531.38,714.44,3062.76,1633.89,53.3
4140,Nov,Ajman,Cloud Storage,38,1602.05,785.97,60878.03,31011.08,50.9
4141,Dec,Abu Dhabi,Analytics Suite,24,344.28,188.11,8262.61,3747.92,45.4
4142,Mar,Abu Dhabi,Security Package,12,530.42,258.63,6365.05,3261.51,51.2
4143,Mar,Dubai,Security Package,23,1512.8,856.13,34794.51,15103.53,43.4
4144,May,Ajman,Cloud Storage,29,509.79,256.32,14783.79,7350.54,49.7
4145,Mar,Riyadh,Analytics Suite,42,222.88,136.58,9361.06,3624.88,38.7
4146,Apr,Abu Dhabi,Cloud Storage,18,356.94,193.62,6424.94,2939.84,45.8
4147,Jan,Abu Dhabi,Security Package,1,1289.87,727.21,1289.87,562.67,43.6
4148,Dec,Ajman,Cloud Storage,29,271.56,136.45,7875.34,3918.16,49.8
4149,Jun,Dubai,Analytics Suite,4,1933.17,947.89,7732.69,3941.14,51.0
4150,Feb,Abu Dhabi,Cloud Storage,31,1704.72,957.63,52846.23,23159.65,43.8
4151,Oct,Dubai,Cloud Storage,5,289.82,171.01,1449.12,594.05,41.0
4152,Apr,Riyadh,Cloud Storage,24,1573.43,841.29,37762.27,17571.32,46.5
4153,Mar,Abu Dhabi,Cloud Storage,20,1705.44,722.1,34108.74,19666.71,57.7
4154,Jul,Riyadh,Cloud Storage,1,1450.69,732.55,1450.69,718.14,49.5
4155,Mar,Dubai,Security Package,30,1074.54,439.83,32236.09,19041.28,59.1
4156,Jul,Ajman,Analytics Suite,8,1862.24,1093.31,14897.95,6151.5,41.3
4157,Jul,Dubai,CRM Platform,9,903.66,410.8,8132.94,4435.73,54.5
4158,Jan,Riyadh,Analytics Suite,1,1230.4,562.37,1230.4,668.02,54.3
4159,May,Abu Dhabi,Cloud Storage,28,362.24,219.71,10142.64,3990.72,39.3
4160,Nov,Abu Dhabi,Cloud Storage,8,570.05,351.63,4560.44,1747.39,38.3
4161,Feb,Abu Dhabi,CRM Platform,1,1357.25,811.82,1357.25,545.42,40.2
4162,Dec,Sharjah,Analytics Suite,6,1937.0,919.91,11621.97,6102.49,52.5
4163,Jul,Abu Dhabi,Enterprise Software,23,696.84,421.09,16027.3,6342.29,39.6
4164,Aug,Dubai,Cloud Storage,12,1035.06,584.42,12420.72,5407.69,43.5
4165,Jun,Ajman,Security Package,31,1911.84,1192.17,59267.02,22309.65,37.6
4166,Dec,Dubai,CRM Platform,14,1622.07,893.93,22708.99,10194.03,44.9
4167,Jan,Abu Dhabi,Security Package,18,1784.0,1074.35,32111.98,12773.73,39.8
4168,Jun,Ajman,Analytics Suite,7,1120.87,572.03,7846.12,3841.89,49.0
4169,Oct,Dubai,CRM Platform,40,1216.34,538.97,48653.5,27094.7,55.7
4170,Mar,Abu Dhabi,Enterprise Software,19,1208.65,618.01,22964.38,11222.14,48.9
4171,Feb,Sharjah,Analytics Suite,50,1093.18,497.13,54658.92,29802.45,54.5
4172,Jun,Sharjah,CRM Platform,13,1101.77,547.78,14323.01,7201.89,50.3
4173,Oct,Sharjah,CRM Platform,49,1995.38,880.71,97773.61,54618.59,55.9
4174,Jun,Sharjah,Security Package,48,605.71,369.8,29074.08,11323.87,38.9
4175,Sep,Abu Dhabi,CRM Platform,37,274.63,157.1,10161.4,4348.53,42.8
4176,Sep,Abu Dhabi,Cloud Storage,28,1521.1,709.68,42590.69,22719.78,53.3
4177,Oct,Dubai,Enterprise Software,22,608.85,376.63,13394.61,5108.71,38.1
4178,Dec,Sharjah,CRM Platform,18,513.89,255.76,9249.95,4646.21,50.2
4179,Jun,Sharjah,Cloud Storage,50,1261.94,509.82,63096.97,37605.74,59.6
4180,Apr,Dubai,Security Package,31,1160.53,540.19,35976.58,19230.83,53.5
4181,May,Ajman,Enterprise Software,32,1723.57,963.09,55154.37,24335.61,44.1
4182,Apr,Dubai,Analytics Suite,30,1109.34,695.15,33280.2,12425.75,37.3
4183,Apr,Sharjah,Analytics Suite,30,292.21,170.05,8766.38,3664.92,41.8
4184,Aug,Dubai,Security Package,42,1933.43,943.23,81204.23,41588.69,51.2
4185,Jul,Ajman,Analytics Suite,30,436.47,270.27,13094.17,4986.13,38.1
4186,Sep,Abu Dhabi,CRM Platform,5,861.94,408.76,4309.69,2265.89,52.6
4187,Jun,Dubai,Security Package,34,1543.78,837.98,52488.54,23997.06,45.7
4188,Aug,Dubai,Cloud Storage,31,1864.11,823.44,57787.26,32260.64,55.8
4189,Sep,Dubai,Enterprise Software,20,802.14,460.73,16042.77,6828.19,42.6
4190,Jan,Riyadh,CRM Platform,19,1957.33,960.73,37189.22,18935.44,50.9
4191,Jun,Ajman,Enterprise Software,3,610.21,281.91,1830.63,984.89,53.8
4192,Oct,Sharjah,CRM Platform,33,642.16,261.21,21191.44,12571.56,59.3
4193,Nov,Ajman,CRM Platform,14,240.06,120.3,3360.78,1676.57,49.9
4194,Mar,Dubai,Security Package,12,1522.81,769.26,18273.74,9042.63,49.5
4195,Nov,Ajman,Security Package,18,1596.98,884.05,28745.69,12832.73,44.6
4196,Sep,Riyadh,CRM Platform,42,1112.72,536.64,46734.24,24195.52,51.8
4197,Nov,Riyadh,Analytics Suite,39,1655.01,681.32,64545.34,37973.78,58.8
4198,Oct,Ajman,Cloud Storage,27,567.83,323.63,15331.43,6593.52,43.0
4199,Dec,Abu Dhabi,Security Package,40,1763.22,927.33,70528.97,33435.76,47.4
4200,Jan,Ajman,CRM Platform,48,1718.9,1030.83,82507.31,33027.26,40.0
4201,Nov,Sharjah,Enterprise Software,41,744.83,323.64,30538.03,17268.87,56.5
4202,Jan,Dubai,CRM Platform,17,1366.24,738.12,23226.1,10678.0,46.0
4203,Jul,Dubai,Security Package,44,1501.92,611.93,66084.45,39159.34,59.3
4204,Mar,Ajman,Cloud Storage,4,1572.57,787.16,6290.26,3141.64,49.9
4205,Nov,Abu Dhabi,Security Package,1,1054.22,670.35,1054.22,383.87,36.4
4206,Mar,Riyadh,Security Package,50,1706.56,1040.71,85328.01,33292.74,39.0
4207,Sep,Dubai,Security Package,11,1082.97,585.3,11912.65,5474.3,46.0
4208,Apr,Ajman,Analytics Suite,50,1647.71,850.07,82385.45,39881.76,48.4
4209,Sep,Ajman,Enterprise Software,28,1680.25,801.46,47046.87,24605.97,52.3
4210,Jul,Sharjah,Cloud Storage,38,725.49,295.67,27568.47,16332.89,59.2
4211,Nov,Riyadh,Security Package,43,621.95,386.27,26743.91,10134.09,37.9
4212,May,Abu Dhabi,Analytics Suite,44,1981.22,1090.42,87173.71,39195.39,45.0
4213,May,Dubai,Enterprise Software,23,1595.16,881.52,36688.62,16413.61,44.7
4214,Jan,Ajman,CRM Platform,25,1277.87,531.44,31946.65,18660.76,58.4
4215,Aug,Sharjah,Security Package,13,203.59,94.59,2646.61,1416.95,53.5
4216,Mar,Riyadh,Security Package,18,617.6,387.92,11116.81,4134.17,37.2
4217,Jan,Sharjah,Cloud Storage,45,464.06,286.74,20882.54,7979.4,38.2
4218,Dec,Dubai,CRM Platform,35,400.96,207.65,14033.7,6766.08,48.2
4219,Nov,Dubai,CRM Platform,25,1916.93,896.68,47923.17,25506.16,53.2
4220,Jun,Abu Dhabi,Enterprise Software,42,1149.87,708.23,48294.42,18548.71,38.4
4221,Jul,Dubai,Enterprise Software,42,1731.65,1074.7,72729.1,27591.89,37.9
4222,Nov,Riyadh,Cloud Storage,33,367.68,147.21,12133.33,7275.53,60.0
4223,Feb,Ajman,Enterprise Software,31,297.92,163.79,9235.48,4158.1,45.0
4224,Nov,Abu Dhabi,CRM Platform,20,276.56,171.45,5531.13,2102.06,38.0
4225,Sep,Abu Dhabi,Enterprise Software,41,1170.96,619.9,48009.29,22593.39,47.1
4226,Mar,Dubai,CRM Platform,26,470.4,207.64,12230.42,6831.9,55.9
4227,Mar,Ajman,Security Package,42,1766.21,837.18,74180.98,39019.52,52.6
4228,Jun,Sharjah,Security Package,49,1903.75,1075.86,93283.63,40566.41,43.5
4229,Mar,Dubai,CRM Platform,34,1113.76,606.85,37867.71,17234.98,45.5
4230,Mar,Sharjah,Security Package,42,1364.32,761.07,57301.55,25336.65,44.2
4231,Jul,Dubai,Enterprise Software,35,203.93,129.34,7137.48,2610.43,36.6
4232,Jul,Dubai,Security Package,8,508.68,263.53,4069.46,1961.23,48.2
4233,Jan,Ajman,Cloud Storage,36,259.57,112.49,9344.47,5294.88,56.7
4234,Oct,Dubai,Cloud Storage,8,1021.32,570.82,8170.57,3604.03,44.1
4235,Apr,Abu Dhabi,CRM Platform,44,1822.44,849.51,80187.31,42808.75,53.4
4236,Jun,Sharjah,Cloud Storage,39,886.67,498.97,34580.26,15120.56,43.7
4237,Sep,Sharjah,Analytics Suite,44,1678.38,874.67,73848.56,35363.25,47.9
4238,Mar,Dubai,Enterprise Software,1,1524.41,722.28,1524.41,802.13,52.6
4239,Mar,Abu Dhabi,Analytics Suite,43,1778.43,806.94,76472.47,41774.05,54.6
4240,Oct,Riyadh,Enterprise Software,6,1889.82,829.73,11338.91,6360.53,56.1
4241,Jun,Abu Dhabi,CRM Platform,16,216.12,116.24,3457.9,1598.14,46.2
4242,Aug,Sharjah,Security Package,26,1681.25,1062.07,43712.57,16098.85,36.8
4243,Oct,Dubai,Cloud Storage,25,1368.25,700.84,34206.13,16685.24,48.8
4244,Apr,Abu Dhabi,Analytics Suite,25,772.84,472.3,19321.03,7513.65,38.9
4245,Jun,Sharjah,Enterprise Software,23,600.15,354.7,13803.46,5645.28,40.9
4246,Feb,Sharjah,Security Package,45,1159.02,590.99,52155.87,25561.39,49.0
4247,Nov,Sharjah,Analytics Suite,2,1947.62,1204.46,3895.23,1486.32,38.2
4248,Sep,Sharjah,Security Package,10,413.94,256.05,4139.42,1578.9,38.1
4249,Aug,Riyadh,CRM Platform,16,1131.99,531.03,18111.8,9615.35,53.1
4250,Mar,Ajman,CRM Platform,13,1929.31,883.06,25081.09,13601.34,54.2
4251,Jul,Dubai,CRM Platform,30,1287.77,716.3,38633.23,17144.18,44.4
4252,May,Riyadh,CRM Platform,38,332.64,164.06,12640.41,6406.05,50.7
4253,Aug,Sharjah,Security Package,43,1829.14,793.34,78653.15,44539.54,56.6
4254,Mar,Dubai,Analytics Suite,39,1143.98,510.36,44615.33,24711.1,55.4
4255,Oct,Ajman,Security Package,9,219.94,110.9,1979.49,981.36,49.6
4256,Oct,Dubai,CRM Platform,38,934.73,418.09,35519.61,19632.19,55.3
4257,Oct,Sharjah,CRM Platform,38,1835.63,1169.29,69753.79,25320.92,36.3
4258,Dec,Abu Dhabi,Security Package,39,1624.03,947.63,63337.01,26379.61,41.6
4259,Jun,Abu Dhabi,Cloud Storage,49,1195.12,620.7,58561.02,28146.49,48.1
4260,Sep,Ajman,Security Package,30,1478.21,757.93,44346.24,21608.37,48.7
4261,Jul,Abu Dhabi,Analytics Suite,1,741.99,342.63,741.99,399.37,53.8
4262,Jan,Riyadh,Cloud Storage,34,1905.55,1146.89,64788.66,25794.32,39.8
4263,Feb,Riyadh,Cloud Storage,21,560.26,298.04,11765.37,5506.55,46.8
4264,Feb,Abu Dhabi,Security Package,10,1983.88,993.15,19838.76,9907.22,49.9
4265,Feb,Dubai,Enterprise Software,19,735.48,414.15,13974.19,6105.42,43.7
4266,Mar,Ajman,CRM Platform,40,1503.88,956.43,60155.12,21898.04,36.4
4267,Jan,Sharjah,Cloud Storage,19,1515.96,820.14,28803.25,13220.53,45.9
4268,Feb,Abu Dhabi,Analytics Suite,2,567.43,342.09,1134.85,450.67,39.7
4269,Mar,Ajman,Analytics Suite,41,1718.51,889.36,70458.9,33995.06,48.2
4270,Oct,Dubai,Security Package,35,982.6,473.42,34391.06,17821.23,51.8
4271,Mar,Ajman,Analytics Suite,48,1614.63,1025.22,77502.13,28291.73,36.5
4272,Jan,Abu Dhabi,Analytics Suite,22,1317.95,760.93,28994.96,12254.57,42.3
4273,Sep,Abu Dhabi,Enterprise Software,12,620.36,377.12,7444.3,2918.81,39.2
4274,Aug,Dubai,Security Package,28,970.59,616.91,27176.6,9903.09,36.4
4275,May,Dubai,Security Package,36,1830.34,915.48,65892.22,32934.93,50.0
4276,Jan,Riyadh,Security Package,42,1977.93,974.14,83072.95,42159.07,50.7
4277,Jan,Riyadh,Cloud Storage,6,1052.94,517.13,6317.67,3214.91,50.9
4278,Oct,Dubai,CRM Platform,27,936.27,593.7,25279.35,9249.42,36.6
4279,Jun,Ajman,Security Package,31,475.28,280.95,14733.78,6024.34,40.9
4280,May,Sharjah,Enterprise Software,16,1631.72,778.07,26107.6,13658.49,52.3
4281,Dec,Sharjah,Enterprise Software,11,772.38,495.16,8496.16,3049.34,35.9
4282,Nov,Abu Dhabi,CRM Platform,40,768.35,385.08,30733.89,15330.8,49.9
4283,Aug,Dubai,Enterprise Software,32,1092.56,612.48,34962.0,15362.62,43.9
4284,Jun,Dubai,CRM Platform,4,606.36,255.61,2425.44,1403.02,57.8
4285,Jan,Riyadh,Cloud Storage,10,1451.02,882.7,14510.18,5683.18,39.2
4286,Dec,Riyadh,Security Package,5,1263.42,668.23,6317.08,2975.92,47.1
4287,Aug,Abu Dhabi,Cloud Storage,3,541.78,315.83,1625.34,677.86,41.7
4288,May,Sharjah,Analytics Suite,29,715.9,395.34,20761.1,9296.13,44.8
4289,Jul,Sharjah,CRM Platform,2,999.08,639.1,1998.15,719.95,36.0
4290,Apr,Ajman,Cloud Storage,21,1975.6,1246.11,41487.62,15319.25,36.9
4291,Jul,Dubai,CRM Platform,21,337.19,198.69,7080.98,2908.41,41.1
4292,Nov,Dubai,CRM Platform,3,1959.42,1120.82,5878.27,2515.81,42.8
4293,Aug,Sharjah,Enterprise Software,45,630.01,355.55,28350.27,12350.73,43.6
4294,Jun,Riyadh,Security Package,6,682.37,338.38,4094.23,2063.98,50.4
4295,Oct,Sharjah,Enterprise Software,5,1205.02,588.66,6025.1,3081.81,51.1
4296,Jun,Dubai,Analytics Suite,35,1535.58,894.06,53745.22,22453.14,41.8
4297,Aug,Dubai,Analytics Suite,17,688.25,413.08,11700.2,4677.84,40.0
4298,Apr,Ajman,Analytics Suite,39,1399.53,882.34,54581.66,20170.31,37.0
4299,Aug,Dubai,CRM Platform,1,291.04,117.24,291.04,173.8,59.7
4300,Dec,Abu Dhabi,Enterprise Software,20,774.08,369.96,15481.6,8082.33,52.2
4301,Jan,Riyadh,Analytics Suite,49,647.56,408.47,31730.45,11715.52,36.9
4302,Mar,Riyadh,Cloud Storage,6,1647.69,669.02,9886.14,5872.03,59.4
4303,Jul,Abu Dhabi,Security Package,26,1584.1,937.46,41186.65,16812.59,40.8
4304,Sep,Dubai,Cloud Storage,24,1847.61,990.31,44342.63,20575.11,46.4
4305,Nov,Ajman,Analytics Suite,45,1538.74,869.41,69243.19,30119.55,43.5
4306,Jan,Riyadh,Security Package,10,905.14,397.68,9051.36,5074.54,56.1
4307,Jul,Sharjah,Enterprise Software,19,1445.69,834.63,27468.08,11610.11,42.3
4308,Dec,Abu Dhabi,Cloud Storage,16,816.58,411.87,13065.32,6475.42,49.6
4309,Apr,Abu Dhabi,Enterprise Software,39,1973.82,937.55,76978.84,40414.26,52.5
4310,Sep,Dubai,Security Package,4,1571.76,958.94,6287.03,2451.26,39.0
4311,Sep,Ajman,Enterprise Software,47,1936.92,1045.16,91035.15,41912.83,46.0
4312,Mar,Dubai,Security Package,3,1962.29,1135.99,5886.86,2478.9,42.1
4313,Feb,Riyadh,Security Package,35,1710.37,1035.77,59863.03,23611.1,39.4
4314,Feb,Sharjah,Cloud Storage,6,559.45,343.52,3356.68,1295.54,38.6
4315,Jul,Abu Dhabi,CRM Platform,7,373.25,199.42,2612.73,1216.81,46.6
4316,Sep,Riyadh,Analytics Suite,4,817.24,490.41,3268.95,1307.3,40.0
4317,Nov,Abu Dhabi,Cloud Storage,8,400.59,225.95,3204.71,1397.1,43.6
4318,Aug,Dubai,Analytics Suite,44,1410.02,620.03,62041.07,34759.56,56.0
4319,Apr,Dubai,Analytics Suite,39,1828.97,1041.65,71329.86,30705.36,43.0
4320,May,Ajman,CRM Platform,24,1480.1,701.67,35522.46,18682.45,52.6
4321,Nov,Dubai,Security Package,44,1590.64,1001.52,69987.99,25921.21,37.0
4322,Aug,Abu Dhabi,Enterprise Software,49,314.34,156.42,15402.77,7738.34,50.2
4323,Oct,Dubai,Security Package,22,1512.55,823.05,33276.11,15169.09,45.6
4324,Jul,Ajman,CRM Platform,27,438.09,219.86,11828.35,5892.16,49.8
4325,Dec,Abu Dhabi,Analytics Suite,49,1237.19,780.31,60622.43,22387.12,36.9
4326,Jan,Sharjah,Cloud Storage,9,1548.27,647.83,13934.45,8104.03,58.2
4327,Jan,Riyadh,Analytics Suite,9,873.15,526.72,7858.32,3117.88,39.7
4328,Apr,Ajman,Enterprise Software,25,1130.49,465.88,28262.15,16615.18,58.8
4329,Apr,Dubai,CRM Platform,3,913.21,419.78,2739.62,1480.28,54.0
4330,Jan,Dubai,Analytics Suite,9,1515.68,942.41,13641.13,5159.42,37.8
4331,May,Dubai,CRM Platform,1,1322.92,723.56,1322.92,599.36,45.3
4332,Oct,Dubai,Cloud Storage,3,1266.26,819.41,3798.77,1340.55,35.3
4333,Nov,Dubai,Cloud Storage,2,457.69,198.55,915.38,518.28,56.6
4334,Jun,Riyadh,Analytics Suite,11,1439.41,851.91,15833.48,6462.46,40.8
4335,Oct,Ajman,Analytics Suite,30,1453.0,714.39,43590.15,22158.31,50.8
4336,Nov,Dubai,Security Package,12,1944.52,798.06,23334.2,13757.49,59.0
4337,Jul,Riyadh,Security Package,3,439.49,282.04,1318.46,472.34,35.8
4338,May,Sharjah,CRM Platform,43,779.03,469.62,33498.09,13304.43,39.7
4339,Jan,Riyadh,Cloud Storage,21,714.49,385.26,15004.37,6913.88,46.1
4340,Dec,Riyadh,Analytics Suite,19,1866.31,851.57,35459.93,19280.19,54.4
4341,Sep,Dubai,Enterprise Software,2,1335.12,574.36,2670.24,1521.52,57.0
4342,Jul,Riyadh,Security Package,23,1332.65,709.43,30650.97,14333.98,46.8
4343,Jun,Sharjah,Analytics Suite,26,1964.63,862.92,51080.42,28644.62,56.1
4344,Nov,Abu Dhabi,Security Package,24,468.93,245.41,11254.43,5364.64,47.7
4345,Jun,Ajman,Enterprise Software,45,933.32,376.15,41999.5,25072.95,59.7
4346,Jul,Ajman,Enterprise Software,9,757.27,383.0,6815.47,3368.45,49.4
4347,May,Ajman,Enterprise Software,29,1754.65,769.53,50884.76,28568.44,56.1
4348,Jan,Ajman,CRM Platform,9,554.13,332.45,4987.19,1995.16,40.0
4349,Sep,Dubai,Analytics Suite,24,248.91,122.87,5973.88,3025.08,50.6
4350,Feb,Abu Dhabi,Enterprise Software,29,614.72,357.43,17826.85,7461.27,41.9
4351,Aug,Dubai,CRM Platform,7,768.86,317.92,5382.02,3156.6,58.7
4352,Oct,Riyadh,CRM Platform,4,872.16,387.94,3488.62,1936.85,55.5
4353,Apr,Sharjah,Enterprise Software,16,1263.32,602.47,20213.04,10573.49,52.3
4354,Jan,Riyadh,Analytics Suite,46,875.68,408.11,40281.15,21507.97,53.4
4355,Feb,Sharjah,Cloud Storage,44,1660.97,952.73,73082.72,31162.53,42.6
4356,Jan,Ajman,Security Package,21,1500.83,646.52,31517.38,17940.41,56.9
4357,Nov,Dubai,Security Package,37,1156.73,588.41,42799.04,21027.95,49.1
4358,Oct,Sharjah,CRM Platform,14,973.43,483.88,13628.07,6853.75,50.3
4359,Apr,Dubai,Security Package,13,1785.99,1032.97,23217.9,9789.34,42.2
4360,Nov,Ajman,Analytics Suite,43,1207.22,602.4,51910.42,26007.28,50.1
4361,Nov,Dubai,Analytics Suite,30,288.52,128.8,8655.51,4791.39,55.4
4362,Aug,Abu Dhabi,CRM Platform,47,359.66,167.73,16904.2,9021.1,53.4
4363,Oct,Dubai,Enterprise Software,12,495.1,272.73,5941.16,2668.37,44.9
4364,Apr,Ajman,CRM Platform,14,541.38,327.18,7579.27,2998.78,39.6
4365,Apr,Riyadh,CRM Platform,44,439.87,238.14,19354.3,8876.26,45.9
4366,May,Ajman,Analytics Suite,3,534.88,288.92,1604.63,737.86,46.0
4367,Apr,Abu Dhabi,Analytics Suite,49,494.96,246.83,24252.95,12158.11,50.1
4368,Oct,Ajman,CRM Platform,38,1374.93,638.76,52247.47,27974.77,53.5
4369,Apr,Ajman,CRM Platform,40,1879.49,826.72,75179.75,42110.93,56.0
4370,Nov,Riyadh,Analytics Suite,10,284.12,130.57,2841.21,1535.46,54.0
4371,Oct,Abu Dhabi,Enterprise Software,7,652.45,422.72,4567.16,1608.13,35.2
4372,Oct,Dubai,CRM Platform,13,610.32,365.94,7934.1,3176.86,40.0
4373,May,Riyadh,Analytics Suite,9,582.35,276.17,5241.17,2755.65,52.6
4374,Oct,Dubai,Security Package,34,468.83,258.81,15940.27,7140.81,44.8
4375,Jun,Ajman,Analytics Suite,6,790.86,369.48,4745.16,2528.31,53.3
4376,Jul,Sharjah,Cloud Storage,4,1846.71,943.01,7386.84,3614.81,48.9
4377,Dec,Ajman,Security Package,39,1320.2,594.67,51487.97,28295.99,55.0
4378,Jan,Abu Dhabi,Enterprise Software,1,1489.92,742.48,1489.92,747.44,50.2
4379,Apr,Sharjah,Cloud Storage,44,478.51,283.93,21054.26,8561.41,40.7
4380,Mar,Ajman,Cloud Storage,32,1008.92,521.32,32285.46,15603.06,48.3
4381,Jul,Abu Dhabi,Enterprise Software,47,1111.22,711.2,52227.23,18800.62,36.0
4382,May,Ajman,CRM Platform,47,1060.66,669.68,49850.85,18376.11,36.9
4383,Apr,Ajman,Enterprise Software,36,850.71,390.91,30625.6,16552.83,54.0
4384,Oct,Dubai,Analytics Suite,21,505.04,265.58,10605.8,5028.68,47.4
4385,Nov,Sharjah,Cloud Storage,19,352.67,213.72,6700.65,2639.9,39.4
4386,Dec,Ajman,Analytics Suite,4,438.1,229.57,1752.39,834.11,47.6
4387,Aug,Dubai,CRM Platform,49,860.28,380.03,42153.87,23532.35,55.8
4388,Mar,Ajman,CRM Platform,24,1224.51,490.55,29388.35,17615.22,59.9
4389,Jan,Ajman,Cloud Storage,3,641.2,321.37,1923.6,959.47,49.9
4390,Nov,Riyadh,Analytics Suite,26,1789.47,1071.65,46526.19,18663.24,40.1
4391,May,Ajman,Enterprise Software,37,1006.07,481.67,37224.59,19402.75,52.1
4392,Apr,Ajman,Security Package,7,1140.89,518.42,7986.25,4357.32,54.6
4393,Nov,Riyadh,Security Package,32,1547.41,943.4,49517.15,19328.49,39.0
4394,Feb,Sharjah,Security Package,17,1277.74,736.64,21721.51,9198.7,42.3
4395,Oct,Ajman,Enterprise Software,48,1316.4,630.22,63187.08,32936.36,52.1
4396,May,Sharjah,Enterprise Software,39,1463.96,827.81,57094.46,24809.84,43.5
4397,Jul,Abu Dhabi,CRM Platform,19,589.66,255.29,11203.56,6353.01,56.7
4398,May,Abu Dhabi,Security Package,25,382.57,162.67,9564.32,5497.46,57.5
4399,Dec,Riyadh,Security Package,35,1650.05,690.8,57751.64,33573.48,58.1
4400,Oct,Dubai,Analytics Suite,19,1212.29,587.79,23033.56,11865.54,51.5
4401,Jan,Sharjah,Enterprise Software,45,331.82,189.56,14931.97,6401.87,42.9
4402,Mar,Ajman,Cloud Storage,13,1669.92,1073.83,21708.92,7749.17,35.7
4403,May,Sharjah,CRM Platform,12,1688.08,1067.35,20256.96,7448.77,36.8
4404,Jul,Abu Dhabi,Analytics Suite,46,1029.97,541.77,47378.68,22457.31,47.4
4405,Sep,Ajman,Enterprise Software,50,1102.14,479.8,55106.83,31116.84,56.5
4406,Aug,Abu Dhabi,Cloud Storage,34,1357.33,763.13,46149.15,20202.58,43.8
4407,Nov,Dubai,Analytics Suite,35,1950.56,921.7,68269.46,36010.04,52.7
4408,Jan,Ajman,Security Package,25,1455.55,941.54,36388.78,12850.25,35.3
4409,Oct,Abu Dhabi,Analytics Suite,42,866.14,412.7,36377.89,19044.3,52.4
4410,Sep,Riyadh,Security Package,18,904.55,532.11,16281.85,6703.89,41.2
4411,Jul,Sharjah,Security Package,44,998.88,466.81,43950.76,23411.04,53.3
4412,Nov,Ajman,Cloud Storage,35,634.6,254.43,22210.84,13305.92,59.9
4413,Mar,Riyadh,CRM Platform,13,910.95,391.56,11842.33,6752.11,57.0
4414,Oct,Riyadh,Enterprise Software,10,950.93,471.7,9509.26,4792.21,50.4
4415,Feb,Abu Dhabi,Enterprise Software,27,780.77,488.15,21080.86,7900.75,37.5
4416,Jul,Ajman,Security Package,18,794.98,450.26,14309.62,6204.98,43.4
4417,Jun,Riyadh,CRM Platform,21,1552.89,760.33,32610.78,16643.94,51.0
4418,Feb,Ajman,Analytics Suite,12,658.58,334.39,7902.94,3890.31,49.2
4419,Jan,Dubai,Enterprise Software,25,1142.79,553.56,28569.87,14730.78,51.6
4420,Mar,Ajman,Security Package,19,1429.93,699.74,27168.63,13873.57,51.1
4421,Jun,Ajman,CRM Platform,17,785.17,344.28,13347.94,7495.18,56.2
4422,May,Sharjah,Analytics Suite,5,1585.71,867.67,7928.56,3590.19,45.3
4423,Jan,Ajman,Analytics Suite,10,1643.02,999.44,16430.16,6435.74,39.2
4424,Jul,Abu Dhabi,Security Package,35,1996.6,807.12,69881.03,41631.82,59.6
4425,Aug,Abu Dhabi,Analytics Suite,3,1514.34,777.1,4543.02,2211.73,48.7
4426,Apr,Abu Dhabi,CRM Platform,3,1787.41,848.26,5362.24,2817.46,52.5
4427,Apr,Sharjah,Cloud Storage,33,1357.38,563.57,44793.47,26195.64,58.5
4428,Dec,Dubai,Analytics Suite,4,1173.0,685.0,4692.01,1952.01,41.6
4429,Oct,Abu Dhabi,Enterprise Software,50,1770.77,1038.87,88538.53,36595.02,41.3
4430,Nov,Abu Dhabi,Analytics Suite,38,221.81,131.43,8428.73,3434.38,40.7
4431,Aug,Dubai,Security Package,39,1072.62,655.54,41832.32,16266.15,38.9
4432,Mar,Riyadh,CRM Platform,18,805.94,353.18,14506.99,8149.82,56.2
4433,Apr,Sharjah,Enterprise Software,24,900.63,421.11,21615.19,11508.46,53.2
4434,Jun,Dubai,Analytics Suite,3,1035.27,505.71,3105.81,1588.67,51.2
4435,May,Ajman,CRM Platform,33,1952.63,787.96,64436.75,38433.93,59.6
4436,Nov,Sharjah,CRM Platform,41,1916.01,1040.89,78556.55,35879.97,45.7
4437,Oct,Dubai,Analytics Suite,41,1570.28,645.84,64381.6,37902.14,58.9
4438,Mar,Ajman,Enterprise Software,46,1310.58,612.78,60286.88,32098.77,53.2
4439,Feb,Dubai,Cloud Storage,23,1840.43,1012.45,42329.79,19043.49,45.0
4440,Sep,Abu Dhabi,Analytics Suite,18,1298.94,802.42,23380.98,8937.36,38.2
4441,May,Ajman,Cloud Storage,10,273.56,116.02,2735.64,1575.48,57.6
4442,Aug,Ajman,CRM Platform,19,1158.66,596.79,22014.59,10675.56,48.5
4443,Feb,Riyadh,Analytics Suite,43,755.77,399.33,32498.22,15327.09,47.2
4444,Nov,Ajman,Analytics Suite,34,1498.94,675.07,50964.03,28011.53,55.0
4445,Dec,Riyadh,Security Package,9,1710.38,820.98,15393.4,8004.57,52.0
4446,Dec,Riyadh,CRM Platform,33,1650.77,774.4,54475.27,28920.19,53.1
4447,Mar,Riyadh,CRM Platform,16,1364.07,620.58,21825.04,11895.83,54.5
4448,Dec,Ajman,Enterprise Software,42,849.07,456.09,35660.94,16505.35,46.3
4449,Mar,Riyadh,Analytics Suite,30,955.98,497.25,28679.46,13762.09,48.0
4450,Feb,Riyadh,Cloud Storage,29,546.45,218.92,15846.92,9498.3,59.9
4451,Oct,Ajman,Cloud Storage,14,1382.97,775.24,19361.52,8508.22,43.9
4452,Feb,Dubai,Analytics Suite,34,1861.98,1116.36,63307.36,25350.97,40.0
4453,Sep,Dubai,CRM Platform,33,469.25,279.08,15485.13,6275.58,40.5
4454,Jun,Ajman,Analytics Suite,37,762.34,423.64,28206.46,12531.72,44.4
4455,Jul,Riyadh,Enterprise Software,10,624.02,321.4,6240.2,3026.23,48.5
4456,Nov,Abu Dhabi,Cloud Storage,31,414.28,230.41,12842.83,5700.05,44.4
4457,Mar,Riyadh,Enterprise Software,11,610.4,347.82,6714.38,2888.34,43.0
4458,Jan,Riyadh,Enterprise Software,46,1662.59,982.14,76479.26,31300.85,40.9
4459,May,Ajman,Analytics Suite,46,1175.88,657.83,54090.25,23829.97,44.1
4460,May,Dubai,Security Package,30,1971.98,1075.18,59159.26,26903.78,45.5
4461,Nov,Sharjah,Enterprise Software,29,957.29,458.06,27761.55,14477.92,52.2
4462,Sep,Abu Dhabi,Security Package,5,1979.9,1226.81,9899.5,3765.45,38.0
4463,Oct,Riyadh,Security Package,44,271.62,139.37,11951.49,5819.08,48.7
4464,Sep,Abu Dhabi,CRM Platform,5,834.94,347.5,4174.68,2437.18,58.4
4465,Jan,Ajman,Security Package,36,1245.86,613.46,44850.8,22766.34,50.8
4466,Mar,Riyadh,CRM Platform,26,1688.19,763.95,43893.03,24030.36,54.7
4467,Sep,Sharjah,Security Package,29,939.84,499.32,27255.5,12775.17,46.9
4468,Nov,Abu Dhabi,Enterprise Software,31,917.47,401.61,28441.53,15991.69,56.2
4469,Nov,Riyadh,CRM Platform,7,524.73,332.63,3673.12,1344.68,36.6
4470,Nov,Riyadh,Enterprise Software,22,1528.81,820.66,33633.82,15579.34,46.3
4471,Mar,Riyadh,Enterprise Software,37,1364.67,730.11,50492.91,23478.95,46.5
4472,Sep,Ajman,Enterprise Software,50,440.87,265.45,22043.36,8770.93,39.8
4473,Jul,Ajman,Enterprise Software,25,1487.48,911.01,37187.09,14411.77,38.8
4474,Feb,Riyadh,Enterprise Software,4,1018.43,440.97,4073.71,2309.84,56.7
4475,Oct,Ajman,Cloud Storage,36,459.16,247.18,16529.81,7631.49,46.2
4476,May,Abu Dhabi,Cloud Storage,46,1120.49,708.62,51542.34,18945.71,36.8
4477,Oct,Ajman,Analytics Suite,30,1858.38,856.07,55751.29,30069.31,53.9
4478,Jul,Sharjah,Enterprise Software,32,790.23,417.05,25287.25,11941.7,47.2
4479,Dec,Ajman,Security Package,15,1993.78,892.72,29906.68,16515.9,55.2
4480,Jan,Sharjah,CRM Platform,32,996.07,582.63,31874.13,13229.87,41.5
4481,Feb,Abu Dhabi,Cloud Storage,21,792.69,442.34,16646.39,7357.18,44.2
4482,Nov,Sharjah,CRM Platform,3,843.46,473.12,2530.37,1111.02,43.9
4483,Oct,Riyadh,CRM Platform,39,1415.9,828.0,55220.23,22928.12,41.5
4484,Dec,Riyadh,Analytics Suite,18,674.13,322.1,12134.4,6336.65,52.2
4485,Apr,Riyadh,Security Package,7,1949.35,931.48,13645.42,7125.08,52.2
4486,Jan,Sharjah,CRM Platform,42,1855.54,789.72,77932.81,44764.56,57.4
4487,Nov,Abu Dhabi,Cloud Storage,21,1731.5,778.5,36361.44,20012.86,55.0
4488,Feb,Riyadh,CRM Platform,21,1330.01,662.86,27930.28,14010.22,50.2
4489,Feb,Riyadh,Security Package,48,267.45,149.7,12837.8,5652.26,44.0
4490,Aug,Ajman,Security Package,35,296.19,183.82,10366.52,3932.85,37.9
4491,Nov,Abu Dhabi,Analytics Suite,18,842.89,445.13,15172.0,7159.75,47.2
4492,Aug,Sharjah,CRM Platform,37,1658.37,673.6,61359.67,36436.3,59.4
4493,Dec,Abu Dhabi,CRM Platform,28,1916.8,1156.98,53670.45,21274.92,39.6
4494,Apr,Dubai,CRM Platform,9,1303.68,677.84,11733.13,5632.59,48.0
4495,Nov,Ajman,Security Package,14,1763.49,861.93,24688.82,12621.75,51.1
4496,Aug,Ajman,Analytics Suite,46,1850.59,1018.48,85127.31,38277.07,45.0
4497,Apr,Abu Dhabi,CRM Platform,7,1116.28,714.9,7813.95,2809.64,36.0
4498,Mar,Abu Dhabi,Enterprise Software,37,1693.76,817.84,62669.1,32408.91,51.7
4499,Nov,Sharjah,Analytics Suite,11,1992.67,910.04,21919.41,11908.99,54.3
4500,Feb,Abu Dhabi,Analytics Suite,25,1738.17,1015.26,43454.14,18072.71,41.6
4501,Jun,Dubai,Security Package,41,1529.96,817.59,62728.32,29207.18,46.6
4502,Jul,Riyadh,CRM Platform,2,1904.12,1195.02,3808.24,1418.21,37.2
4503,Jul,Sharjah,Analytics Suite,31,1476.23,733.97,45763.26,23010.04,50.3
4504,Dec,Dubai,Analytics Suite,41,1230.14,659.59,50435.88,23392.55,46.4
4505,May,Dubai,CRM Platform,48,1877.4,1187.03,90115.41,33137.96,36.8
4506,Feb,Dubai,CRM Platform,29,205.29,82.79,5953.33,3552.46,59.7
4507,Feb,Abu Dhabi,Cloud Storage,33,1395.93,699.53,46065.62,22981.11,49.9
4508,Nov,Riyadh,Enterprise Software,19,1804.23,766.29,34280.42,19720.82,57.5
4509,Nov,Sharjah,Analytics Suite,31,895.89,557.55,27772.5,10488.57,37.8
4510,Sep,Riyadh,Analytics Suite,14,1449.19,873.45,20288.67,8060.38,39.7
4511,Dec,Sharjah,Enterprise Software,9,1264.68,733.19,11382.16,4783.45,42.0
4512,Jul,Abu Dhabi,Security Package,19,1395.99,906.32,26523.78,9303.74,35.1
4513,Mar,Abu Dhabi,Enterprise Software,28,1931.14,1078.74,54071.86,23867.12,44.1
4514,Dec,Dubai,Security Package,42,1253.26,722.84,52636.78,22277.46,42.3
4515,Sep,Abu Dhabi,Enterprise Software,13,948.11,486.48,12325.42,6001.18,48.7
4516,Dec,Dubai,Security Package,25,1981.91,997.82,49547.65,24602.1,49.7
4517,Mar,Dubai,Enterprise Software,21,1543.89,970.83,32421.69,12034.36,37.1
4518,Jan,Sharjah,Cloud Storage,9,1628.18,992.49,14653.63,5721.19,39.0
4519,May,Abu Dhabi,Cloud Storage,40,1259.09,516.11,50363.58,29719.33,59.0
4520,Jul,Abu Dhabi,CRM Platform,36,597.27,301.77,21501.83,10638.16,49.5
4521,Dec,Sharjah,Security Package,2,368.82,227.21,737.63,283.21,38.4
4522,Jun,Riyadh,Enterprise Software,10,1344.2,630.45,13441.96,7137.42,53.1
4523,May,Ajman,Enterprise Software,19,248.42,109.57,4720.04,2638.26,55.9
4524,Feb,Abu Dhabi,Analytics Suite,30,747.28,372.79,22418.45,11234.71,50.1
4525,May,Sharjah,CRM Platform,9,1763.4,871.51,15870.57,8026.96,50.6
4526,Sep,Dubai,Enterprise Software,25,643.4,378.26,16084.98,6628.59,41.2
4527,Feb,Ajman,Cloud Storage,37,1252.2,735.81,46331.46,19106.65,41.2
4528,Nov,Ajman,Security Package,22,840.83,495.65,18498.19,7593.82,41.1
4529,Nov,Abu Dhabi,CRM Platform,29,876.13,543.38,25407.84,9649.91,38.0
4530,Oct,Dubai,Analytics Suite,3,247.39,156.3,742.16,273.25,36.8
4531,Jan,Riyadh,Analytics Suite,12,1537.31,743.49,18447.74,9525.85,51.6
4532,May,Dubai,Cloud Storage,50,719.39,410.65,35969.36,15436.74,42.9
4533,Aug,Riyadh,CRM Platform,10,525.02,329.53,5250.22,1954.91,37.2
4534,Jan,Abu Dhabi,Security Package,20,1043.88,480.5,20877.59,11267.63,54.0
4535,May,Abu Dhabi,Enterprise Software,24,696.79,406.09,16722.91,6976.74,41.7
4536,Nov,Dubai,Analytics Suite,31,726.34,441.15,22516.52,8840.78,39.3
4537,Feb,Abu Dhabi,Analytics Suite,8,669.29,398.5,5354.29,2166.25,40.5
4538,Sep,Ajman,Security Package,30,1261.36,604.45,37840.85,19707.37,52.1
4539,Dec,Dubai,Cloud Storage,1,721.12,393.58,721.12,327.54,45.4
4540,Aug,Sharjah,Cloud Storage,32,1371.14,694.11,43876.37,21664.77,49.4
4541,Jan,Riyadh,Cloud Storage,45,1151.01,568.01,51795.26,26234.61,50.7
4542,Feb,Dubai,Enterprise Software,47,1454.08,756.27,68341.69,32796.78,48.0
4543,May,Abu Dhabi,Enterprise Software,14,1248.13,600.53,17473.89,9066.45,51.9
4544,Apr,Dubai,Analytics Suite,28,1066.49,536.59,29861.61,14837.09,49.7
4545,Aug,Dubai,Enterprise Software,36,339.71,174.62,12229.53,5943.22,48.6
4546,Nov,Dubai,Security Package,26,1335.55,641.09,34724.33,18055.93,52.0
4547,Jun,Sharjah,Cloud Storage,49,1017.45,420.43,49855.28,29254.09,58.7
4548,Mar,Riyadh,Enterprise Software,28,1679.54,947.49,47027.19,20497.44,43.6
4549,Jun,Abu Dhabi,Enterprise Software,17,522.57,306.1,8883.7,3679.97,41.4
4550,Jan,Dubai,CRM Platform,4,532.44,220.19,2129.74,1248.97,58.6
4551,Jun,Riyadh,CRM Platform,42,1444.49,698.82,60668.51,31318.04,51.6
4552,Mar,Dubai,Analytics Suite,11,718.95,304.76,7908.47,4556.12,57.6
4553,Jan,Sharjah,Cloud Storage,26,935.94,382.96,24334.54,14377.65,59.1
4554,May,Sharjah,Enterprise Software,21,1529.36,828.3,32116.64,14722.35,45.8
4555,Jul,Dubai,Enterprise Software,28,1807.11,815.82,50598.96,27755.97,54.9
4556,Mar,Riyadh,Cloud Storage,9,1735.19,814.62,15616.67,8285.13,53.1
4557,Apr,Dubai,Analytics Suite,38,434.89,246.24,16525.63,7168.66,43.4
4558,Jul,Dubai,Analytics Suite,9,1379.03,584.57,12411.24,7150.1,57.6
4559,Feb,Riyadh,Enterprise Software,8,1564.7,726.03,12517.57,6709.34,53.6
4560,Apr,Sharjah,Cloud Storage,37,381.85,174.49,14128.51,7672.4,54.3
4561,Mar,Abu Dhabi,Analytics Suite,34,881.9,567.25,29984.55,10698.05,35.7
4562,Apr,Abu Dhabi,Cloud Storage,47,1275.87,617.37,59965.83,30949.34,51.6
4563,Jun,Ajman,Analytics Suite,9,589.84,263.32,5308.57,2938.73,55.4
4564,May,Ajman,Analytics Suite,40,996.89,596.4,39875.73,16019.56,40.2
4565,Oct,Abu Dhabi,Analytics Suite,33,974.09,436.71,32144.88,17733.31,55.2
4566,Dec,Abu Dhabi,Enterprise Software,38,1911.36,882.82,72631.68,39084.61,53.8
4567,Nov,Ajman,CRM Platform,16,698.11,379.22,11169.76,5102.21,45.7
4568,Oct,Sharjah,Cloud Storage,31,1694.68,828.79,52535.06,26842.64,51.1
4569,Dec,Dubai,Analytics Suite,12,1995.1,1287.76,23941.22,8488.14,35.5
4570,Jun,Ajman,Analytics Suite,37,1724.71,805.23,63814.37,34020.86,53.3
4571,Jun,Ajman,Cloud Storage,16,1770.21,934.18,28323.32,13376.42,47.2
4572,Jul,Riyadh,CRM Platform,20,389.41,201.78,7788.15,3752.46,48.2
4573,Apr,Sharjah,Cloud Storage,26,1728.19,992.83,44933.01,19119.34,42.6
4574,Aug,Abu Dhabi,Analytics Suite,50,1986.37,929.02,99318.64,52867.44,53.2
4575,Dec,Ajman,CRM Platform,21,1400.46,678.55,29409.7,15160.23,51.5
4576,Dec,Riyadh,Security Package,45,1459.48,732.56,65676.49,32711.45,49.8
4577,Jun,Riyadh,Security Package,48,649.71,306.93,31186.32,16453.62,52.8
4578,Oct,Ajman,CRM Platform,10,736.06,356.76,7360.58,3792.99,51.5
4579,Nov,Dubai,Cloud Storage,30,1754.14,1007.68,52624.21,22393.68,42.6
4580,Dec,Ajman,Cloud Storage,41,1184.69,540.4,48572.46,26416.06,54.4
4581,Nov,Sharjah,Cloud Storage,19,939.48,452.95,17850.19,9244.06,51.8
4582,Nov,Ajman,Cloud Storage,37,247.04,147.29,9140.54,3690.97,40.4
4583,Mar,Ajman,Security Package,19,1217.91,666.88,23140.33,10469.62,45.2
4584,Oct,Abu Dhabi,Security Package,49,1800.95,966.38,88246.74,40894.0,46.3
4585,Feb,Dubai,CRM Platform,23,1748.8,994.11,40222.39,17357.86,43.2
4586,Feb,Riyadh,Enterprise Software,26,1814.49,959.53,47176.66,22228.83,47.1
4587,Feb,Abu Dhabi,CRM Platform,2,640.72,335.91,1281.44,609.61,47.6
4588,Mar,Abu Dhabi,CRM Platform,25,306.08,175.31,7651.88,3269.01,42.7
4589,May,Dubai,Enterprise Software,35,1304.38,787.36,45653.31,18095.62,39.6
4590,Sep,Riyadh,Enterprise Software,9,895.88,419.96,8062.88,4283.21,53.1
4591,Mar,Abu Dhabi,Enterprise Software,8,1962.28,980.27,15698.26,7856.07,50.0
4592,May,Abu Dhabi,Security Package,50,995.64,444.04,49781.94,27579.9,55.4
4593,Dec,Sharjah,Cloud Storage,38,1984.69,1107.87,75418.26,33319.13,44.2
4594,Jun,Ajman,Analytics Suite,49,929.83,585.13,45561.53,16890.1,37.1
4595,Feb,Abu Dhabi,Security Package,30,449.65,284.49,13489.51,4954.87,36.7
4596,Jan,Riyadh,Analytics Suite,14,911.74,495.23,12764.37,5831.22,45.7
4597,Nov,Riyadh,Enterprise Software,8,526.74,265.16,4213.92,2092.62,49.7
4598,Oct,Ajman,Analytics Suite,30,359.18,180.49,10775.28,5360.71,49.8
4599,Nov,Dubai,CRM Platform,36,603.55,291.01,21727.93,11251.61,51.8
4600,Jan,Riyadh,Enterprise Software,7,1920.68,819.86,13444.75,7705.74,57.3
4601,Jan,Sharjah,Security Package,8,922.43,534.65,7379.47,3102.3,42.0
4602,May,Riyadh,Security Package,47,1253.18,739.82,58899.56,24127.93,41.0
4603,Apr,Dubai,Cloud Storage,15,689.92,322.86,10348.74,5505.79,53.2
4604,Aug,Ajman,CRM Platform,43,1640.19,1048.49,70528.33,25443.14,36.1
4605,Feb,Sharjah,Security Package,19,282.06,152.55,5359.19,2460.74,45.9
4606,Dec,Sharjah,Enterprise Software,4,1919.02,1182.59,7676.1,2945.75,38.4
4607,Apr,Ajman,Security Package,3,333.04,154.12,999.13,536.77,53.7
4608,Feb,Riyadh,Enterprise Software,26,218.76,102.98,5687.75,3010.35,52.9
4609,Jan,Riyadh,Enterprise Software,4,1727.16,974.18,6908.63,3011.89,43.6
4610,Mar,Abu Dhabi,Enterprise Software,34,1211.28,751.51,41183.46,15632.21,38.0
4611,Jul,Ajman,Enterprise Software,35,1998.65,1173.2,69952.86,28890.71,41.3
4612,Oct,Dubai,Security Package,3,643.61,280.67,1930.82,1088.8,56.4
4613,Sep,Abu Dhabi,Analytics Suite,48,1882.16,895.14,90343.82,47377.13,52.4
4614,Jan,Sharjah,Cloud Storage,14,774.65,324.33,10845.14,6304.58,58.1
4615,Oct,Dubai,CRM Platform,43,373.1,227.34,16043.43,6267.63,39.1
4616,Apr,Riyadh,Enterprise Software,35,887.88,372.88,31075.93,18025.3,58.0
4617,Dec,Ajman,Enterprise Software,6,1623.29,696.39,9739.73,5561.37,57.1
4618,Oct,Abu Dhabi,Enterprise Software,44,756.99,463.2,33307.42,12926.64,38.8
4619,May,Dubai,Cloud Storage,30,1404.21,563.2,42126.37,25230.45,59.9
4620,Nov,Riyadh,Security Package,6,720.79,309.8,4324.74,2465.94,57.0
4621,Nov,Riyadh,CRM Platform,20,770.8,483.42,15416.1,5747.74,37.3
4622,Apr,Dubai,Security Package,28,1057.59,557.9,29612.42,13991.3,47.2
4623,May,Ajman,CRM Platform,28,537.54,224.66,15051.12,8760.7,58.2
4624,Jan,Riyadh,Enterprise Software,41,1098.77,608.35,45049.6,20107.14,44.6
4625,Feb,Dubai,CRM Platform,37,1997.76,883.67,73917.14,41221.38,55.8
4626,Jun,Abu Dhabi,Enterprise Software,19,1778.56,745.28,33792.67,19632.4,58.1
4627,Jun,Abu Dhabi,Enterprise Software,14,796.69,400.53,11153.71,5546.28,49.7
4628,Jul,Ajman,Cloud Storage,5,931.74,431.69,4658.68,2500.23,53.7
4629,Mar,Sharjah,Analytics Suite,21,515.9,290.97,10833.91,4723.62,43.6
4630,Jan,Sharjah,Enterprise Software,9,1339.39,630.52,12054.54,6379.88,52.9
4631,Oct,Dubai,CRM Platform,35,1274.98,705.57,44624.27,19929.4,44.7
4632,Jun,Riyadh,Security Package,28,902.77,424.83,25277.51,13382.38,52.9
4633,Apr,Riyadh,Security Package,4,255.13,108.81,1020.5,585.27,57.4
4634,Aug,Sharjah,CRM Platform,23,1890.34,1189.51,43477.92,16119.28,37.1
4635,Jun,Abu Dhabi,Analytics Suite,50,1108.76,689.24,55437.92,20976.15,37.8
4636,Nov,Abu Dhabi,CRM Platform,47,355.56,156.1,16711.3,9374.78,56.1
4637,Nov,Ajman,Cloud Storage,24,929.17,377.68,22300.04,13235.69,59.4
4638,Aug,Ajman,Enterprise Software,2,1394.01,586.53,2788.01,1614.95,57.9
4639,Apr,Sharjah,Enterprise Software,1,1976.29,977.31,1976.29,998.98,50.5
4640,May,Ajman,Cloud Storage,3,1617.42,853.98,4852.25,2290.32,47.2
4641,Jan,Dubai,Enterprise Software,41,1964.84,988.24,80558.35,40040.52,49.7
4642,Jan,Riyadh,Security Package,44,689.5,443.35,30337.91,10830.67,35.7
4643,Mar,Dubai,CRM Platform,35,453.29,234.77,15865.27,7648.2,48.2
4644,Sep,Abu Dhabi,Cloud Storage,47,400.38,195.3,18817.73,9638.56,51.2
4645,Apr,Abu Dhabi,Cloud Storage,10,1193.99,531.62,11939.86,6623.69,55.5
4646,May,Riyadh,Cloud Storage,1,1164.89,603.13,1164.89,561.76,48.2
4647,Apr,Abu Dhabi,Security Package,23,1999.86,1095.45,45996.84,20801.44,45.2
4648,Jan,Sharjah,Enterprise Software,18,366.08,212.9,6589.53,2757.24,41.8
4649,Aug,Riyadh,Analytics Suite,39,1644.56,751.64,64137.87,34824.09,54.3
4650,Apr,Dubai,Enterprise Software,23,1400.62,849.49,32214.37,12676.01,39.3
4651,Jun,Sharjah,Cloud Storage,50,1898.62,1199.76,94931.12,34943.06,36.8
4652,Oct,Abu Dhabi,Security Package,9,1862.36,748.51,16761.28,10024.69,59.8
4653,Feb,Ajman,Analytics Suite,41,1460.38,826.9,59875.41,25972.39,43.4
4654,Jan,Ajman,Security Package,39,1566.51,831.89,61093.8,28650.07,46.9
4655,Sep,Dubai,Cloud Storage,2,1732.68,703.35,3465.35,2058.65,59.4
4656,Oct,Sharjah,Enterprise Software,19,1838.06,1062.53,34923.15,14734.99,42.2
4657,May,Sharjah,Cloud Storage,5,1303.88,805.66,6519.38,2491.08,38.2
4658,Feb,Abu Dhabi,Security Package,42,672.75,348.07,28255.36,13636.52,48.3
4659,May,Ajman,CRM Platform,47,1790.81,774.03,84168.29,47788.8,56.8
4660,Feb,Dubai,Cloud Storage,42,1117.89,602.39,46951.42,21650.88,46.1
4661,Jan,Riyadh,Cloud Storage,25,599.62,291.47,14990.59,7703.84,51.4
4662,Nov,Riyadh,Enterprise Software,15,1036.39,566.17,15545.8,7053.19,45.4
4663,Feb,Dubai,Cloud Storage,15,1683.03,934.32,25245.5,11230.68,44.5
4664,Apr,Ajman,Analytics Suite,47,924.5,502.86,43451.29,19816.95,45.6
4665,Sep,Sharjah,Analytics Suite,21,1924.08,1209.75,40405.66,15000.94,37.1
4666,Oct,Sharjah,Security Package,20,1456.17,590.06,29123.42,17322.2,59.5
4667,Oct,Sharjah,Cloud Storage,48,201.19,101.56,9657.26,4782.51,49.5
4668,Nov,Ajman,Security Package,4,1441.05,705.86,5764.19,2940.76,51.0
4669,Oct,Abu Dhabi,Security Package,35,972.47,480.71,34036.5,17211.73,50.6
4670,Jun,Dubai,CRM Platform,27,1027.46,470.97,27741.31,15025.19,54.2
4671,Aug,Sharjah,Analytics Suite,3,349.39,167.56,1048.17,545.48,52.0
4672,Feb,Ajman,CRM Platform,15,952.86,514.58,14292.88,6574.23,46.0
4673,Sep,Sharjah,Security Package,4,452.02,205.67,1808.1,985.43,54.5
4674,May,Dubai,Security Package,13,1062.04,530.61,13806.51,6908.54,50.0
4675,Nov,Riyadh,Cloud Storage,40,1727.98,818.96,69119.33,36360.9,52.6
4676,Aug,Sharjah,CRM Platform,12,781.6,483.89,9379.15,3572.42,38.1
4677,May,Dubai,Security Package,44,531.53,311.47,23387.51,9682.74,41.4
4678,Apr,Sharjah,Cloud Storage,20,1122.11,663.95,22442.22,9163.2,40.8
4679,Aug,Sharjah,Enterprise Software,46,426.83,182.54,19634.38,11237.68,57.2
4680,Apr,Sharjah,Analytics Suite,26,1280.63,617.15,33296.5,17250.68,51.8
4681,Aug,Sharjah,Analytics Suite,19,1722.52,940.91,32727.88,14850.61,45.4
4682,Mar,Dubai,CRM Platform,32,1213.58,600.36,38834.54,19622.86,50.5
4683,Mar,Abu Dhabi,Analytics Suite,24,1013.92,466.19,24334.11,13145.52,54.0
4684,Nov,Abu Dhabi,Cloud Storage,10,1317.05,638.09,13170.49,6789.59,51.6
4685,Jun,Riyadh,Analytics Suite,12,1875.65,1148.05,22507.82,8731.21,38.8
4686,Mar,Sharjah,Security Package,34,896.37,368.88,30476.74,17934.88,58.8
4687,Oct,Dubai,Cloud Storage,28,906.16,567.44,25372.42,9484.08,37.4
4688,Feb,Riyadh,Security Package,29,484.28,252.47,14044.03,6722.27,47.9
4689,Mar,Abu Dhabi,Security Package,9,247.6,104.42,2228.37,1288.55,57.8
4690,Mar,Ajman,Security Package,8,846.53,389.56,6772.23,3655.75,54.0
4691,Jul,Abu Dhabi,CRM Platform,39,577.85,355.15,22536.11,8685.2,38.5
4692,Apr,Dubai,CRM Platform,9,1674.93,984.66,15074.39,6212.44,41.2
4693,Apr,Abu Dhabi,Enterprise Software,38,482.4,198.41,18331.37,10791.87,58.9
4694,Jan,Riyadh,Analytics Suite,12,472.2,238.22,5666.43,2807.74,49.6
4695,Feb,Riyadh,Enterprise Software,37,630.85,290.74,23341.34,12583.79,53.9
4696,Apr,Sharjah,Security Package,32,1287.55,542.3,41201.65,23848.0,57.9
4697,Jan,Dubai,Enterprise Software,42,239.02,137.96,10038.92,4244.62,42.3
4698,Feb,Sharjah,CRM Platform,25,463.2,282.75,11580.12,4511.36,39.0
4699,Dec,Ajman,Analytics Suite,32,315.18,184.38,10085.84,4185.72,41.5
4700,May,Sharjah,Security Package,1,1508.77,822.04,1508.77,686.73,45.5
4701,Apr,Riyadh,Cloud Storage,1,714.18,424.87,714.18,289.31,40.5
4702,Dec,Abu Dhabi,Cloud Storage,15,349.12,173.26,5236.78,2637.94,50.4
4703,Sep,Ajman,CRM Platform,50,335.84,162.17,16792.19,8683.67,51.7
4704,Dec,Sharjah,CRM Platform,19,1708.16,872.84,32455.04,15871.02,48.9
4705,May,Dubai,Security Package,49,834.94,475.43,40912.0,17615.9,43.1
4706,Nov,Dubai,Enterprise Software,29,1953.26,990.26,56644.62,27927.1,49.3
4707,Jun,Ajman,CRM Platform,4,820.28,463.22,3281.13,1428.25,43.5
4708,Mar,Ajman,Enterprise Software,2,1610.76,708.78,3221.51,1803.95,56.0
4709,Aug,Dubai,Analytics Suite,36,298.9,169.04,10760.37,4674.9,43.4
4710,Mar,Riyadh,Enterprise Software,9,642.63,365.52,5783.68,2493.96,43.1
4711,Nov,Ajman,CRM Platform,36,1423.55,726.65,51247.97,25088.46,49.0
4712,Nov,Ajman,CRM Platform,28,568.1,262.19,15906.69,8565.46,53.8
4713,Nov,Abu Dhabi,Cloud Storage,32,421.59,206.13,13490.8,6894.69,51.1
4714,Mar,Abu Dhabi,Enterprise Software,25,1673.72,885.74,41843.1,19699.55,47.1
4715,Jun,Sharjah,Security Package,27,597.21,313.23,16124.57,7667.31,47.6
4716,Mar,Dubai,Analytics Suite,39,760.82,308.43,29672.15,17643.26,59.5
4717,Aug,Dubai,Cloud Storage,22,1591.24,734.22,35007.2,18854.37,53.9
4718,Dec,Riyadh,Security Package,10,1772.66,1020.63,17726.63,7520.35,42.4
4719,Mar,Dubai,Cloud Storage,17,987.24,542.84,16783.02,7554.72,45.0
4720,Jul,Riyadh,CRM Platform,40,575.65,369.98,23025.81,8226.55,35.7
4721,Feb,Riyadh,Analytics Suite,32,1386.4,624.47,44364.79,24381.72,55.0
4722,Jun,Ajman,CRM Platform,37,328.84,212.55,12167.12,4302.8,35.4
4723,Mar,Abu Dhabi,Security Package,3,369.65,219.84,1108.94,449.41,40.5
4724,Jun,Dubai,CRM Platform,11,1460.59,727.71,16066.52,8061.7,50.2
4725,Aug,Abu Dhabi,CRM Platform,15,1768.71,870.56,26530.62,13472.25,50.8
4726,Mar,Abu Dhabi,CRM Platform,18,768.66,373.84,13835.89,7106.72,51.4
4727,Jun,Abu Dhabi,CRM Platform,44,906.05,573.16,39866.35,14647.37,36.7
4728,Aug,Ajman,Security Package,27,668.32,341.06,18044.64,8836.07,49.0
4729,Jul,Sharjah,Security Package,11,496.44,299.62,5460.8,2165.01,39.6
4730,Dec,Riyadh,Analytics Suite,24,1694.83,687.12,40675.91,24185.08,59.5
4731,Jun,Ajman,Cloud Storage,1,1925.43,1048.68,1925.43,876.75,45.5
4732,Jun,Riyadh,CRM Platform,25,1160.9,561.24,29022.43,14991.52,51.7
4733,Nov,Dubai,Cloud Storage,4,1759.46,1040.68,7037.85,2875.11,40.9
4734,Dec,Ajman,CRM Platform,32,522.78,332.58,16729.01,6086.61,36.4
4735,Oct,Sharjah,Enterprise Software,29,1251.75,568.14,36300.81,19824.68,54.6
4736,Feb,Sharjah,Cloud Storage,9,1235.95,587.44,11123.55,5836.64,52.5
4737,Mar,Sharjah,Enterprise Software,10,1617.36,765.3,16173.6,8520.63,52.7
4738,Sep,Ajman,CRM Platform,45,1882.85,1082.28,84728.37,36025.77,42.5
4739,Jun,Dubai,Analytics Suite,32,1501.47,774.62,48047.08,23259.1,48.4
4740,Feb,Abu Dhabi,Analytics Suite,34,724.35,408.43,24627.97,10741.25,43.6
4741,Apr,Ajman,Enterprise Software,15,1369.51,729.16,20542.71,9605.26,46.8
4742,Aug,Dubai,Analytics Suite,36,1425.14,907.4,51305.1,18638.7,36.3
4743,Apr,Abu Dhabi,Cloud Storage,29,1361.19,844.22,39474.62,14992.16,38.0
4744,Dec,Dubai,Security Package,46,685.51,285.18,31533.33,18415.22,58.4
4745,Jul,Ajman,CRM Platform,50,1513.72,609.93,75685.95,45189.23,59.7
4746,Nov,Abu Dhabi,CRM Platform,15,1407.62,861.71,21114.36,8188.67,38.8
4747,Apr,Riyadh,CRM Platform,1,403.08,260.84,403.08,142.24,35.3
4748,Jan,Abu Dhabi,Enterprise Software,47,1416.6,670.11,66580.21,35084.81,52.7
4749,Jul,Sharjah,Cloud Storage,17,1591.82,982.82,27060.99,10353.01,38.3
4750,Apr,Abu Dhabi,Cloud Storage,28,1728.41,983.33,48395.41,20862.11,43.1
4751,Sep,Ajman,Enterprise Software,11,1889.31,1082.26,20782.39,8877.52,42.7
4752,Aug,Riyadh,CRM Platform,47,1532.12,645.71,72009.6,41661.26,57.9
4753,Jan,Abu Dhabi,CRM Platform,22,1352.21,626.48,29748.55,15966.09,53.7
4754,Oct,Sharjah,CRM Platform,9,243.25,157.22,2189.23,774.24,35.4
4755,Oct,Ajman,Analytics Suite,46,1701.1,728.8,78250.52,44725.56,57.2
4756,May,Abu Dhabi,Cloud Storage,40,865.26,533.69,34610.57,13263.07,38.3
4757,Jun,Riyadh,Cloud Storage,4,1684.77,1082.09,6739.07,2410.69,35.8
4758,Feb,Dubai,Enterprise Software,22,725.19,309.97,15954.23,9134.9,57.3
4759,Dec,Sharjah,Security Package,45,1810.24,1014.77,81460.73,35796.25,43.9
4760,Apr,Riyadh,Enterprise Software,34,1520.75,827.7,51705.4,23563.74,45.6
4761,May,Dubai,Analytics Suite,41,322.65,151.79,13228.56,7005.04,53.0
4762,Feb,Sharjah,Cloud Storage,23,930.2,579.89,21394.61,8057.08,37.7
4763,Nov,Sharjah,Enterprise Software,14,1700.55,761.39,23807.67,13148.19,55.2
4764,Sep,Dubai,Analytics Suite,42,591.03,282.26,24823.46,12968.43,52.2
4765,Sep,Sharjah,Analytics Suite,4,554.75,308.51,2219.01,984.98,44.4
4766,Jul,Dubai,Enterprise Software,34,1876.51,929.55,63801.49,32196.89,50.5
4767,Aug,Ajman,Enterprise Software,29,1188.05,485.94,34453.36,20361.14,59.1
4768,Mar,Riyadh,Enterprise Software,30,1622.56,915.55,48676.73,21210.18,43.6
4769,Sep,Ajman,Security Package,45,1205.76,694.3,54259.12,23015.58,42.4
4770,Jul,Ajman,Enterprise Software,6,392.07,207.4,2352.39,1108.0,47.1
4771,Sep,Ajman,CRM Platform,28,403.08,218.55,11286.27,5166.99,45.8
4772,Aug,Ajman,CRM Platform,23,1242.46,718.39,28576.5,12053.52,42.2
4773,Mar,Abu Dhabi,Cloud Storage,27,318.21,196.48,8591.7,3286.79,38.3
4774,Jun,Sharjah,Enterprise Software,35,573.28,256.49,20064.9,11087.91,55.3
4775,Feb,Sharjah,Security Package,38,826.0,397.96,31387.98,16265.65,51.8
4776,Jun,Abu Dhabi,Security Package,16,856.54,393.88,13704.69,7402.53,54.0
4777,Nov,Abu Dhabi,Security Package,38,1586.83,836.73,60299.72,28503.98,47.3
4778,Jul,Sharjah,Cloud Storage,26,1387.02,587.5,36062.64,20787.73,57.6
4779,Sep,Ajman,Analytics Suite,3,319.76,154.31,959.29,496.37,51.7
4780,Jul,Sharjah,CRM Platform,36,1072.78,662.17,38620.06,14781.76,38.3
4781,Jan,Dubai,Cloud Storage,10,1619.65,785.92,16196.48,8337.25,51.5
4782,Mar,Abu Dhabi,CRM Platform,31,1557.11,790.23,48270.4,23773.2,49.3
4783,May,Riyadh,Cloud Storage,21,325.34,160.31,6832.1,3465.63,50.7
4784,Jun,Dubai,Cloud Storage,9,1774.62,874.27,15971.56,8103.11,50.7
4785,Feb,Sharjah,CRM Platform,16,207.95,111.48,3327.24,1543.53,46.4
4786,Sep,Abu Dhabi,Enterprise Software,37,1862.94,803.42,68928.92,39202.26,56.9
4787,Apr,Dubai,CRM Platform,36,1757.05,1073.83,63253.89,24596.1,38.9
4788,Aug,Ajman,CRM Platform,30,1855.74,1183.09,55672.11,20179.38,36.2
4789,Sep,Dubai,Enterprise Software,19,452.38,195.46,8595.13,4881.45,56.8
4790,Jul,Ajman,Security Package,13,201.97,111.21,2625.66,1179.88,44.9
4791,Feb,Dubai,CRM Platform,10,331.73,201.3,3317.3,1304.3,39.3
4792,Apr,Sharjah,Cloud Storage,19,1415.24,739.06,26889.64,12847.47,47.8
4793,Dec,Dubai,Analytics Suite,43,1070.17,647.9,46017.36,18157.87,39.5
4794,Feb,Ajman,CRM Platform,49,1314.28,830.6,64399.64,23700.36,36.8
4795,Nov,Ajman,Enterprise Software,38,1248.62,647.64,47447.39,22837.18,48.1
4796,Dec,Ajman,Analytics Suite,40,982.1,582.36,39284.18,15989.83,40.7
4797,Jul,Ajman,CRM Platform,19,273.25,150.93,5191.66,2324.05,44.8
4798,Apr,Ajman,Security Package,13,717.63,334.78,9329.19,4977.09,53.3
4799,Dec,Dubai,Security Package,24,474.21,300.67,11381.05,4164.98,36.6
4800,Nov,Sharjah,Cloud Storage,25,1427.87,701.27,35696.78,18164.94,50.9
4801,Apr,Ajman,Security Package,45,528.14,321.87,23766.22,9281.96,39.1
4802,May,Riyadh,Enterprise Software,16,1971.33,1135.2,31541.34,13378.1,42.4
4803,Jun,Ajman,Enterprise Software,45,712.13,404.44,32045.63,13845.62,43.2
4804,Feb,Ajman,Enterprise Software,22,1087.12,608.93,23916.53,10520.05,44.0
4805,Jun,Dubai,Enterprise Software,3,1541.4,653.62,4624.2,2663.33,57.6
4806,Dec,Dubai,CRM Platform,10,954.31,389.05,9543.06,5652.52,59.2
4807,Jul,Dubai,Cloud Storage,23,1208.95,700.51,27805.74,11693.93,42.1
4808,Jun,Sharjah,CRM Platform,39,1020.29,550.01,39791.14,18340.68,46.1
4809,Jun,Abu Dhabi,Cloud Storage,19,1113.68,644.19,21159.92,8920.34,42.2
4810,Feb,Sharjah,CRM Platform,39,536.4,252.6,20919.75,11068.18,52.9
4811,Oct,Ajman,CRM Platform,6,1672.76,829.86,10036.58,5057.42,50.4
4812,Nov,Riyadh,CRM Platform,25,1735.51,988.71,43387.87,18670.03,43.0
4813,Jan,Abu Dhabi,Cloud Storage,14,364.91,236.73,5108.8,1794.58,35.1
4814,Nov,Ajman,Cloud Storage,27,961.91,419.93,25971.54,14633.32,56.3
4815,May,Riyadh,Cloud Storage,26,1169.71,545.05,30412.38,16241.2,53.4
4816,Dec,Riyadh,Cloud Storage,32,1405.66,664.21,44981.09,23726.42,52.7
4817,Dec,Dubai,Enterprise Software,48,1415.54,616.2,67946.03,38368.27,56.5
4818,Nov,Riyadh,CRM Platform,4,355.45,201.41,1421.8,616.16,43.3
4819,Jun,Ajman,Enterprise Software,6,1260.61,680.57,7563.67,3480.27,46.0
4820,Apr,Sharjah,Analytics Suite,10,1091.91,468.03,10919.13,6238.8,57.1
4821,Nov,Abu Dhabi,Enterprise Software,45,1505.88,974.44,67764.77,23915.0,35.3
4822,Nov,Sharjah,CRM Platform,14,886.5,512.57,12411.01,5235.06,42.2
4823,Feb,Abu Dhabi,Enterprise Software,4,302.36,123.79,1209.42,714.25,59.1
4824,Oct,Dubai,Security Package,38,622.63,335.14,23660.06,10924.77,46.2
4825,Dec,Riyadh,Enterprise Software,1,1657.18,791.19,1657.18,865.99,52.3
4826,Mar,Riyadh,Enterprise Software,34,1358.65,865.58,46194.27,16764.42,36.3
4827,Feb,Sharjah,Analytics Suite,22,1178.76,749.49,25932.7,9443.88,36.4
4828,Nov,Abu Dhabi,Security Package,4,1318.95,603.46,5275.79,2861.96,54.2
4829,Nov,Sharjah,Cloud Storage,29,950.89,401.4,27575.7,15935.17,57.8
4830,Mar,Ajman,CRM Platform,35,1849.14,751.09,64719.97,38431.81,59.4
4831,Mar,Dubai,Cloud Storage,44,1343.34,711.94,59107.0,27781.58,47.0
4832,May,Sharjah,Security Package,50,1025.96,589.26,51297.75,21834.79,42.6
4833,Jan,Sharjah,CRM Platform,23,1840.45,837.54,42330.33,23066.98,54.5
4834,Jun,Dubai,Enterprise Software,44,1187.26,537.86,52239.63,28573.89,54.7
4835,Oct,Abu Dhabi,Enterprise Software,28,1094.95,493.49,30658.61,16840.75,54.9
4836,Sep,Ajman,Security Package,19,1961.72,831.11,37272.63,21481.48,57.6
4837,Dec,Riyadh,Enterprise Software,20,451.88,228.44,9037.51,4468.62,49.4
4838,Jul,Abu Dhabi,CRM Platform,47,1754.33,985.77,82453.31,36122.0,43.8
4839,Aug,Dubai,CRM Platform,28,1062.09,654.98,29738.38,11398.92,38.3
4840,Aug,Riyadh,CRM Platform,26,1765.52,761.5,45903.51,26104.57,56.9
4841,Apr,Riyadh,Security Package,27,1868.31,949.31,50444.28,24813.01,49.2
4842,Jan,Riyadh,Analytics Suite,6,1511.68,754.52,9070.06,4542.94,50.1
4843,Jul,Abu Dhabi,CRM Platform,12,1265.82,564.58,15189.89,8414.91,55.4
4844,Aug,Ajman,CRM Platform,33,1695.44,896.41,55949.67,26367.98,47.1
4845,Aug,Riyadh,Cloud Storage,42,914.75,583.06,38419.4,13930.85,36.3
4846,Mar,Sharjah,Cloud Storage,36,1850.2,1018.64,66607.13,29936.14,44.9
4847,Jan,Riyadh,Security Package,30,724.58,395.57,21737.43,9870.25,45.4
4848,Sep,Sharjah,Security Package,7,444.04,215.52,3108.3,1599.69,51.5
4849,Aug,Ajman,CRM Platform,10,980.9,631.34,9809.01,3495.61,35.6
4850,May,Ajman,CRM Platform,2,1188.28,531.15,2376.56,1314.26,55.3
4851,Dec,Riyadh,Analytics Suite,35,244.35,99.53,8552.11,5068.57,59.3
4852,Feb,Dubai,Analytics Suite,50,993.47,618.92,49673.51,18727.64,37.7
4853,Aug,Ajman,Analytics Suite,36,1248.88,678.04,44959.76,20550.46,45.7
4854,Jun,Abu Dhabi,Security Package,26,831.65,351.96,21623.0,12472.08,57.7
4855,Feb,Riyadh,CRM Platform,42,405.47,261.22,17029.8,6058.37,35.6
4856,Jan,Riyadh,CRM Platform,4,1771.47,868.49,7085.87,3611.91,51.0
4857,Dec,Dubai,Enterprise Software,39,530.54,248.0,20691.22,11019.27,53.3
4858,Aug,Abu Dhabi,Security Package,36,1703.49,890.62,61325.54,29263.39,47.7
4859,Nov,Ajman,Enterprise Software,15,1356.61,805.13,20349.13,8272.22,40.7
4860,Jan,Riyadh,Cloud Storage,8,383.02,237.2,3064.13,1166.52,38.1
4861,Feb,Sharjah,Enterprise Software,42,1112.92,677.66,46742.49,18280.83,39.1
4862,May,Dubai,CRM Platform,11,1228.92,789.28,13518.09,4835.96,35.8
4863,Jun,Ajman,Security Package,10,1991.83,877.43,19918.34,11144.06,55.9
4864,Oct,Abu Dhabi,CRM Platform,14,1677.51,936.89,23485.16,10368.77,44.2
4865,Mar,Dubai,CRM Platform,3,224.55,143.28,673.66,243.83,36.2
4866,Mar,Abu Dhabi,Enterprise Software,17,1613.89,1010.58,27436.19,10256.34,37.4
4867,May,Ajman,Cloud Storage,45,1648.87,845.56,74199.35,36149.32,48.7
4868,Dec,Abu Dhabi,CRM Platform,41,718.9,292.03,29475.09,17501.7,59.4
4869,Dec,Sharjah,CRM Platform,6,1652.17,975.87,9913.0,4057.79,40.9
4870,Nov,Sharjah,CRM Platform,39,861.46,432.46,33597.0,16731.25,49.8
4871,Jan,Ajman,Analytics Suite,47,884.77,553.69,41584.33,15560.67,37.4
4872,Nov,Abu Dhabi,Analytics Suite,20,655.67,323.36,13113.47,6646.31,50.7
4873,Dec,Sharjah,Analytics Suite,5,705.24,397.63,3526.19,1538.02,43.6
4874,Nov,Riyadh,Security Package,27,837.08,517.74,22601.28,8622.4,38.2
4875,Sep,Abu Dhabi,Analytics Suite,13,1615.79,873.16,21005.24,9654.2,46.0
4876,Nov,Abu Dhabi,Analytics Suite,36,1900.46,1059.5,68416.56,30274.65,44.3
4877,Apr,Ajman,CRM Platform,28,1961.55,1191.58,54923.32,21559.18,39.3
4878,Apr,Riyadh,Analytics Suite,10,252.74,142.99,2527.37,1097.51,43.4
4879,Jun,Ajman,CRM Platform,34,1047.8,661.24,35625.17,13142.91,36.9
4880,Apr,Riyadh,Analytics Suite,11,1591.65,895.48,17508.16,7657.88,43.7
4881,Apr,Riyadh,Security Package,43,1692.42,783.51,72773.95,39082.84,53.7
4882,Oct,Abu Dhabi,CRM Platform,45,806.99,430.85,36314.53,16926.46,46.6
4883,Dec,Sharjah,Enterprise Software,20,774.43,321.31,15488.58,9062.47,58.5
4884,Mar,Dubai,Security Package,35,684.45,353.09,23955.82,11597.72,48.4
4885,Aug,Dubai,Enterprise Software,13,704.66,443.54,9160.52,3394.51,37.1
4886,Oct,Riyadh,Cloud Storage,3,1454.5,744.28,4363.49,2130.65,48.8
4887,Oct,Ajman,Cloud Storage,21,685.35,409.24,14392.43,5798.46,40.3
4888,Apr,Sharjah,Enterprise Software,36,1865.68,775.86,67164.37,39233.47,58.4
4889,Sep,Abu Dhabi,Analytics Suite,23,397.89,162.98,9151.46,5402.9,59.0
4890,May,Abu Dhabi,Enterprise Software,22,241.69,107.85,5317.12,2944.37,55.4
4891,May,Riyadh,Enterprise Software,14,818.15,508.22,11454.13,4339.06,37.9
4892,Oct,Abu Dhabi,CRM Platform,17,1589.2,908.49,27016.43,11572.05,42.8
4893,Aug,Abu Dhabi,Cloud Storage,40,1745.25,1029.01,69810.02,28649.47,41.0
4894,Dec,Abu Dhabi,Enterprise Software,47,1830.17,783.16,86017.79,49209.16,57.2
4895,Oct,Abu Dhabi,Analytics Suite,2,694.59,428.72,1389.18,531.73,38.3
4896,Mar,Ajman,Analytics Suite,30,1670.81,730.56,50124.21,28207.56,56.3
4897,Mar,Ajman,CRM Platform,43,819.1,469.33,35221.42,15040.42,42.7
4898,Aug,Riyadh,Analytics Suite,15,1151.35,620.01,17270.3,7970.21,46.1
4899,May,Sharjah,Analytics Suite,22,1918.21,891.75,42200.57,22582.12,53.5
4900,Oct,Ajman,Enterprise Software,41,345.48,158.24,14164.64,7676.7,54.2
4901,Aug,Dubai,Enterprise Software,43,1823.38,868.13,78405.29,41075.82,52.4
4902,Nov,Sharjah,Analytics Suite,15,1439.55,827.21,21593.22,9185.01,42.5
4903,Aug,Ajman,Cloud Storage,12,1178.87,503.28,14146.43,8107.13,57.3
4904,Apr,Ajman,Cloud Storage,29,650.32,275.65,18859.39,10865.51,57.6
4905,Nov,Abu Dhabi,Enterprise Software,21,1694.82,836.63,35591.21,18022.04,50.6
4906,Jul,Ajman,Cloud Storage,17,1789.35,793.49,30418.89,16929.63,55.7
4907,Sep,Ajman,Enterprise Software,17,1146.29,605.0,19487.0,9201.94,47.2
4908,Mar,Ajman,CRM Platform,1,1260.48,798.17,1260.48,462.31,36.7
4909,Apr,Ajman,Security Package,6,1286.31,653.28,7717.88,3798.19,49.2
4910,Oct,Dubai,Cloud Storage,39,804.85,336.78,31389.1,18254.7,58.2
4911,May,Ajman,Enterprise Software,22,258.47,124.71,5686.45,2942.84,51.8
4912,Sep,Riyadh,Security Package,10,1851.83,798.62,18518.34,10532.11,56.9
4913,Apr,Ajman,CRM Platform,44,1646.89,1048.92,72463.26,26310.63,36.3
4914,Apr,Abu Dhabi,Analytics Suite,50,1155.83,623.01,57791.42,26641.07,46.1
4915,Sep,Dubai,Analytics Suite,23,1730.38,731.28,39798.66,22979.23,57.7
4916,Jan,Sharjah,Cloud Storage,10,864.74,522.28,8647.35,3424.55,39.6
4917,Jun,Ajman,Analytics Suite,3,1746.24,761.69,5238.71,2953.65,56.4
4918,Feb,Abu Dhabi,Cloud Storage,16,659.63,341.59,10554.13,5088.72,48.2
4919,Jul,Sharjah,CRM Platform,30,532.65,294.24,15979.49,7152.28,44.8
4920,May,Dubai,Analytics Suite,38,243.71,114.86,9260.95,4896.18,52.9
4921,Feb,Sharjah,Cloud Storage,34,1731.51,780.53,58871.38,32333.29,54.9
4922,Jul,Sharjah,Cloud Storage,40,870.52,547.42,34820.88,12924.19,37.1
4923,Nov,Dubai,Enterprise Software,42,1740.36,985.25,73094.98,31714.59,43.4
4924,Aug,Riyadh,CRM Platform,8,1420.77,606.38,11366.13,6515.06,57.3
4925,Mar,Dubai,CRM Platform,44,1252.18,797.87,55096.09,19989.91,36.3
4926,Mar,Ajman,Security Package,25,1825.85,1168.52,45646.25,16433.28,36.0
4927,Apr,Dubai,CRM Platform,11,1116.62,681.66,12282.83,4784.61,39.0
4928,Feb,Abu Dhabi,Security Package,48,296.44,155.88,14228.9,6746.56,47.4
4929,Mar,Abu Dhabi,Security Package,11,376.31,202.26,4139.41,1914.54,46.3
4930,Feb,Ajman,Security Package,21,996.78,568.01,20932.31,9004.04,43.0
4931,Feb,Ajman,CRM Platform,50,248.43,107.87,12421.45,7027.72,56.6
4932,Aug,Riyadh,CRM Platform,1,995.73,470.98,995.73,524.74,52.7
4933,Dec,Riyadh,Security Package,6,871.69,391.5,5230.13,2881.15,55.1
4934,Jun,Sharjah,Analytics Suite,4,218.63,141.47,874.54,308.67,35.3
4935,Nov,Dubai,Cloud Storage,25,1536.32,814.54,38408.06,18044.65,47.0
4936,Sep,Riyadh,CRM Platform,40,261.59,118.57,10463.49,5720.79,54.7
4937,Jan,Sharjah,Analytics Suite,11,1270.0,667.7,13970.02,6625.28,47.4
4938,Jan,Ajman,CRM Platform,16,1367.43,563.22,21878.93,12867.41,58.8
4939,Dec,Dubai,Security Package,14,691.66,395.08,9683.19,4152.05,42.9
4940,May,Ajman,Analytics Suite,41,323.85,187.1,13277.99,5606.68,42.2
4941,Jul,Abu Dhabi,Cloud Storage,35,1108.98,455.97,38814.28,22855.27,58.9
4942,Nov,Abu Dhabi,Security Package,9,1003.53,419.39,9031.8,5257.25,58.2
4943,Apr,Sharjah,Enterprise Software,16,705.47,292.79,11287.54,6602.91,58.5
4944,Mar,Riyadh,Analytics Suite,10,205.26,94.16,2052.6,1110.96,54.1
4945,Jun,Riyadh,Cloud Storage,16,512.86,303.99,8205.8,3341.92,40.7
4946,Nov,Abu Dhabi,Enterprise Software,25,1141.35,663.03,28533.73,11958.03,41.9
4947,Jul,Ajman,Cloud Storage,1,627.61,339.75,627.61,287.86,45.9
4948,Apr,Dubai,CRM Platform,48,884.68,356.66,42464.45,25344.59,59.7
4949,Dec,Riyadh,Security Package,20,1366.43,692.92,27328.58,13470.18,49.3
4950,Jan,Abu Dhabi,Enterprise Software,2,836.46,351.48,1672.92,969.96,58.0
4951,Aug,Dubai,Enterprise Software,1,1022.15,519.69,1022.15,502.46,49.2
4952,Jun,Sharjah,Security Package,2,1630.02,925.56,3260.04,1408.91,43.2
4953,Feb,Riyadh,Analytics Suite,12,590.04,236.96,7080.54,4236.96,59.8
4954,Feb,Sharjah,Enterprise Software,50,1251.45,525.77,62572.67,36284.28,58.0
4955,Jun,Sharjah,Analytics Suite,17,1882.53,950.83,32003.05,15838.98,49.5
4956,Oct,Ajman,Cloud Storage,26,819.41,407.55,21304.68,10708.34,50.3
4957,Mar,Dubai,Security Package,30,970.01,406.98,29100.45,16891.01,58.0
4958,Dec,Ajman,CRM Platform,44,1659.59,949.32,73021.78,31251.52,42.8
4959,Jul,Riyadh,Security Package,49,454.46,230.14,22268.52,10991.42,49.4
4960,Jul,Riyadh,Analytics Suite,7,442.05,221.22,3094.35,1545.84,50.0
4961,Sep,Ajman,CRM Platform,15,1891.92,932.84,28378.8,14386.24,50.7
4962,Aug,Ajman,Cloud Storage,7,552.07,337.6,3864.52,1501.3,38.8
4963,Dec,Riyadh,CRM Platform,19,1681.7,692.24,31952.22,18799.58,58.8
4964,Nov,Abu Dhabi,Cloud Storage,42,1869.73,1103.81,78528.78,32168.83,41.0
4965,Feb,Sharjah,CRM Platform,20,734.81,365.75,14696.3,7381.28,50.2
4966,Aug,Ajman,Cloud Storage,28,568.63,258.5,15921.59,8683.59,54.5
4967,Feb,Sharjah,Enterprise Software,30,948.97,402.55,28469.18,16392.82,57.6
4968,Nov,Sharjah,Cloud Storage,43,384.08,171.45,16515.4,9143.05,55.4
4969,Feb,Riyadh,Cloud Storage,39,914.21,487.24,35654.11,16651.68,46.7
4970,Jul,Ajman,Cloud Storage,17,1062.56,648.62,18063.45,7036.98,39.0
4971,Jul,Ajman,Analytics Suite,35,1958.52,973.14,68548.32,34488.39,50.3
4972,Jan,Riyadh,CRM Platform,14,879.33,474.56,12310.59,5666.77,46.0
4973,Jan,Abu Dhabi,Enterprise Software,18,1174.31,612.53,21137.59,10112.11,47.8
4974,Jul,Riyadh,Cloud Storage,47,608.62,371.71,28605.31,11135.05,38.9
4975,Mar,Sharjah,Security Package,48,1913.76,1138.43,91860.46,37215.79,40.5
4976,Nov,Riyadh,Enterprise Software,42,501.8,318.02,21075.64,7718.73,36.6
4977,Oct,Ajman,Analytics Suite,15,704.29,289.41,10564.31,6223.22,58.9
4978,Jul,Sharjah,Enterprise Software,48,1885.95,822.82,90525.81,51030.44,56.4
4979,Sep,Dubai,Enterprise Software,29,506.61,267.69,14691.69,6928.74,47.2
4980,Feb,Sharjah,CRM Platform,34,546.64,230.62,18585.87,10744.93,57.8
4981,Dec,Dubai,CRM Platform,38,1590.82,1012.56,60451.09,21973.97,36.3
4982,Jun,Dubai,CRM Platform,44,1006.76,556.94,44297.41,19791.84,44.7
4983,Oct,Riyadh,Analytics Suite,31,1809.9,987.14,56106.96,25505.73,45.5
4984,Oct,Ajman,Security Package,4,768.3,485.92,3073.21,1129.51,36.8
4985,Aug,Abu Dhabi,Enterprise Software,8,398.68,213.92,3189.46,1478.09,46.3
4986,Jul,Ajman,Analytics Suite,23,1130.21,478.9,25994.85,14980.04,57.6
4987,Nov,Riyadh,Security Package,7,1990.82,1239.98,13935.75,5255.92,37.7
4988,Feb,Dubai,CRM Platform,32,580.27,348.27,18568.54,7423.75,40.0
4989,Apr,Sharjah,CRM Platform,7,1987.68,894.51,13913.73,7652.15,55.0
4990,Oct,Dubai,Cloud Storage,30,1965.93,966.51,58977.77,29982.48,50.8
4991,Mar,Sharjah,CRM Platform,48,1760.12,886.4,84485.82,41938.39,49.6
4992,May,Ajman,Security Package,39,938.94,490.13,36618.56,17503.64,47.8
4993,Feb,Riyadh,Security Package,6,1233.13,768.13,7398.75,2790.0,37.7
4994,Nov,Riyadh,Security Package,38,1796.71,742.74,68274.87,40050.86,58.7
4995,Dec,Riyadh,Cloud Storage,4,404.89,182.93,1619.57,887.85,54.8
4996,Feb,Dubai,CRM Platform,28,1983.99,966.23,55551.85,28497.28,51.3
4997,Jul,Abu Dhabi,Enterprise Software,15,1644.46,941.88,24666.84,10538.58,42.7
4998,Apr,Ajman,Enterprise Software,5,1046.37,643.78,5231.86,2012.98,38.5
4999,Oct,Sharjah,Analytics Suite,3,1557.76,640.79,4673.29,2750.92,58.9
5000,Apr,Riyadh,Enterprise Software,31,1410.6,776.32,43728.59,19662.82,45.0
5001,Sep,Sharjah,Analytics Suite,50,799.23,364.63,39961.74,21730.12,54.4
5002,Nov,Ajman,Cloud Storage,39,1850.72,993.91,72178.26,33415.67,46.3
5003,Aug,Dubai,Cloud Storage,18,1998.54,908.25,35973.77,19625.25,54.6
5004,Jun,Abu Dhabi,Cloud Storage,50,1929.93,937.0,96496.67,49646.91,51.4
5005,Feb,Ajman,Analytics Suite,39,1461.01,651.71,56979.58,31563.04,55.4
5006,Nov,Riyadh,Enterprise Software,48,1717.48,1074.81,82438.89,30848.05,37.4
5007,Jul,Sharjah,CRM Platform,12,1828.29,779.9,21939.44,12580.66,57.3
5008,Jul,Abu Dhabi,Cloud Storage,3,418.73,224.23,1256.18,583.49,46.5
5009,Oct,Abu Dhabi,Security Package,17,844.41,358.38,14355.03,8262.51,57.6
5010,May,Abu Dhabi,Security Package,21,620.76,297.02,13035.91,6798.38,52.2
5011,Oct,Abu Dhabi,Enterprise Software,16,215.62,127.85,3449.9,1404.27,40.7
5012,Jul,Ajman,Security Package,34,1390.66,673.66,47282.42,24377.93,51.6
5013,Nov,Riyadh,Enterprise Software,38,971.57,549.33,36919.59,16045.24,43.5
5014,Sep,Sharjah,Security Package,30,444.1,208.46,13323.01,7069.31,53.1
5015,Dec,Dubai,Security Package,40,1289.63,572.55,51585.32,28683.48,55.6
5016,Aug,Dubai,CRM Platform,41,1597.52,714.16,65498.31,36217.58,55.3
5017,Jul,Dubai,CRM Platform,33,315.87,195.63,10423.69,3967.92,38.1
5018,Aug,Abu Dhabi,Security Package,13,1881.75,965.72,24462.75,11908.34,48.7
5019,Feb,Ajman,Cloud Storage,31,1382.35,797.14,42852.92,18141.65,42.3
5020,May,Dubai,Cloud Storage,9,1370.82,769.83,12337.39,5408.9,43.8
5021,Dec,Sharjah,Enterprise Software,40,1145.38,684.91,45815.16,18418.69,40.2
5022,Jul,Abu Dhabi,Enterprise Software,44,1842.25,822.03,81059.13,44889.99,55.4
5023,Jun,Abu Dhabi,CRM Platform,20,1823.22,772.2,36464.35,21020.38,57.6
5024,Nov,Riyadh,Enterprise Software,20,722.34,319.31,14446.81,8060.61,55.8
5025,Mar,Riyadh,Analytics Suite,43,1973.45,804.58,84858.33,50261.22,59.2
5026,Jun,Sharjah,Cloud Storage,1,1455.87,694.32,1455.87,761.55,52.3
5027,Dec,Ajman,Analytics Suite,6,412.43,240.84,2474.57,1029.52,41.6
5028,Jun,Ajman,Enterprise Software,27,1981.45,796.57,53499.1,31991.6,59.8
5029,Feb,Riyadh,Analytics Suite,20,1090.99,488.87,21819.74,12042.28,55.2
5030,Dec,Riyadh,Security Package,5,1815.06,938.14,9075.29,4384.6,48.3
5031,Nov,Sharjah,Analytics Suite,9,740.15,356.16,6661.33,3455.92,51.9
5032,Jan,Dubai,Security Package,33,1836.74,816.93,60612.33,33653.73,55.5
5033,Jan,Dubai,Enterprise Software,42,559.34,277.34,23492.33,11844.06,50.4
5034,Mar,Riyadh,Analytics Suite,48,1240.23,803.07,59531.18,20983.6,35.2
5035,Apr,Dubai,Cloud Storage,31,888.02,439.92,27528.49,13890.85,50.5
5036,Oct,Riyadh,CRM Platform,12,1595.66,865.59,19147.94,8760.91,45.8
5037,Sep,Abu Dhabi,Cloud Storage,25,367.89,170.15,9197.17,4943.37,53.7
5038,Apr,Dubai,Security Package,39,1418.25,863.64,55311.87,21630.06,39.1
5039,Mar,Abu Dhabi,Analytics Suite,18,1376.67,846.19,24780.04,9548.61,38.5
5040,Jul,Sharjah,Enterprise Software,28,1412.03,745.69,39536.72,18657.5,47.2
5041,Jul,Abu Dhabi,Analytics Suite,13,562.83,267.33,7316.78,3841.48,52.5
5042,Oct,Riyadh,Security Package,15,1914.09,888.79,28711.34,15379.56,53.6
5043,Feb,Ajman,Analytics Suite,48,1148.26,584.52,55116.4,27059.67,49.1
5044,Dec,Riyadh,Analytics Suite,3,1113.91,661.68,3341.74,1356.71,40.6
5045,Mar,Sharjah,Analytics Suite,19,648.36,350.44,12318.86,5660.45,45.9
5046,Mar,Ajman,Security Package,36,793.58,321.57,28569.06,16992.71,59.5
5047,Jun,Sharjah,Cloud Storage,2,1239.71,603.55,2479.42,1272.32,51.3
5048,Oct,Riyadh,Security Package,24,1295.8,803.12,31099.24,11824.41,38.0
5049,Apr,Ajman,Enterprise Software,37,968.46,606.33,35832.87,13398.74,37.4
5050,Jun,Ajman,Analytics Suite,14,780.89,331.12,10932.44,6296.74,57.6
5051,Jun,Ajman,CRM Platform,3,665.51,286.93,1996.52,1135.72,56.9
5052,Apr,Riyadh,Security Package,1,267.74,146.72,267.74,121.03,45.2
5053,May,Riyadh,Analytics Suite,9,1190.86,759.04,10717.76,3886.42,36.3
5054,May,Abu Dhabi,Analytics Suite,48,1513.51,849.48,72648.31,31873.43,43.9
5055,Jul,Ajman,Security Package,28,1009.95,540.05,28278.68,13157.41,46.5
5056,Aug,Riyadh,Analytics Suite,2,935.45,399.08,1870.9,1072.73,57.3
5057,Oct,Dubai,CRM Platform,4,353.01,164.22,1412.03,755.13,53.5
5058,Feb,Ajman,Enterprise Software,2,1934.07,877.53,3868.15,2113.08,54.6
5059,Dec,Riyadh,Analytics Suite,29,384.73,191.61,11157.24,5600.41,50.2
5060,Jul,Sharjah,CRM Platform,47,786.43,442.88,36962.03,16146.69,43.7
5061,Dec,Dubai,Security Package,33,960.28,388.91,31689.22,18855.07,59.5
5062,Aug,Dubai,CRM Platform,43,726.56,392.88,31241.91,14348.04,45.9
5063,May,Abu Dhabi,Cloud Storage,45,573.48,367.82,25806.46,9254.51,35.9
5064,Oct,Riyadh,CRM Platform,34,789.8,490.26,26853.17,10184.45,37.9
5065,Jan,Sharjah,Analytics Suite,42,803.22,403.41,33735.35,16792.1,49.8
5066,Aug,Riyadh,Cloud Storage,22,759.56,329.59,16710.32,9459.23,56.6
5067,Sep,Sharjah,Cloud Storage,28,329.78,200.46,9233.89,3620.98,39.2
5068,Mar,Riyadh,Security Package,22,1642.77,708.19,36140.88,20560.8,56.9
5069,Jun,Dubai,Cloud Storage,4,1964.61,1121.05,7858.43,3374.24,42.9
5070,Jun,Abu Dhabi,Security Package,46,1998.19,1013.0,91916.53,45318.7,49.3
5071,May,Abu Dhabi,CRM Platform,33,1986.89,830.19,65567.35,38170.94,58.2
5072,Sep,Ajman,Cloud Storage,42,717.54,330.87,30136.67,16239.95,53.9
5073,Jan,Ajman,Security Package,43,893.65,429.64,38427.07,19952.52,51.9
5074,Jan,Sharjah,Cloud Storage,47,1711.82,694.03,80455.41,47836.06,59.5
5075,Aug,Dubai,Cloud Storage,36,1240.59,682.66,44661.24,20085.48,45.0
5076,Nov,Dubai,Security Package,14,202.76,96.0,2838.65,1494.59,52.7
5077,Mar,Riyadh,Analytics Suite,46,1081.51,527.31,49749.28,25493.04,51.2
5078,Jan,Ajman,CRM Platform,14,897.12,451.92,12559.74,6232.92,49.6
5079,Dec,Dubai,Cloud Storage,28,588.14,279.96,16467.85,8628.97,52.4
5080,Nov,Sharjah,Cloud Storage,39,664.7,350.41,25923.18,12257.32,47.3
5081,Dec,Riyadh,CRM Platform,48,1493.72,684.36,71698.34,38849.22,54.2
5082,Nov,Riyadh,Enterprise Software,10,553.12,272.52,5531.17,2805.99,50.7
5083,Aug,Ajman,Enterprise Software,46,1715.98,1073.42,78935.17,29557.74,37.4
5084,Feb,Ajman,Cloud Storage,29,742.62,457.89,21535.85,8256.92,38.3
5085,Jul,Ajman,CRM Platform,12,1415.36,881.13,16984.36,6410.78,37.7
5086,Jul,Ajman,Cloud Storage,29,1168.73,671.03,33893.14,14433.22,42.6
5087,Sep,Riyadh,Security Package,39,1079.09,565.42,42084.62,20033.35,47.6
5088,Oct,Ajman,Analytics Suite,18,1431.45,805.21,25766.08,11272.25,43.7
5089,Dec,Sharjah,Security Package,22,449.01,219.36,9878.16,5052.33,51.1
5090,Dec,Abu Dhabi,CRM Platform,30,1616.98,1001.79,48509.42,18455.68,38.0
5091,Aug,Dubai,Cloud Storage,25,1038.32,560.06,25957.89,11956.38,46.1
5092,May,Sharjah,Enterprise Software,10,240.55,148.33,2405.49,922.16,38.3
5093,Jun,Ajman,CRM Platform,6,754.63,385.83,4527.75,2212.77,48.9
5094,Feb,Abu Dhabi,Analytics Suite,5,770.76,399.1,3853.81,1858.32,48.2
5095,Jan,Abu Dhabi,Cloud Storage,40,1259.05,751.89,50361.96,20286.22,40.3
5096,May,Dubai,Security Package,48,260.29,130.74,12494.15,6218.84,49.8
5097,Dec,Ajman,Analytics Suite,33,470.03,275.54,15510.9,6418.16,41.4
5098,Apr,Sharjah,Analytics Suite,34,1969.74,1182.09,66971.29,26780.31,40.0
5099,Apr,Ajman,Analytics Suite,22,1916.9,1204.67,42171.71,15669.02,37.2
5100,Jul,Abu Dhabi,CRM Platform,3,1336.34,840.36,4009.01,1487.92,37.1
5101,May,Dubai,Enterprise Software,30,252.03,163.79,7560.77,2647.14,35.0
5102,Jan,Dubai,Enterprise Software,48,641.93,306.15,30812.48,16117.51,52.3
5103,Feb,Sharjah,CRM Platform,6,1280.01,756.93,7680.08,3138.5,40.9
5104,Oct,Riyadh,Security Package,48,918.38,439.53,44082.43,22985.04,52.1
5105,Sep,Dubai,Enterprise Software,7,1429.13,685.37,10003.88,5206.31,52.0
5106,May,Abu Dhabi,CRM Platform,26,967.49,462.45,25154.83,13131.08,52.2
5107,Aug,Sharjah,CRM Platform,28,1861.97,982.53,52135.17,24624.39,47.2
5108,Aug,Ajman,Security Package,43,200.11,116.09,8604.64,3612.77,42.0
5109,Jul,Riyadh,CRM Platform,43,1371.62,816.79,58979.54,23857.62,40.5
5110,Mar,Ajman,Security Package,46,1305.4,763.78,60048.32,24914.44,41.5
5111,Jul,Abu Dhabi,Analytics Suite,22,1960.31,1071.39,43126.85,19556.23,45.3
5112,Nov,Dubai,Security Package,40,322.04,186.65,12881.56,5415.64,42.0
5113,Jan,Abu Dhabi,Cloud Storage,47,524.87,302.37,24668.66,10457.22,42.4
5114,May,Ajman,CRM Platform,2,767.98,468.12,1535.96,599.73,39.0
5115,Sep,Abu Dhabi,Security Package,28,514.52,225.82,14406.65,8083.7,56.1
5116,Jun,Sharjah,Enterprise Software,5,589.31,248.72,2946.53,1702.92,57.8
5117,Jan,Ajman,CRM Platform,20,1072.2,549.79,21443.93,10448.19,48.7
5118,Sep,Abu Dhabi,Cloud Storage,38,1708.42,791.56,64919.78,34840.33,53.7
5119,Mar,Riyadh,Analytics Suite,17,1019.37,628.12,17329.34,6651.24,38.4
5120,Apr,Abu Dhabi,Enterprise Software,21,1290.27,607.08,27095.75,14347.02,52.9
5121,Dec,Dubai,Cloud Storage,15,1609.56,837.32,24143.46,11583.72,48.0
5122,Feb,Abu Dhabi,Analytics Suite,35,1848.4,1054.49,64693.93,27786.71,43.0
5123,May,Ajman,CRM Platform,32,1062.32,450.29,33994.2,19584.81,57.6
5124,Jun,Dubai,Cloud Storage,5,1109.87,496.08,5549.34,3068.93,55.3
5125,Sep,Abu Dhabi,Analytics Suite,24,552.07,345.14,13249.72,4966.32,37.5
5126,Sep,Ajman,Analytics Suite,6,828.67,528.46,4972.03,1801.28,36.2
5127,Jun,Riyadh,Security Package,41,502.02,215.73,20582.72,11737.67,57.0
5128,Jun,Riyadh,Security Package,22,1778.28,1069.96,39122.24,15583.06,39.8
5129,Sep,Dubai,Security Package,20,1470.59,837.28,29411.75,12666.05,43.1
5130,Sep,Dubai,Cloud Storage,25,794.53,478.24,19863.14,7907.26,39.8
5131,Aug,Dubai,CRM Platform,23,1564.22,695.22,35976.99,19986.89,55.6
5132,Feb,Riyadh,Cloud Storage,38,596.61,318.07,22671.2,10584.66,46.7
5133,Sep,Riyadh,Enterprise Software,46,1577.77,919.98,72577.55,30258.68,41.7
5134,Feb,Abu Dhabi,Security Package,17,1759.07,786.78,29904.15,16528.93,55.3
5135,Mar,Abu Dhabi,Security Package,20,1846.51,786.06,36930.2,21209.05,57.4
5136,Oct,Riyadh,Analytics Suite,30,1540.21,709.33,46206.39,24926.47,53.9
5137,Dec,Dubai,Security Package,7,512.1,270.77,3584.7,1689.28,47.1
5138,Apr,Abu Dhabi,CRM Platform,19,363.22,153.2,6901.18,3990.34,57.8
5139,Apr,Ajman,Enterprise Software,16,350.93,217.81,5614.81,2129.9,37.9
5140,Apr,Sharjah,Analytics Suite,4,1914.09,919.11,7656.34,3979.91,52.0
5141,Jan,Dubai,Cloud Storage,20,734.3,376.29,14685.97,7160.22,48.8
5142,Nov,Riyadh,Enterprise Software,46,379.65,156.37,17464.13,10271.3,58.8
5143,Oct,Ajman,Analytics Suite,36,745.54,441.37,26839.53,10950.17,40.8
5144,Jul,Sharjah,CRM Platform,48,1710.94,869.22,82125.04,40402.26,49.2
5145,May,Sharjah,Analytics Suite,8,1609.55,942.39,12876.43,5337.34,41.5
5146,Oct,Abu Dhabi,Security Package,7,454.45,288.43,3181.12,1162.1,36.5
5147,Jun,Riyadh,Analytics Suite,10,299.14,142.6,2991.38,1565.4,52.3
5148,Dec,Dubai,Security Package,7,241.23,155.1,1688.64,602.97,35.7
5149,Dec,Ajman,CRM Platform,40,367.91,152.58,14716.41,8613.24,58.5
5150,Mar,Riyadh,Cloud Storage,43,650.11,390.07,27954.54,11181.39,40.0
5151,Sep,Dubai,CRM Platform,10,951.33,500.27,9513.26,4510.57,47.4
5152,Nov,Abu Dhabi,Cloud Storage,6,1339.08,702.75,8034.45,3817.93,47.5
5153,Nov,Ajman,Cloud Storage,25,1704.18,923.87,42604.62,19507.79,45.8
5154,Jan,Ajman,Cloud Storage,34,548.39,256.51,18645.43,9924.08,53.2
5155,Dec,Riyadh,Enterprise Software,1,220.02,119.29,220.02,100.73,45.8
5156,Aug,Abu Dhabi,Analytics Suite,9,1568.11,843.36,14113.03,6522.8,46.2
5157,Dec,Ajman,Enterprise Software,13,484.22,197.38,6294.88,3728.92,59.2
5158,Sep,Ajman,Analytics Suite,22,1308.23,763.69,28781.11,11980.02,41.6
5159,Sep,Sharjah,Cloud Storage,30,1890.7,824.7,56720.88,31979.97,56.4
5160,May,Sharjah,Enterprise Software,22,535.28,310.09,11776.15,4954.17,42.1
5161,Nov,Dubai,Analytics Suite,33,1792.25,1076.62,59144.29,23615.7,39.9
5162,Nov,Dubai,Cloud Storage,34,918.98,552.77,31245.34,12451.16,39.8
5163,Sep,Dubai,Analytics Suite,2,512.3,324.71,1024.61,375.19,36.6
5164,Jan,Abu Dhabi,Analytics Suite,27,1609.72,984.82,43462.34,16872.1,38.8
5165,Aug,Ajman,Analytics Suite,26,1446.66,798.19,37613.21,16860.24,44.8
5166,Dec,Sharjah,Enterprise Software,38,241.93,149.43,9193.29,3515.0,38.2
5167,Sep,Riyadh,Security Package,22,984.17,630.59,21651.8,7778.75,35.9
5168,Jan,Sharjah,Cloud Storage,7,1821.04,878.3,12747.31,6599.19,51.8
5169,Mar,Sharjah,CRM Platform,15,1126.68,589.29,16900.23,8060.83,47.7
5170,Aug,Riyadh,Security Package,47,1784.13,868.69,83854.22,43025.71,51.3
5171,Apr,Riyadh,Security Package,5,570.81,322.36,2854.03,1242.22,43.5
5172,Nov,Dubai,CRM Platform,9,1793.09,779.12,16137.8,9125.71,56.5
5173,Feb,Riyadh,Enterprise Software,7,1638.86,1011.23,11471.99,4393.38,38.3
5174,Jan,Riyadh,CRM Platform,18,1067.59,584.27,19216.62,8699.74,45.3
5175,Oct,Ajman,Enterprise Software,40,227.76,120.08,9110.51,4307.13,47.3
5176,Feb,Abu Dhabi,Analytics Suite,49,1497.86,695.14,73394.93,39333.24,53.6
5177,Jun,Riyadh,Security Package,47,642.61,284.11,30202.45,16849.28,55.8
5178,May,Riyadh,Analytics Suite,5,1260.42,741.59,6302.09,2594.12,41.2
5179,Oct,Sharjah,CRM Platform,47,286.0,140.26,13442.16,6849.83,51.0
5180,Mar,Sharjah,CRM Platform,36,630.86,308.87,22711.08,11591.69,51.0
5181,Aug,Dubai,CRM Platform,14,1351.29,817.55,18918.04,7472.28,39.5
5182,Mar,Sharjah,Cloud Storage,43,1514.28,792.51,65113.9,31036.14,47.7
5183,Sep,Riyadh,Analytics Suite,49,1130.72,682.59,55405.39,21958.64,39.6
5184,Jun,Riyadh,CRM Platform,25,1439.78,629.63,35994.5,20253.65,56.3
5185,Nov,Abu Dhabi,Analytics Suite,43,1162.63,518.99,49993.22,27676.61,55.4
5186,Mar,Abu Dhabi,Security Package,46,1165.74,466.76,53623.97,32152.79,60.0
5187,Apr,Dubai,Security Package,10,641.84,290.38,6418.45,3514.63,54.8
5188,Sep,Ajman,Security Package,22,968.77,563.7,21312.92,8911.5,41.8
5189,Jul,Ajman,CRM Platform,41,1091.38,441.59,44746.43,26641.22,59.5
5190,Jun,Ajman,Analytics Suite,36,593.86,382.08,21378.95,7623.91,35.7
5191,Jun,Sharjah,Security Package,37,1054.9,460.61,39031.26,21988.66,56.3
5192,Nov,Abu Dhabi,Analytics Suite,13,346.09,179.76,4499.17,2162.33,48.1
5193,Oct,Sharjah,Analytics Suite,41,485.55,255.27,19907.69,9441.49,47.4
5194,May,Riyadh,CRM Platform,35,1475.37,946.22,51637.86,18520.33,35.9
5195,Dec,Dubai,Enterprise Software,41,724.04,384.93,29685.59,13903.52,46.8
5196,Aug,Abu Dhabi,CRM Platform,21,1569.1,956.77,32951.17,12858.94,39.0
5197,Oct,Dubai,Security Package,32,963.92,466.21,30845.49,15926.72,51.6
5198,Jul,Sharjah,Security Package,23,1616.83,675.81,37187.2,21643.49,58.2
5199,May,Sharjah,CRM Platform,8,1300.48,663.44,10403.83,5096.32,49.0
5200,Apr,Riyadh,CRM Platform,47,214.29,129.05,10071.41,4006.04,39.8
5201,Jun,Riyadh,Cloud Storage,48,1107.77,493.98,53172.97,29462.01,55.4
5202,Apr,Dubai,CRM Platform,3,354.55,207.09,1063.65,442.37,41.6
5203,Nov,Riyadh,CRM Platform,41,479.42,302.27,19656.25,7263.16,37.0
5204,Sep,Abu Dhabi,Cloud Storage,18,1566.78,936.89,28202.12,11338.09,40.2
5205,Nov,Abu Dhabi,Analytics Suite,39,501.31,248.34,19550.99,9865.57,50.5
5206,Oct,Riyadh,Enterprise Software,41,1135.82,526.46,46568.62,24983.6,53.6
5207,Nov,Dubai,Enterprise Software,33,1947.49,912.69,64267.2,34148.47,53.1
5208,May,Abu Dhabi,Cloud Storage,36,209.01,127.42,7524.52,2937.38,39.0
5209,Aug,Sharjah,Cloud Storage,48,635.62,380.51,30509.73,12245.38,40.1
5210,Jul,Riyadh,CRM Platform,48,1074.75,679.39,51587.84,18977.31,36.8
5211,May,Sharjah,Analytics Suite,27,1785.35,868.15,48204.51,24764.46,51.4
5212,Jul,Riyadh,Cloud Storage,3,1307.1,665.78,3921.29,1923.96,49.1
5213,Nov,Sharjah,CRM Platform,45,448.02,194.44,20160.68,11410.78,56.6
5214,Jul,Sharjah,Cloud Storage,45,1734.62,823.47,78057.85,41001.59,52.5
5215,Feb,Riyadh,Enterprise Software,39,1443.57,833.88,56299.35,23778.07,42.2
5216,Aug,Sharjah,CRM Platform,48,1327.77,757.76,63732.83,27360.5,42.9
5217,Dec,Riyadh,Analytics Suite,3,507.28,213.76,1521.85,880.58,57.9
5218,Dec,Sharjah,Analytics Suite,42,1709.18,776.61,71785.38,39167.75,54.6
5219,Nov,Abu Dhabi,Enterprise Software,32,1017.18,629.32,32549.75,12411.61,38.1
5220,Feb,Riyadh,Cloud Storage,11,895.3,451.41,9848.29,4882.82,49.6
5221,Jun,Abu Dhabi,Security Package,26,1059.85,559.6,27556.01,13006.45,47.2
5222,Jan,Sharjah,CRM Platform,29,1210.12,719.04,35093.53,14241.29,40.6
5223,Jun,Dubai,CRM Platform,6,1399.35,872.39,8396.08,3161.73,37.7
5224,Oct,Riyadh,Enterprise Software,33,316.41,164.79,10441.64,5003.44,47.9
5225,Mar,Sharjah,Enterprise Software,37,1419.66,666.29,52527.24,27874.41,53.1
5226,Oct,Dubai,Analytics Suite,50,497.38,224.57,24869.02,13640.6,54.8
5227,May,Dubai,CRM Platform,40,1174.7,622.59,46987.83,22084.12,47.0
5228,Nov,Abu Dhabi,Security Package,22,1393.33,723.09,30653.36,14745.27,48.1
5229,Jul,Ajman,CRM Platform,23,882.62,423.49,20300.34,10560.04,52.0
5230,Jan,Dubai,CRM Platform,24,787.06,457.53,18889.41,7908.6,41.9
5231,Nov,Sharjah,Cloud Storage,20,600.78,355.34,12015.58,4908.86,40.9
5232,Nov,Riyadh,CRM Platform,32,383.33,235.73,12266.48,4723.14,38.5
5233,Mar,Riyadh,Cloud Storage,47,204.81,111.74,9626.13,4374.44,45.4
5234,Aug,Riyadh,Enterprise Software,26,1903.9,1091.85,49501.3,21113.13,42.7
5235,Jun,Sharjah,Enterprise Software,14,847.9,437.47,11870.54,5745.9,48.4
5236,Nov,Dubai,Enterprise Software,4,397.62,253.46,1590.49,576.65,36.3
5237,Aug,Sharjah,CRM Platform,15,1579.7,874.59,23695.49,10576.71,44.6
5238,Nov,Sharjah,Cloud Storage,5,1673.56,945.26,8367.82,3641.55,43.5
5239,Mar,Riyadh,CRM Platform,12,834.32,409.92,10011.79,5092.79,50.9
5240,Jul,Riyadh,Analytics Suite,17,386.95,187.92,6578.19,3383.48,51.4
5241,Feb,Ajman,Analytics Suite,26,1161.14,718.61,30189.67,11505.76,38.1
5242,Apr,Sharjah,CRM Platform,40,1397.34,611.91,55893.78,31417.21,56.2
5243,Jun,Abu Dhabi,Security Package,24,829.13,335.31,19899.18,11851.69,59.6
5244,Aug,Riyadh,Analytics Suite,48,1276.05,776.11,61250.32,23996.89,39.2
5245,Feb,Sharjah,Security Package,42,935.81,384.69,39304.08,23147.05,58.9
5246,Nov,Riyadh,Analytics Suite,41,411.6,184.54,16875.77,9309.45,55.2
5247,Apr,Abu Dhabi,Cloud Storage,48,1524.91,910.03,73195.76,29514.38,40.3
5248,Jan,Sharjah,CRM Platform,20,232.84,99.06,4656.74,2675.58,57.5
5249,Aug,Ajman,Security Package,41,1489.37,690.5,61064.22,32753.54,53.6
5250,Aug,Ajman,Security Package,47,1656.84,1002.6,77871.64,30749.27,39.5
5251,Feb,Abu Dhabi,Analytics Suite,36,828.74,397.66,29834.61,15518.9,52.0
5252,Sep,Sharjah,Enterprise Software,46,590.15,374.58,27147.07,9916.62,36.5
5253,Jan,Sharjah,CRM Platform,8,1030.66,461.47,8245.3,4553.54,55.2
5254,Jan,Ajman,Enterprise Software,5,1028.21,569.57,5141.06,2293.2,44.6
5255,Feb,Dubai,Enterprise Software,29,1549.47,983.96,44934.58,16399.81,36.5
5256,Nov,Ajman,Security Package,18,1234.32,644.59,22217.82,10615.22,47.8
5257,Mar,Ajman,Security Package,34,762.68,434.71,25931.19,11151.03,43.0
5258,Feb,Ajman,Cloud Storage,48,1636.63,891.27,78558.13,35777.32,45.5
5259,Oct,Abu Dhabi,Security Package,28,1001.31,569.96,28036.55,12077.75,43.1
5260,Jul,Sharjah,Cloud Storage,32,1999.74,983.88,63991.77,32507.59,50.8
5261,Oct,Sharjah,Security Package,27,281.86,116.81,7610.11,4456.11,58.6
5262,Sep,Abu Dhabi,Cloud Storage,35,585.92,348.49,20507.12,8310.05,40.5
5263,Jun,Abu Dhabi,Cloud Storage,7,1555.91,860.45,10891.35,4868.18,44.7
5264,Apr,Dubai,Analytics Suite,4,1286.48,807.52,5145.93,1915.86,37.2
5265,Aug,Sharjah,Cloud Storage,41,757.56,419.4,31059.99,13864.51,44.6
5266,Nov,Ajman,CRM Platform,15,764.57,441.97,11468.5,4838.94,42.2
5267,Aug,Riyadh,CRM Platform,50,1676.33,696.75,83816.53,48979.12,58.4
5268,Jan,Sharjah,Security Package,13,1466.47,899.74,19064.09,7367.54,38.6
5269,Aug,Dubai,Enterprise Software,44,1497.65,900.31,65896.6,26282.98,39.9
5270,Sep,Ajman,Analytics Suite,10,901.7,366.36,9016.97,5353.4,59.4
5271,Mar,Abu Dhabi,Analytics Suite,43,947.15,591.24,40727.24,15304.0,37.6
5272,May,Ajman,Security Package,46,1601.13,667.79,73651.83,42933.32,58.3
5273,Jul,Riyadh,Security Package,28,1890.15,805.06,52924.31,30382.7,57.4
5274,Apr,Abu Dhabi,Cloud Storage,11,336.01,187.04,3696.06,1638.63,44.3
5275,Mar,Abu Dhabi,Analytics Suite,25,348.7,148.91,8717.38,4994.61,57.3
5276,Oct,Ajman,Security Package,10,1717.22,1034.63,17172.23,6825.91,39.7
5277,Jun,Sharjah,CRM Platform,29,1934.77,1078.24,56108.33,24839.48,44.3
5278,Jun,Sharjah,CRM Platform,45,586.59,289.6,26396.38,13364.59,50.6
5279,May,Sharjah,Analytics Suite,5,396.88,168.43,1984.38,1142.23,57.6
5280,Feb,Riyadh,Analytics Suite,14,887.68,454.97,12427.57,6057.99,48.7
5281,Nov,Riyadh,Enterprise Software,22,459.89,207.65,10117.63,5549.32,54.8
5282,Dec,Riyadh,Enterprise Software,38,589.5,359.23,22400.92,8750.35,39.1
5283,May,Ajman,Security Package,50,379.49,225.66,18974.53,7691.35,40.5
5284,Feb,Sharjah,CRM Platform,17,887.6,384.9,15089.26,8545.88,56.6
5285,May,Dubai,Enterprise Software,43,1140.01,512.53,49020.41,26981.74,55.0
5286,Jan,Sharjah,Analytics Suite,7,400.33,204.46,2802.28,1371.07,48.9
5287,Jul,Riyadh,Cloud Storage,1,552.07,290.96,552.07,261.11,47.3
5288,Aug,Ajman,Analytics Suite,31,283.18,153.84,8778.51,4009.56,45.7
5289,Jul,Ajman,CRM Platform,7,1948.38,894.91,13638.69,7374.31,54.1
5290,Mar,Ajman,CRM Platform,48,1286.66,515.5,61759.69,37015.92,59.9
5291,Dec,Ajman,CRM Platform,5,1345.72,600.71,6728.58,3725.04,55.4
5292,Mar,Dubai,CRM Platform,3,707.49,375.6,2122.47,995.68,46.9
5293,Sep,Riyadh,CRM Platform,4,1382.19,588.46,5528.75,3174.91,57.4
5294,Apr,Ajman,Security Package,3,607.14,368.4,1821.42,716.22,39.3
5295,May,Abu Dhabi,CRM Platform,42,791.31,395.78,33235.09,16612.51,50.0
5296,Aug,Riyadh,CRM Platform,20,396.54,219.37,7930.78,3543.32,44.7
5297,Jun,Ajman,Enterprise Software,46,1831.17,1077.06,84233.97,34688.99,41.2
5298,Jul,Riyadh,Enterprise Software,17,1632.95,885.52,27760.19,12706.34,45.8
5299,Nov,Riyadh,CRM Platform,1,613.04,265.25,613.04,347.8,56.7
5300,Aug,Dubai,Security Package,44,295.54,159.03,13003.96,6006.82,46.2
5301,Oct,Sharjah,Security Package,7,538.09,348.88,3766.64,1324.47,35.2
5302,Jul,Abu Dhabi,Security Package,30,1918.07,988.94,57542.17,27873.84,48.4
5303,Jun,Abu Dhabi,Enterprise Software,16,320.57,148.18,5129.16,2758.25,53.8
5304,Jun,Ajman,Cloud Storage,11,922.75,369.9,10150.28,6081.42,59.9
5305,Jul,Abu Dhabi,Enterprise Software,37,1522.95,897.29,56349.04,23149.15,41.1
5306,Aug,Riyadh,Security Package,24,1626.8,859.93,39043.23,18404.99,47.1
5307,Apr,Abu Dhabi,Security Package,13,1590.86,782.73,20681.24,10505.77,50.8
5308,May,Abu Dhabi,Security Package,13,1428.4,793.32,18569.17,8256.05,44.5
5309,Jul,Dubai,Enterprise Software,24,1007.54,626.03,24181.01,9156.2,37.9
5310,Aug,Sharjah,Enterprise Software,20,808.53,374.7,16170.59,8676.65,53.7
5311,Dec,Riyadh,Cloud Storage,46,821.29,333.85,37779.34,22422.06,59.4
5312,May,Abu Dhabi,Enterprise Software,4,1833.22,1083.97,7332.89,2997.03,40.9
5313,Apr,Abu Dhabi,Security Package,13,356.2,171.91,4630.66,2395.88,51.7
5314,Dec,Riyadh,Security Package,31,1219.27,491.35,37797.38,22565.66,59.7
5315,Oct,Abu Dhabi,Analytics Suite,30,379.94,240.21,11398.18,4191.83,36.8
5316,Dec,Dubai,CRM Platform,2,546.04,265.57,1092.08,560.95,51.4
5317,Jan,Riyadh,CRM Platform,37,746.24,322.67,27610.75,15672.07,56.8
5318,Jun,Ajman,Enterprise Software,6,1933.72,895.97,11602.3,6226.46,53.7
5319,Oct,Abu Dhabi,Security Package,21,575.9,294.89,12093.92,5901.17,48.8
5320,Feb,Riyadh,Analytics Suite,49,1203.23,711.1,58958.49,24114.55,40.9
5321,Aug,Ajman,CRM Platform,43,984.05,408.54,42314.14,24746.99,58.5
5322,Apr,Ajman,Analytics Suite,20,784.28,500.79,15685.51,5669.65,36.1
5323,Nov,Riyadh,CRM Platform,41,1402.93,642.96,57520.28,31159.05,54.2
5324,Apr,Dubai,CRM Platform,3,609.76,270.89,1829.29,1016.61,55.6
5325,Dec,Riyadh,CRM Platform,47,1505.53,727.67,70759.91,36559.33,51.7
5326,Jun,Ajman,Analytics Suite,8,1603.07,762.34,12824.54,6725.84,52.4
5327,Jan,Sharjah,Security Package,38,746.25,461.41,28357.39,10823.69,38.2
5328,Feb,Ajman,Cloud Storage,35,366.91,178.36,12841.97,6599.36,51.4
5329,May,Dubai,Analytics Suite,11,1070.57,550.01,11776.25,5726.16,48.6
5330,Oct,Riyadh,Analytics Suite,46,1801.59,1082.19,82873.07,33092.33,39.9
5331,Feb,Ajman,Enterprise Software,7,292.2,186.53,2045.43,739.75,36.2
5332,Jul,Riyadh,CRM Platform,20,1786.0,876.06,35720.06,18198.86,50.9
5333,Jun,Sharjah,CRM Platform,30,469.74,254.28,14092.33,6463.89,45.9
5334,Mar,Ajman,Cloud Storage,25,1429.62,646.94,35740.56,19567.17,54.7
5335,May,Riyadh,Analytics Suite,44,244.51,110.23,10758.55,5908.55,54.9
5336,Sep,Dubai,Security Package,17,1921.95,951.47,32673.13,16498.09,50.5
5337,Jan,Sharjah,CRM Platform,28,882.12,482.99,24699.39,11175.65,45.2
5338,Nov,Riyadh,Cloud Storage,46,1753.22,730.95,80648.33,47024.44,58.3
5339,Jul,Riyadh,Cloud Storage,36,1057.44,588.15,38067.99,16894.61,44.4
5340,Aug,Ajman,CRM Platform,29,1273.06,658.29,36918.68,17828.15,48.3
5341,Oct,Abu Dhabi,Security Package,27,459.77,209.52,12413.71,6756.72,54.4
5342,Mar,Ajman,Security Package,48,1654.21,1043.31,79402.31,29323.31,36.9
5343,Jan,Dubai,Enterprise Software,29,1566.72,1013.81,45434.91,16034.48,35.3
5344,Sep,Dubai,Cloud Storage,39,955.0,426.75,37244.9,20601.72,55.3
5345,Sep,Dubai,CRM Platform,42,1849.32,872.61,77671.27,41021.7,52.8
5346,Apr,Abu Dhabi,Cloud Storage,44,1894.95,872.56,83377.95,44985.4,54.0
5347,Oct,Abu Dhabi,Cloud Storage,38,1872.33,867.0,71148.65,38202.71,53.7
5348,Jul,Ajman,Enterprise Software,46,1801.27,1096.31,82858.63,32428.41,39.1
5349,May,Ajman,Security Package,46,607.82,382.49,27959.65,10365.13,37.1
5350,Jun,Ajman,Security Package,42,434.93,211.05,18266.91,9402.79,51.5
5351,Jun,Riyadh,CRM Platform,50,453.03,215.82,22651.73,11860.9,52.4
5352,Jun,Abu Dhabi,Security Package,16,1068.31,650.24,17092.95,6689.14,39.1
5353,May,Dubai,CRM Platform,17,1155.91,701.65,19650.51,7722.51,39.3
5354,Sep,Sharjah,Analytics Suite,31,1603.77,778.09,49716.88,25596.2,51.5
5355,Oct,Dubai,Enterprise Software,41,1556.2,933.55,63804.13,25528.72,40.0
5356,Mar,Dubai,Analytics Suite,24,830.11,396.59,19922.73,10404.56,52.2
5357,Jan,Abu Dhabi,Security Package,21,645.65,329.94,13558.57,6629.92,48.9
5358,Jun,Sharjah,Cloud Storage,22,1641.29,853.33,36108.29,17334.95,48.0
5359,Sep,Ajman,Security Package,41,1929.05,1034.14,79091.19,36691.27,46.4
5360,Jan,Dubai,Cloud Storage,15,1499.79,956.48,22496.88,8149.75,36.2
5361,Apr,Abu Dhabi,Enterprise Software,5,1850.7,756.09,9253.48,5473.01,59.1
5362,Dec,Dubai,Security Package,21,1208.33,774.68,25374.9,9106.68,35.9
5363,Oct,Abu Dhabi,Security Package,43,437.09,263.47,18795.01,7465.8,39.7
5364,Aug,Riyadh,Security Package,11,1855.43,983.1,20409.77,9595.68,47.0
5365,May,Abu Dhabi,Enterprise Software,11,1650.02,894.06,18150.2,8315.59,45.8
5366,Oct,Ajman,Cloud Storage,8,1053.0,596.67,8424.01,3650.68,43.3
5367,May,Ajman,Analytics Suite,8,968.8,444.3,7750.39,4195.95,54.1
5368,Sep,Abu Dhabi,Security Package,33,211.93,85.01,6993.78,4188.42,59.9
5369,Dec,Sharjah,Enterprise Software,3,521.84,272.35,1565.51,748.44,47.8
5370,Mar,Sharjah,Enterprise Software,2,464.85,204.44,929.7,520.82,56.0
5371,Dec,Dubai,Enterprise Software,32,849.53,417.67,27185.09,13819.72,50.8
5372,Jul,Sharjah,Enterprise Software,18,1153.69,640.16,20766.4,9243.57,44.5
5373,May,Dubai,Enterprise Software,26,947.09,585.88,24624.45,9391.48,38.1
5374,Feb,Sharjah,Enterprise Software,23,508.01,289.69,11684.26,5021.47,43.0
5375,May,Riyadh,CRM Platform,18,507.46,209.43,9134.25,5364.54,58.7
5376,Aug,Ajman,Enterprise Software,35,1835.39,890.92,64238.5,33056.26,51.5
5377,Apr,Riyadh,Cloud Storage,1,1231.16,607.1,1231.16,624.05,50.7
5378,Apr,Ajman,Cloud Storage,45,1199.7,599.22,53986.65,27021.72,50.1
5379,Jan,Dubai,CRM Platform,6,1755.97,849.7,10535.83,5437.61,51.6
5380,Apr,Riyadh,Cloud Storage,9,922.4,386.37,8301.64,4824.34,58.1
5381,Sep,Riyadh,Analytics Suite,46,379.5,211.98,17457.07,7706.13,44.1
5382,Jun,Dubai,Enterprise Software,3,1500.26,812.2,4500.78,2064.17,45.9
5383,Aug,Ajman,Security Package,43,438.02,242.82,18834.95,8393.68,44.6
5384,Oct,Sharjah,Enterprise Software,9,283.2,173.34,2548.77,988.68,38.8
5385,Dec,Abu Dhabi,Security Package,47,835.1,383.78,39249.56,21211.69,54.0
5386,Aug,Abu Dhabi,Security Package,1,1696.41,922.57,1696.41,773.84,45.6
5387,Oct,Abu Dhabi,CRM Platform,22,1109.94,608.63,24418.63,11028.73,45.2
5388,Sep,Dubai,Analytics Suite,41,1835.4,1153.77,75251.31,27946.72,37.1
5389,Jul,Dubai,Enterprise Software,14,1643.73,922.92,23012.22,10091.29,43.9
5390,Oct,Dubai,Analytics Suite,11,1952.47,1222.27,21477.19,8032.27,37.4
5391,Aug,Ajman,Analytics Suite,20,1452.78,621.32,29055.68,16629.3,57.2
5392,May,Sharjah,Cloud Storage,36,1659.26,1006.65,59733.53,23494.31,39.3
5393,Mar,Riyadh,CRM Platform,25,434.51,239.12,10862.87,4884.79,45.0
5394,Apr,Riyadh,Security Package,45,326.16,154.96,14677.28,7704.18,52.5
5395,Dec,Riyadh,CRM Platform,29,624.14,393.83,18100.12,6678.92,36.9
5396,Aug,Ajman,CRM Platform,11,1787.36,830.18,19661.0,10529.04,53.6
5397,Apr,Abu Dhabi,Analytics Suite,41,1790.02,1100.83,73390.62,28256.71,38.5
5398,Sep,Riyadh,CRM Platform,32,496.62,319.64,15891.96,5663.55,35.6
5399,Aug,Ajman,Analytics Suite,8,807.61,405.03,6460.84,3220.57,49.8
5400,Sep,Sharjah,Cloud Storage,44,1365.66,831.32,60089.08,23511.09,39.1
5401,Jan,Riyadh,Security Package,49,1650.95,771.9,80896.32,43073.03,53.2
5402,Nov,Riyadh,Enterprise Software,19,425.65,220.37,8087.35,3900.33,48.2
5403,Nov,Ajman,Enterprise Software,2,1497.79,811.66,2995.58,1372.26,45.8
5404,Feb,Dubai,Security Package,27,1458.2,759.33,39371.48,18869.48,47.9
5405,Mar,Ajman,CRM Platform,19,1782.17,893.54,33861.15,16883.87,49.9
5406,Jun,Abu Dhabi,Cloud Storage,17,1269.02,800.38,21573.32,7966.8,36.9
5407,Oct,Abu Dhabi,CRM Platform,15,295.49,174.38,4432.39,1816.75,41.0
5408,Feb,Sharjah,Enterprise Software,44,797.76,412.19,35101.35,16964.82,48.3
5409,Aug,Dubai,Enterprise Software,12,1675.27,835.96,20103.19,10071.69,50.1
5410,Aug,Dubai,Analytics Suite,22,957.99,615.43,21075.73,7536.37,35.8
5411,Nov,Dubai,Enterprise Software,5,1139.07,491.47,5695.33,3237.98,56.9
5412,Apr,Riyadh,Cloud Storage,22,1299.47,839.8,28588.45,10112.79,35.4
5413,May,Sharjah,CRM Platform,11,484.25,258.91,5326.71,2478.65,46.5
5414,Oct,Abu Dhabi,Analytics Suite,27,1431.91,899.09,38661.45,14385.98,37.2
5415,Feb,Ajman,CRM Platform,23,648.55,355.91,14916.73,6730.69,45.1
5416,Jul,Abu Dhabi,Cloud Storage,50,1843.0,1078.96,92149.82,38201.77,41.5
5417,Jul,Ajman,Cloud Storage,21,219.08,127.05,4600.6,1932.59,42.0
5418,Oct,Abu Dhabi,Security Package,2,1234.37,710.74,2468.74,1047.26,42.4
5419,May,Dubai,CRM Platform,30,931.84,574.17,27955.28,10730.18,38.4
5420,Mar,Sharjah,Analytics Suite,29,1105.83,511.29,32069.03,17241.76,53.8
5421,May,Sharjah,Analytics Suite,43,1889.01,1092.98,81227.55,34229.32,42.1
5422,Nov,Sharjah,Cloud Storage,16,424.89,235.74,6798.3,3026.53,44.5
5423,Dec,Riyadh,Cloud Storage,46,1549.87,904.62,71293.79,29681.26,41.6
5424,May,Ajman,Analytics Suite,37,604.34,271.42,22360.61,12318.17,55.1
5425,Jul,Abu Dhabi,Security Package,38,234.6,112.58,8914.97,4636.98,52.0
5426,Mar,Abu Dhabi,Security Package,45,824.17,435.45,37087.53,17492.48,47.2
5427,Jun,Riyadh,Cloud Storage,30,556.63,337.77,16698.91,6565.86,39.3
5428,Apr,Riyadh,Enterprise Software,16,235.45,122.52,3767.18,1806.93,48.0
5429,Apr,Sharjah,Analytics Suite,41,1816.66,1035.14,74483.19,32042.4,43.0
5430,Apr,Dubai,Cloud Storage,28,758.41,463.6,21235.4,8254.55,38.9
5431,Aug,Abu Dhabi,Analytics Suite,17,238.95,129.63,4062.15,1858.37,45.7
5432,Dec,Sharjah,Cloud Storage,30,483.11,222.44,14493.26,7820.1,54.0
5433,Jun,Sharjah,Enterprise Software,5,919.57,396.68,4597.85,2614.44,56.9
5434,Feb,Abu Dhabi,Analytics Suite,2,1077.45,455.16,2154.91,1244.58,57.8
5435,Sep,Sharjah,Analytics Suite,32,297.45,162.69,9518.41,4312.41,45.3
5436,May,Sharjah,Enterprise Software,10,474.16,266.44,4741.63,2077.27,43.8
5437,Jul,Sharjah,Analytics Suite,20,328.17,179.98,6563.43,2963.83,45.2
5438,Jun,Abu Dhabi,Analytics Suite,6,436.87,200.15,2621.24,1420.34,54.2
5439,Sep,Dubai,CRM Platform,5,1255.49,767.25,6277.44,2441.17,38.9
5440,Jun,Sharjah,Enterprise Software,46,1537.26,895.16,70713.99,29536.77,41.8
5441,May,Sharjah,Security Package,49,1953.39,1082.41,95716.19,42678.17,44.6
5442,Jun,Ajman,Enterprise Software,45,1094.98,645.07,49274.2,20246.15,41.1
5443,Feb,Sharjah,CRM Platform,26,978.04,447.6,25428.96,13791.31,54.2
5444,May,Riyadh,Cloud Storage,27,642.86,392.13,17357.12,6769.73,39.0
5445,Dec,Ajman,Enterprise Software,27,441.43,270.6,11918.61,4612.28,38.7
5446,Dec,Riyadh,Analytics Suite,28,627.4,271.58,17567.31,9963.2,56.7
5447,Jul,Dubai,CRM Platform,5,762.79,360.26,3813.95,2012.66,52.8
5448,Oct,Dubai,Analytics Suite,36,1387.15,728.59,49937.57,23708.18,47.5
5449,Oct,Sharjah,CRM Platform,29,1029.04,431.52,29842.23,17328.29,58.1
5450,Dec,Abu Dhabi,Cloud Storage,28,243.16,154.0,6808.53,2496.56,36.7
5451,Jan,Dubai,Security Package,7,279.44,175.8,1956.05,725.47,37.1
5452,Jan,Ajman,Enterprise Software,47,589.79,257.86,27720.05,15600.85,56.3
5453,Sep,Riyadh,Security Package,36,376.69,206.61,13560.98,6123.13,45.2
5454,Jul,Dubai,Analytics Suite,43,406.24,257.79,17468.51,6383.56,36.5
5455,Feb,Riyadh,Security Package,27,1940.39,1005.67,52390.63,25237.45,48.2
5456,Feb,Riyadh,Analytics Suite,34,1671.14,816.03,56818.77,29073.87,51.2
5457,Jan,Ajman,Security Package,23,1329.88,751.66,30587.21,13299.03,43.5
5458,Jul,Ajman,Analytics Suite,49,1202.25,708.92,58910.14,24172.84,41.0
5459,Mar,Ajman,CRM Platform,34,261.69,136.03,8897.62,4272.71,48.0
5460,Mar,Abu Dhabi,CRM Platform,1,1503.2,970.89,1503.2,532.32,35.4
5461,Aug,Dubai,Analytics Suite,10,1338.09,688.48,13380.93,6496.1,48.5
5462,May,Sharjah,CRM Platform,2,1039.0,473.6,2078.0,1130.81,54.4
5463,Apr,Dubai,Security Package,4,1583.56,872.41,6334.25,2844.62,44.9
5464,Oct,Riyadh,Security Package,41,1979.56,975.54,81162.05,41164.82,50.7
5465,May,Sharjah,Analytics Suite,39,1187.52,597.22,46313.45,23021.77,49.7
5466,Jul,Dubai,Analytics Suite,31,674.18,275.63,20899.7,12355.28,59.1
5467,Sep,Ajman,CRM Platform,33,1501.79,769.46,49559.13,24167.01,48.8
5468,Jun,Dubai,Security Package,49,1084.56,461.2,53143.55,30544.57,57.5
5469,Jun,Ajman,Analytics Suite,28,281.78,159.83,7889.86,3414.66,43.3
5470,Apr,Sharjah,CRM Platform,20,648.1,380.84,12961.98,5345.21,41.2
5471,Nov,Riyadh,Enterprise Software,42,990.01,541.68,41580.5,18830.03,45.3
5472,Dec,Abu Dhabi,Enterprise Software,3,442.46,235.53,1327.39,620.8,46.8
5473,Jun,Sharjah,CRM Platform,49,1623.81,747.05,79566.83,42961.59,54.0
5474,Aug,Ajman,CRM Platform,16,233.17,104.93,3730.74,2051.85,55.0
5475,Dec,Ajman,CRM Platform,36,1065.86,584.06,38370.83,17344.55,45.2
5476,Feb,Abu Dhabi,CRM Platform,24,709.71,369.13,17033.0,8173.77,48.0
5477,Feb,Abu Dhabi,Enterprise Software,10,672.72,278.77,6727.18,3939.48,58.6
5478,Jun,Sharjah,Analytics Suite,21,242.8,100.63,5098.7,2985.54,58.6
5479,Oct,Sharjah,Analytics Suite,3,1113.11,652.38,3339.32,1382.16,41.4
5480,Oct,Dubai,Security Package,36,1717.28,930.78,61821.93,28314.0,45.8
5481,Nov,Ajman,CRM Platform,30,626.42,330.44,18792.68,8879.53,47.2
5482,Jul,Abu Dhabi,Analytics Suite,7,905.11,365.03,6335.77,3780.57,59.7
5483,Sep,Sharjah,Cloud Storage,15,1590.4,659.79,23856.07,13959.15,58.5
5484,Feb,Dubai,Security Package,19,602.12,264.54,11440.34,6414.06,56.1
5485,Apr,Sharjah,Security Package,2,1085.09,698.16,2170.19,773.86,35.7
5486,Aug,Sharjah,Enterprise Software,37,1219.51,684.09,45121.81,19810.53,43.9
5487,Jul,Sharjah,Analytics Suite,49,897.47,473.86,43976.26,20756.96,47.2
5488,Jun,Ajman,Cloud Storage,7,1139.36,683.18,7975.55,3193.32,40.0
5489,Jun,Abu Dhabi,Cloud Storage,10,1014.21,488.68,10142.15,5255.39,51.8
5490,Jan,Ajman,Enterprise Software,11,429.31,175.73,4722.42,2789.35,59.1
5491,Jan,Abu Dhabi,Analytics Suite,24,888.03,459.14,21312.84,10293.58,48.3
5492,Jun,Dubai,Cloud Storage,6,1386.73,734.5,8320.39,3913.38,47.0
5493,Feb,Dubai,Analytics Suite,34,1731.51,764.46,58871.45,32879.68,55.8
5494,Jun,Riyadh,Enterprise Software,5,943.07,478.93,4715.36,2320.72,49.2
5495,Mar,Riyadh,Enterprise Software,14,1242.41,648.47,17393.69,8315.07,47.8
5496,May,Riyadh,Analytics Suite,32,1342.79,548.41,42969.41,25420.22,59.2
5497,Apr,Riyadh,CRM Platform,27,349.22,151.96,9428.82,5326.02,56.5
5498,Jun,Ajman,Security Package,36,1658.56,1018.16,59708.32,23054.74,38.6
5499,May,Sharjah,Analytics Suite,10,226.66,99.74,2266.64,1269.28,56.0
5500,Mar,Sharjah,Security Package,17,1166.04,710.24,19822.75,7748.75,39.1
5501,Apr,Abu Dhabi,Enterprise Software,30,622.47,260.94,18674.1,10845.87,58.1
5502,Apr,Sharjah,Enterprise Software,5,1707.68,1055.13,8538.38,3262.76,38.2
5503,Dec,Riyadh,Enterprise Software,10,884.47,437.95,8844.66,4465.12,50.5
5504,May,Riyadh,Enterprise Software,8,1287.71,595.09,10301.67,5540.92,53.8
5505,Jan,Riyadh,CRM Platform,25,353.49,164.7,8837.14,4719.71,53.4
5506,Oct,Dubai,Security Package,48,423.45,180.17,20325.73,11677.46,57.5
5507,Mar,Riyadh,Security Package,47,767.59,488.96,36076.78,13095.75,36.3
5508,May,Riyadh,Cloud Storage,47,1075.16,580.64,50532.69,23242.52,46.0
5509,Feb,Abu Dhabi,Analytics Suite,3,596.8,250.43,1790.4,1039.11,58.0
5510,Feb,Dubai,Cloud Storage,34,386.56,245.84,13143.05,4784.5,36.4
5511,May,Riyadh,Enterprise Software,1,1907.8,926.14,1907.8,981.66,51.5
5512,Mar,Dubai,Cloud Storage,21,1345.13,687.67,28247.64,13806.5,48.9
5513,May,Riyadh,Enterprise Software,20,1010.78,531.25,20215.69,9590.69,47.4
5514,Oct,Ajman,Enterprise Software,48,694.8,286.22,33350.54,19612.06,58.8
5515,Feb,Ajman,CRM Platform,19,1389.05,730.41,26391.91,12514.2,47.4
5516,Feb,Riyadh,Cloud Storage,2,556.28,259.04,1112.56,594.47,53.4
5517,May,Sharjah,CRM Platform,21,1052.84,670.23,22109.69,8034.85,36.3
5518,Jun,Abu Dhabi,CRM Platform,43,1958.09,1076.78,84197.87,37896.55,45.0
5519,Dec,Dubai,CRM Platform,18,249.18,113.05,4485.21,2450.28,54.6
5520,May,Ajman,Analytics Suite,40,1329.3,735.58,53171.91,23748.74,44.7
5521,Jan,Riyadh,CRM Platform,39,1896.62,875.73,73968.29,39814.68,53.8
5522,Jul,Dubai,Cloud Storage,48,1945.41,1077.21,93379.53,41673.64,44.6
5523,Nov,Dubai,Cloud Storage,26,1934.25,807.94,50290.48,29284.04,58.2
5524,Apr,Ajman,Enterprise Software,11,967.93,582.95,10647.22,4234.76,39.8
5525,Feb,Sharjah,Cloud Storage,45,1362.63,560.54,61318.21,36093.84,58.9
5526,Apr,Ajman,CRM Platform,6,1433.8,586.5,8602.81,5083.82,59.1
5527,Oct,Dubai,Security Package,26,1359.21,644.04,35339.53,18594.58,52.6
5528,Jun,Dubai,Cloud Storage,15,913.1,453.92,13696.45,6887.61,50.3
5529,Jan,Sharjah,Enterprise Software,18,993.46,633.48,17882.32,6479.73,36.2
5530,Oct,Ajman,CRM Platform,20,1778.27,879.61,35565.3,17973.18,50.5
5531,Oct,Riyadh,Security Package,18,1115.78,590.46,20084.0,9455.73,47.1
5532,Nov,Ajman,Enterprise Software,16,929.52,396.56,14872.28,8527.31,57.3
5533,Aug,Dubai,CRM Platform,1,1556.29,795.46,1556.29,760.82,48.9
5534,Jun,Abu Dhabi,CRM Platform,37,1833.42,1006.32,67836.38,30602.38,45.1
5535,Aug,Abu Dhabi,Enterprise Software,34,385.87,244.22,13119.72,4816.32,36.7
5536,Feb,Dubai,CRM Platform,37,1466.27,741.61,54252.05,26812.39,49.4
5537,May,Dubai,Enterprise Software,40,242.53,152.91,9701.08,3584.76,37.0
5538,May,Sharjah,Analytics Suite,6,1900.66,1145.22,11403.98,4532.64,39.7
5539,Jul,Sharjah,Security Package,29,702.77,321.93,20380.3,11044.28,54.2
5540,Nov,Riyadh,Analytics Suite,37,1514.74,978.87,56045.39,19827.08,35.4
5541,Mar,Sharjah,Analytics Suite,15,1221.58,521.89,18323.77,10495.4,57.3
5542,Dec,Dubai,Cloud Storage,15,848.35,531.67,12725.21,4750.09,37.3
5543,Oct,Dubai,Analytics Suite,45,1634.54,892.3,73554.35,33400.9,45.4
5544,Jun,Ajman,CRM Platform,14,1494.81,866.11,20927.39,8801.89,42.1
5545,Nov,Riyadh,CRM Platform,30,623.64,404.5,18709.33,6574.23,35.1
5546,May,Abu Dhabi,Security Package,49,969.63,609.18,47511.84,17662.07,37.2
5547,Aug,Sharjah,Security Package,46,1500.99,949.04,69045.72,25389.93,36.8
5548,Jun,Abu Dhabi,Security Package,34,877.01,423.06,29818.29,15434.17,51.8
5549,Mar,Abu Dhabi,Security Package,31,1385.94,688.82,42964.0,21610.67,50.3
5550,May,Ajman,Enterprise Software,45,340.83,215.18,15337.51,5654.22,36.9
5551,Oct,Abu Dhabi,Analytics Suite,13,1623.86,1012.7,21110.12,7945.08,37.6
5552,Jul,Ajman,Security Package,29,1887.01,957.85,54723.18,26945.4,49.2
5553,Sep,Sharjah,Analytics Suite,42,382.28,236.32,16055.87,6130.48,38.2
5554,Oct,Sharjah,CRM Platform,9,413.2,239.35,3718.77,1564.58,42.1
5555,Jun,Ajman,Cloud Storage,2,907.76,547.26,1815.53,721.01,39.7
5556,Apr,Riyadh,Security Package,24,1550.21,772.45,37204.98,18666.25,50.2
5557,Oct,Ajman,Cloud Storage,35,1449.13,741.9,50719.58,24752.93,48.8
5558,Nov,Dubai,Analytics Suite,41,1362.6,667.88,55866.55,28483.29,51.0
5559,Oct,Dubai,Cloud Storage,46,627.21,354.59,28851.51,12540.22,43.5
5560,Dec,Ajman,Enterprise Software,35,1974.02,985.79,69090.57,34587.9,50.1
5561,Jun,Riyadh,Cloud Storage,21,427.06,259.84,8968.21,3511.61,39.2
5562,Jan,Dubai,Analytics Suite,40,1863.05,926.6,74521.99,37457.92,50.3
5563,Jan,Dubai,Enterprise Software,43,344.37,220.26,14807.82,5336.66,36.0
5564,Feb,Dubai,Enterprise Software,21,963.44,485.4,20232.2,10038.82,49.6
5565,Apr,Riyadh,CRM Platform,36,664.26,307.62,23913.41,12839.24,53.7
5566,Feb,Riyadh,Security Package,9,1905.61,1169.76,17150.45,6622.58,38.6
5567,Nov,Dubai,Enterprise Software,48,1200.87,522.36,57641.96,32568.69,56.5
5568,May,Abu Dhabi,Security Package,43,1948.72,1184.93,83795.15,32843.34,39.2
5569,Nov,Riyadh,Enterprise Software,44,1910.2,1200.18,84048.85,31240.84,37.2
5570,Aug,Riyadh,CRM Platform,9,553.96,350.68,4985.6,1829.51,36.7
5571,May,Dubai,Enterprise Software,43,672.32,289.92,28909.71,16443.35,56.9
5572,Nov,Ajman,Cloud Storage,27,1740.94,1104.93,47005.4,17172.38,36.5
5573,Feb,Sharjah,CRM Platform,39,449.31,290.68,17522.9,6186.35,35.3
5574,Mar,Riyadh,Security Package,9,237.78,107.79,2140.06,1169.9,54.7
5575,Dec,Dubai,Security Package,26,1679.51,722.84,43667.14,24873.19,57.0
5576,Nov,Ajman,Enterprise Software,41,1329.28,770.25,54500.53,22920.42,42.1
5577,Apr,Dubai,Cloud Storage,27,671.24,288.02,18123.4,10346.79,57.1
5578,Apr,Ajman,Security Package,28,1112.14,532.95,31139.84,16217.13,52.1
5579,Feb,Riyadh,Security Package,27,1725.71,877.76,46594.17,22894.68,49.1
5580,Mar,Dubai,Cloud Storage,15,1606.79,910.42,24101.91,10445.62,43.3
5581,Nov,Riyadh,Cloud Storage,12,1959.52,852.35,23514.23,13286.06,56.5
5582,Nov,Riyadh,Cloud Storage,26,1649.08,1035.42,42876.02,15955.14,37.2
5583,Oct,Abu Dhabi,CRM Platform,16,1029.97,478.95,16479.55,8816.41,53.5
5584,Jun,Riyadh,Security Package,11,1885.31,901.66,20738.39,10820.15,52.2
5585,May,Riyadh,CRM Platform,17,742.31,393.47,12619.31,5930.33,47.0
5586,Dec,Abu Dhabi,CRM Platform,47,1175.83,619.46,55264.08,26149.64,47.3
5587,May,Dubai,Enterprise Software,15,597.42,302.6,8961.23,4422.18,49.3
5588,Dec,Dubai,Security Package,34,244.14,131.95,8300.73,3814.34,46.0
5589,Jun,Ajman,Enterprise Software,21,1464.46,803.2,30753.76,13886.61,45.2
5590,Dec,Dubai,CRM Platform,11,1604.0,854.39,17643.98,8245.71,46.7
5591,Mar,Riyadh,Enterprise Software,23,1238.83,708.64,28493.07,12194.35,42.8
5592,Jul,Dubai,Analytics Suite,16,1042.33,447.22,16677.31,9521.78,57.1
5593,Jul,Abu Dhabi,CRM Platform,47,240.48,104.95,11302.43,6369.61,56.4
5594,May,Sharjah,Security Package,5,1163.34,467.29,5816.69,3480.25,59.8
5595,Jun,Riyadh,Analytics Suite,43,1314.61,712.45,56528.28,25893.15,45.8
5596,Apr,Ajman,CRM Platform,47,1019.67,641.62,47924.55,17768.62,37.1
5597,Oct,Riyadh,Cloud Storage,23,1958.14,1200.69,45037.28,17421.38,38.7
5598,Feb,Sharjah,Analytics Suite,37,1931.01,1166.39,71447.25,28290.9,39.6
5599,May,Sharjah,CRM Platform,44,353.61,147.14,15558.8,9084.82,58.4
5600,Aug,Abu Dhabi,CRM Platform,1,593.15,315.51,593.15,277.64,46.8
5601,Jul,Abu Dhabi,Analytics Suite,42,1033.43,524.75,43404.04,21364.68,49.2
5602,Jun,Dubai,Cloud Storage,36,724.99,444.09,26099.8,10112.62,38.7
5603,Jan,Abu Dhabi,Cloud Storage,1,1177.47,577.4,1177.47,600.07,51.0
5604,Dec,Abu Dhabi,Enterprise Software,33,1458.97,794.42,48145.87,21930.0,45.5
5605,Nov,Abu Dhabi,Analytics Suite,36,450.77,232.86,16227.64,7844.69,48.3
5606,Jan,Abu Dhabi,Enterprise Software,31,1429.31,758.14,44308.72,20806.24,47.0
5607,Mar,Abu Dhabi,Enterprise Software,41,994.48,575.87,40773.6,17162.94,42.1
5608,Sep,Sharjah,Analytics Suite,23,468.82,187.84,10782.92,6462.56,59.9
5609,Feb,Abu Dhabi,Enterprise Software,40,1008.54,409.09,40341.62,23977.99,59.4
5610,Sep,Sharjah,Cloud Storage,31,656.09,372.89,20338.84,8779.17,43.2
5611,Aug,Ajman,Cloud Storage,40,1456.74,860.21,58269.47,23860.87,40.9
5612,Jun,Abu Dhabi,CRM Platform,5,482.62,281.29,2413.09,1006.64,41.7
5613,Jun,Sharjah,Analytics Suite,6,1431.98,579.77,8591.86,5113.26,59.5
5614,Jan,Sharjah,Enterprise Software,33,406.68,193.54,13420.51,7033.78,52.4
5615,Dec,Riyadh,Analytics Suite,9,431.88,267.45,3886.91,1479.83,38.1
5616,Jan,Abu Dhabi,Enterprise Software,14,953.01,618.51,13342.21,4683.01,35.1
5617,Apr,Abu Dhabi,Cloud Storage,21,268.92,157.71,5647.22,2335.38,41.4
5618,Jan,Riyadh,Cloud Storage,46,1827.95,1037.21,84085.53,36374.02,43.3
5619,Apr,Abu Dhabi,Analytics Suite,30,795.61,358.96,23868.28,13099.44,54.9
5620,Oct,Dubai,CRM Platform,10,1728.96,933.75,17289.57,7952.1,46.0
5621,Jul,Riyadh,Enterprise Software,46,913.51,393.72,42021.53,23910.59,56.9
5622,Jul,Ajman,Security Package,36,1048.24,596.47,37736.7,16263.94,43.1
5623,Apr,Dubai,Cloud Storage,1,657.63,308.83,657.63,348.8,53.0
5624,Jan,Sharjah,Enterprise Software,25,379.26,188.77,9481.56,4762.2,50.2
5625,Jan,Riyadh,CRM Platform,2,1434.39,676.82,2868.79,1515.15,52.8
5626,Jan,Sharjah,Security Package,7,792.56,446.98,5547.89,2419.04,43.6
5627,May,Ajman,CRM Platform,10,1244.19,626.1,12441.92,6180.92,49.7
5628,Jan,Abu Dhabi,Security Package,38,433.27,183.69,16464.22,9483.84,57.6
5629,Jun,Sharjah,Enterprise Software,2,1377.55,883.12,2755.11,988.86,35.9
5630,Oct,Ajman,Security Package,46,948.26,552.56,43620.15,18202.6,41.7
5631,Jun,Abu Dhabi,Enterprise Software,11,1475.03,727.36,16225.3,8224.29,50.7
5632,Mar,Abu Dhabi,Cloud Storage,43,1627.73,875.99,69992.39,32324.68,46.2
5633,Sep,Dubai,Analytics Suite,36,547.59,281.47,19713.3,9580.52,48.6
5634,Apr,Ajman,Analytics Suite,23,1858.22,1087.14,42739.08,17734.9,41.5
5635,Jul,Sharjah,CRM Platform,12,1889.16,1108.06,22669.86,9373.13,41.3
5636,Jun,Abu Dhabi,Security Package,3,1588.86,670.08,4766.58,2756.34,57.8
5637,Jun,Sharjah,Cloud Storage,21,1111.78,565.73,23347.3,11467.02,49.1
5638,Aug,Abu Dhabi,CRM Platform,46,1177.94,629.7,54185.06,25219.04,46.5
5639,Apr,Ajman,Enterprise Software,6,1969.71,923.97,11818.28,6274.44,53.1
5640,Apr,Riyadh,Enterprise Software,2,658.51,422.08,1317.02,472.86,35.9
5641,Jan,Riyadh,Security Package,46,1566.62,811.07,72064.44,34755.09,48.2
5642,Feb,Riyadh,CRM Platform,20,1688.27,730.7,33765.42,19151.36,56.7
5643,Jun,Riyadh,Cloud Storage,45,791.26,453.42,35606.62,15202.81,42.7
5644,Oct,Sharjah,Analytics Suite,12,281.35,164.34,3376.22,1404.13,41.6
5645,Jul,Sharjah,Security Package,29,778.12,407.72,22565.34,10741.52,47.6
5646,Feb,Riyadh,Enterprise Software,44,539.06,276.16,23718.66,11567.51,48.8
5647,Apr,Riyadh,Security Package,2,1475.55,870.06,2951.11,1210.99,41.0
5648,Mar,Ajman,CRM Platform,29,1773.29,853.46,51425.36,26675.13,51.9
5649,Jul,Dubai,Enterprise Software,1,1189.09,766.64,1189.09,422.45,35.5
5650,Oct,Sharjah,Security Package,30,1840.81,754.26,55224.44,32596.56,59.0
5651,Nov,Dubai,Analytics Suite,11,526.76,312.97,5794.37,2351.66,40.6
5652,Dec,Abu Dhabi,CRM Platform,34,1271.2,627.96,43220.9,21870.2,50.6
5653,Apr,Dubai,Security Package,18,1025.31,584.62,18455.61,7932.41,43.0
5654,Nov,Dubai,Cloud Storage,33,1344.12,836.08,44355.82,16765.14,37.8
5655,Dec,Riyadh,Security Package,15,212.66,137.61,3189.88,1125.72,35.3
5656,Jul,Ajman,Analytics Suite,7,1532.85,899.67,10729.97,4432.28,41.3
5657,Nov,Riyadh,Security Package,31,1239.17,762.18,38414.24,14786.6,38.5
5658,Aug,Riyadh,Cloud Storage,7,1340.12,847.3,9380.86,3449.76,36.8
5659,Apr,Ajman,Enterprise Software,14,1137.57,593.17,15925.94,7621.56,47.9
5660,Nov,Riyadh,Security Package,23,1788.53,780.48,41136.11,23184.99,56.4
5661,Oct,Sharjah,Security Package,33,913.82,514.47,30155.9,13178.42,43.7
5662,Apr,Riyadh,Analytics Suite,37,1041.34,597.91,38529.61,16407.1,42.6
5663,Jan,Dubai,Security Package,42,207.33,95.23,8707.91,4708.34,54.1
5664,Oct,Riyadh,Analytics Suite,38,1964.39,1203.02,74646.91,28932.15,38.8
5665,Jun,Sharjah,Analytics Suite,30,1431.18,802.38,42935.52,18864.04,43.9
5666,May,Sharjah,Analytics Suite,8,1730.0,710.69,13839.99,8154.47,58.9
5667,Mar,Ajman,Security Package,48,966.88,479.96,46410.13,23372.13,50.4
5668,Nov,Sharjah,Analytics Suite,15,735.89,377.5,11038.39,5375.9,48.7
5669,Feb,Sharjah,Security Package,45,903.8,573.16,40670.94,14878.62,36.6
5670,Jun,Sharjah,Cloud Storage,38,1374.07,726.67,52214.54,24600.98,47.1
5671,Jun,Riyadh,Security Package,41,1346.29,828.72,55198.08,21220.65,38.4
5672,Oct,Dubai,CRM Platform,46,1609.07,1032.27,74017.17,26532.81,35.8
5673,Jun,Sharjah,Security Package,29,1113.29,507.37,32285.4,17571.58,54.4
5674,Jul,Ajman,Analytics Suite,43,1975.2,1062.74,84933.6,39235.84,46.2
5675,Sep,Ajman,CRM Platform,20,1992.8,905.77,39855.91,21740.59,54.5
5676,Aug,Sharjah,Enterprise Software,45,578.93,375.74,26051.79,9143.67,35.1
5677,Aug,Dubai,CRM Platform,25,369.05,232.62,9226.37,3410.98,37.0
5678,Nov,Abu Dhabi,Analytics Suite,2,1355.45,543.07,2710.91,1624.77,59.9
5679,Apr,Riyadh,Security Package,25,1250.96,546.86,31274.07,17602.51,56.3
5680,Jun,Abu Dhabi,Security Package,19,224.58,140.6,4266.97,1595.64,37.4
5681,Oct,Ajman,Security Package,39,812.12,518.53,31672.74,11450.21,36.2
5682,Dec,Sharjah,Enterprise Software,12,603.57,356.86,7242.9,2960.57,40.9
5683,Jun,Abu Dhabi,CRM Platform,13,485.52,223.08,6311.76,3411.67,54.1
5684,May,Sharjah,Enterprise Software,40,1010.88,470.69,40435.3,21607.8,53.4
5685,Mar,Dubai,Cloud Storage,9,642.2,334.28,5779.81,2771.31,47.9
5686,Jul,Dubai,Analytics Suite,40,793.53,324.03,31741.22,18779.86,59.2
5687,Jun,Abu Dhabi,Analytics Suite,24,820.42,420.77,19690.02,9591.58,48.7
5688,Jan,Dubai,Cloud Storage,3,939.93,486.48,2819.8,1360.37,48.2
5689,Jul,Dubai,Cloud Storage,20,677.84,429.3,13556.88,4970.81,36.7
5690,May,Sharjah,Security Package,31,1638.55,700.95,50795.1,29065.5,57.2
5691,Sep,Abu Dhabi,Enterprise Software,37,648.71,366.95,24002.15,10424.9,43.4
5692,Aug,Dubai,Cloud Storage,44,1518.35,905.58,66807.59,26961.95,40.4
5693,Jan,Ajman,Analytics Suite,29,1522.9,648.51,44164.02,25357.13,57.4
5694,Mar,Abu Dhabi,Cloud Storage,35,1368.39,771.85,47893.77,20879.11,43.6
5695,Jul,Dubai,Analytics Suite,19,709.91,382.9,13488.29,6213.19,46.1
5696,Nov,Sharjah,Cloud Storage,1,1886.26,929.44,1886.26,956.81,50.7
5697,Oct,Sharjah,Analytics Suite,22,291.9,187.51,6421.78,2296.55,35.8
5698,Jul,Abu Dhabi,Analytics Suite,1,1099.5,573.74,1099.5,525.76,47.8
5699,Nov,Riyadh,Security Package,20,1861.28,845.2,37225.55,20321.54,54.6
5700,Jul,Abu Dhabi,CRM Platform,13,1237.81,680.98,16091.47,7238.72,45.0
5701,Jan,Sharjah,CRM Platform,2,1135.19,651.11,2270.37,968.16,42.6
5702,Oct,Abu Dhabi,CRM Platform,25,1497.57,967.08,37439.27,13262.39,35.4
5703,Oct,Abu Dhabi,CRM Platform,2,530.74,303.27,1061.47,454.93,42.9
5704,Oct,Abu Dhabi,Enterprise Software,29,874.14,423.34,25350.19,13073.36,51.6
5705,Feb,Dubai,CRM Platform,30,1591.87,651.52,47755.98,28210.34,59.1
5706,Dec,Ajman,Enterprise Software,5,1921.13,1094.19,9605.67,4134.72,43.0
5707,Jan,Abu Dhabi,Enterprise Software,14,1251.23,565.8,17517.27,9596.03,54.8
5708,Jan,Sharjah,Security Package,30,985.56,511.41,29566.88,14224.45,48.1
5709,Jul,Abu Dhabi,Enterprise Software,12,1510.61,812.42,18127.3,8378.29,46.2
5710,Nov,Abu Dhabi,Cloud Storage,15,1258.7,703.36,18880.49,8330.1,44.1
5711,Mar,Dubai,Security Package,37,1855.76,1105.66,68663.0,27753.64,40.4
5712,Feb,Riyadh,Cloud Storage,1,1730.18,789.11,1730.18,941.08,54.4
5713,Mar,Ajman,Enterprise Software,12,1855.36,761.68,22264.32,13124.13,58.9
5714,Mar,Dubai,Security Package,10,1119.63,630.46,11196.34,4891.77,43.7
5715,Mar,Ajman,Analytics Suite,30,1602.93,767.62,48087.81,25059.08,52.1
5716,Jun,Riyadh,Security Package,32,1523.61,813.4,48755.48,22726.78,46.6
5717,Sep,Ajman,Cloud Storage,10,311.85,139.83,3118.51,1720.24,55.2
5718,Dec,Abu Dhabi,Security Package,48,1536.5,983.36,73752.21,26551.06,36.0
5719,Oct,Abu Dhabi,CRM Platform,36,295.43,139.67,10635.43,5607.17,52.7
5720,Jun,Ajman,CRM Platform,33,1243.26,540.0,41027.64,23207.75,56.6
5721,Jul,Sharjah,CRM Platform,1,1720.36,867.47,1720.36,852.89,49.6
5722,May,Dubai,CRM Platform,29,480.14,267.39,13923.96,6169.61,44.3
5723,Jun,Sharjah,Cloud Storage,30,591.53,317.97,17746.02,8207.04,46.2
5724,Aug,Sharjah,CRM Platform,36,1831.05,851.84,65917.89,35251.71,53.5
5725,Dec,Ajman,Enterprise Software,45,1290.79,650.74,58085.66,28802.15,49.6
5726,Aug,Ajman,CRM Platform,50,1761.55,1142.37,88077.45,30959.06,35.1
5727,Oct,Dubai,Cloud Storage,33,1100.22,564.9,36307.32,17665.69,48.7
5728,May,Abu Dhabi,Security Package,10,917.99,381.27,9179.94,5367.29,58.5
5729,Sep,Riyadh,Cloud Storage,10,1808.45,1033.99,18084.46,7744.59,42.8
5730,May,Dubai,CRM Platform,8,987.58,395.36,7900.67,4737.82,60.0
5731,Feb,Abu Dhabi,CRM Platform,42,1128.7,571.19,47405.51,23415.42,49.4
5732,Dec,Sharjah,CRM Platform,46,916.07,484.44,42139.01,19854.73,47.1
5733,Dec,Abu Dhabi,Enterprise Software,42,922.55,439.51,38747.3,20287.95,52.4
5734,Jun,Ajman,Security Package,41,315.39,162.91,12930.88,6251.39,48.3
5735,Feb,Riyadh,Cloud Storage,12,1569.75,1019.04,18836.94,6608.43,35.1
5736,Nov,Abu Dhabi,Security Package,24,628.8,310.17,15091.21,7647.17,50.7
5737,Jul,Sharjah,Enterprise Software,2,352.53,194.24,705.07,316.59,44.9
5738,Nov,Riyadh,Security Package,17,1201.1,637.27,20418.63,9585.02,46.9
5739,Aug,Dubai,Enterprise Software,1,1445.85,860.08,1445.85,585.77,40.5
5740,Feb,Ajman,CRM Platform,24,506.99,263.58,12167.76,5841.93,48.0
5741,Aug,Dubai,Enterprise Software,19,304.79,139.14,5790.96,3147.26,54.3
5742,Oct,Ajman,Security Package,24,1517.62,833.59,36422.81,16416.65,45.1
5743,Nov,Ajman,Cloud Storage,19,942.11,534.58,17900.11,7743.18,43.3
5744,Feb,Sharjah,Enterprise Software,3,1867.47,1013.41,5602.41,2562.19,45.7
5745,Nov,Dubai,Enterprise Software,31,291.79,124.46,9045.59,5187.34,57.3
5746,Jan,Riyadh,Analytics Suite,47,517.9,255.35,24341.25,12339.65,50.7
5747,Nov,Abu Dhabi,Analytics Suite,19,1217.62,536.81,23134.83,12935.42,55.9
5748,Mar,Abu Dhabi,Security Package,3,347.44,224.94,1042.31,367.48,35.3
5749,Aug,Abu Dhabi,Security Package,24,1828.04,1092.51,43872.98,17652.78,40.2
5750,Nov,Ajman,Analytics Suite,30,1413.99,796.77,42419.7,18516.7,43.7
5751,Oct,Sharjah,Cloud Storage,28,778.32,480.04,21793.07,8351.82,38.3
5752,May,Ajman,Analytics Suite,49,500.6,219.18,24529.25,13789.44,56.2
5753,Nov,Riyadh,Analytics Suite,42,498.37,234.4,20931.72,11087.11,53.0
5754,Feb,Ajman,Analytics Suite,23,1601.41,725.11,36832.4,20154.79,54.7
5755,Nov,Sharjah,Enterprise Software,24,367.25,229.35,8813.96,3309.48,37.5
5756,Aug,Abu Dhabi,Cloud Storage,50,1969.94,1165.88,98496.91,40202.74,40.8
5757,Jul,Ajman,CRM Platform,48,1232.17,734.18,59144.24,23903.62,40.4
5758,Jul,Riyadh,CRM Platform,35,407.38,231.81,14258.37,6145.15,43.1
5759,Sep,Ajman,Enterprise Software,21,818.31,484.2,17184.49,7016.33,40.8
5760,Oct,Ajman,Analytics Suite,43,283.57,139.17,12193.41,6208.98,50.9
5761,Dec,Sharjah,Security Package,26,1129.18,473.93,29358.68,17036.54,58.0
5762,Oct,Sharjah,Security Package,3,1127.91,510.79,3383.74,1851.38,54.7
5763,Jul,Sharjah,Security Package,11,709.83,291.94,7808.18,4596.81,58.9
5764,May,Sharjah,CRM Platform,17,795.26,430.42,13519.45,6202.26,45.9
5765,Jul,Riyadh,Security Package,14,528.78,260.94,7402.97,3749.81,50.7
5766,Mar,Abu Dhabi,Analytics Suite,29,1525.95,652.07,44252.48,25342.51,57.3
5767,Dec,Dubai,Enterprise Software,4,1839.88,974.25,7359.52,3462.51,47.0
5768,May,Dubai,Security Package,27,1419.37,886.07,38323.0,14399.22,37.6
5769,Nov,Riyadh,Security Package,47,778.71,354.78,36599.5,19925.02,54.4
5770,Apr,Abu Dhabi,Enterprise Software,23,1688.16,849.16,38827.57,19296.82,49.7
5771,Jan,Riyadh,Cloud Storage,43,1017.13,583.44,43736.49,18648.73,42.6
5772,Jan,Sharjah,Security Package,49,271.79,119.33,13317.7,7470.57,56.1
5773,Mar,Ajman,Analytics Suite,23,1309.16,834.02,30110.67,10928.13,36.3
5774,Jun,Abu Dhabi,Enterprise Software,22,733.71,445.04,16141.67,6350.8,39.3
5775,Aug,Riyadh,Security Package,36,1756.03,1017.74,63217.21,26578.7,42.0
5776,May,Abu Dhabi,Enterprise Software,31,1949.14,904.1,60423.25,32396.15,53.6
5777,Aug,Riyadh,Analytics Suite,20,895.87,424.35,17917.47,9430.47,52.6
5778,Aug,Riyadh,Cloud Storage,7,1067.2,572.99,7470.42,3459.47,46.3
5779,Mar,Sharjah,CRM Platform,6,672.05,282.01,4032.31,2340.23,58.0
5780,Jun,Abu Dhabi,CRM Platform,35,285.35,133.5,9987.42,5314.74,53.2
5781,Mar,Abu Dhabi,Security Package,28,1002.83,637.48,28079.12,10229.65,36.4
5782,Sep,Ajman,Security Package,34,1368.3,702.96,46522.04,22621.39,48.6
5783,Aug,Riyadh,Security Package,31,795.16,373.48,24649.87,13071.95,53.0
5784,Aug,Riyadh,Analytics Suite,49,730.84,304.99,35811.15,20866.52,58.3
5785,Feb,Sharjah,Enterprise Software,40,1867.17,810.44,74686.72,42269.08,56.6
5786,Jul,Riyadh,Cloud Storage,1,1444.26,925.25,1444.26,519.01,35.9
5787,Dec,Ajman,Cloud Storage,30,799.17,517.67,23975.05,8444.93,35.2
5788,May,Riyadh,Cloud Storage,25,1812.46,958.76,45311.57,21342.51,47.1
5789,Mar,Dubai,Enterprise Software,18,1714.68,912.2,30864.25,14444.58,46.8
5790,Oct,Sharjah,CRM Platform,16,959.48,572.89,15351.65,6185.47,40.3
5791,Feb,Sharjah,CRM Platform,5,1966.14,987.78,9830.7,4891.78,49.8
5792,Dec,Ajman,Cloud Storage,9,1462.22,672.62,13159.94,7106.39,54.0
5793,Jan,Dubai,CRM Platform,43,953.99,527.87,41021.74,18323.5,44.7
5794,Jun,Riyadh,Enterprise Software,15,383.85,156.91,5757.73,3404.08,59.1
5795,Nov,Abu Dhabi,CRM Platform,20,634.29,262.1,12685.81,7443.85,58.7
5796,Nov,Ajman,Cloud Storage,46,1550.82,811.1,71337.74,34027.07,47.7
5797,Nov,Riyadh,CRM Platform,42,491.51,233.25,20643.5,10846.86,52.5
5798,Apr,Sharjah,CRM Platform,5,1639.64,698.95,8198.21,4703.43,57.4
5799,Sep,Dubai,Cloud Storage,45,225.81,121.06,10161.24,4713.46,46.4
5800,Aug,Abu Dhabi,Security Package,35,1564.93,644.55,54772.66,32213.36,58.8
5801,Feb,Ajman,CRM Platform,21,1454.52,690.46,30544.88,16045.17,52.5
5802,Jun,Riyadh,Security Package,33,922.41,422.38,30439.59,16500.94,54.2
5803,Dec,Ajman,Analytics Suite,19,343.83,217.48,6532.75,2400.63,36.7
5804,Nov,Abu Dhabi,Security Package,34,516.84,224.76,17572.46,9930.59,56.5
5805,Dec,Abu Dhabi,Security Package,35,886.21,483.87,31017.22,14081.82,45.4
5806,May,Sharjah,Security Package,25,1260.8,729.61,31519.94,13279.73,42.1
5807,Mar,Riyadh,Analytics Suite,35,1102.7,484.17,38594.6,21648.49,56.1
5808,Aug,Riyadh,Analytics Suite,3,791.01,325.2,2373.03,1397.44,58.9
5809,Nov,Dubai,Cloud Storage,11,1666.08,891.52,18326.93,8520.22,46.5
5810,Dec,Ajman,Enterprise Software,49,1756.77,794.77,86081.87,47138.26,54.8
5811,Apr,Abu Dhabi,Enterprise Software,28,1900.36,1008.6,53210.12,24969.46,46.9
5812,Aug,Sharjah,Cloud Storage,48,1064.95,529.6,51117.81,25696.94,50.3
5813,Dec,Ajman,Security Package,43,1600.03,714.48,68801.41,38078.95,55.3
5814,Aug,Abu Dhabi,Security Package,48,881.69,359.08,42321.33,25085.33,59.3
5815,Jan,Abu Dhabi,Cloud Storage,33,1989.09,1035.88,65640.12,31456.1,47.9
5816,May,Riyadh,Cloud Storage,29,1945.91,1243.72,56431.35,20363.42,36.1
5817,Mar,Dubai,CRM Platform,43,1166.5,706.86,50159.46,19764.35,39.4
5818,Nov,Sharjah,Analytics Suite,46,862.91,397.52,39693.83,21407.7,53.9
5819,Apr,Ajman,Cloud Storage,42,432.32,259.85,18157.34,7243.78,39.9
5820,Nov,Ajman,CRM Platform,46,1580.79,654.42,72716.17,42612.86,58.6
5821,Jun,Sharjah,Cloud Storage,34,841.62,459.52,28614.92,12991.09,45.4
5822,Mar,Abu Dhabi,Enterprise Software,50,1032.11,605.19,51605.4,21345.75,41.4
5823,Sep,Abu Dhabi,Cloud Storage,23,1668.47,1005.3,38374.73,15252.93,39.7
5824,Dec,Dubai,Analytics Suite,11,1619.59,664.74,17815.46,10503.28,59.0
5825,Jun,Abu Dhabi,Analytics Suite,22,722.64,363.22,15898.01,7907.1,49.7
5826,Oct,Riyadh,Cloud Storage,29,1806.27,1166.43,52381.87,18555.44,35.4
5827,Feb,Dubai,Analytics Suite,7,948.02,609.36,6636.17,2370.66,35.7
5828,Jun,Riyadh,Enterprise Software,38,958.39,571.28,36418.68,14710.03,40.4
5829,Nov,Sharjah,CRM Platform,30,619.12,308.16,18573.72,9328.77,50.2
5830,Oct,Sharjah,CRM Platform,1,734.64,471.15,734.64,263.49,35.9
5831,Dec,Riyadh,Analytics Suite,43,976.22,572.58,41977.54,17356.55,41.3
5832,Dec,Abu Dhabi,Cloud Storage,12,1322.48,552.32,15869.75,9241.94,58.2
5833,Sep,Abu Dhabi,Analytics Suite,39,794.53,424.01,30986.67,14450.18,46.6
5834,Jan,Ajman,Enterprise Software,43,1728.23,1076.33,74313.76,28031.75,37.7
5835,May,Abu Dhabi,Security Package,21,1248.83,684.62,26225.45,11848.49,45.2
5836,Jul,Sharjah,Cloud Storage,18,257.19,129.41,4629.47,2300.17,49.7
5837,Jun,Riyadh,Security Package,14,306.48,132.46,4290.75,2436.32,56.8
5838,Apr,Dubai,Cloud Storage,37,1120.97,642.83,41476.04,17691.51,42.7
5839,Aug,Abu Dhabi,Security Package,6,1760.86,869.83,10565.17,5346.18,50.6
5840,Apr,Riyadh,Cloud Storage,23,963.74,535.97,22165.95,9838.61,44.4
5841,Feb,Sharjah,Security Package,3,1173.51,474.36,3520.53,2097.43,59.6
5842,Apr,Dubai,Analytics Suite,14,1022.66,623.24,14317.26,5591.95,39.1
5843,Jul,Abu Dhabi,Analytics Suite,30,238.12,133.1,7143.5,3150.48,44.1
5844,Mar,Ajman,CRM Platform,33,1580.5,660.21,52156.63,30369.79,58.2
5845,Jun,Sharjah,CRM Platform,39,976.69,542.3,38090.84,16940.95,44.5
5846,Nov,Ajman,Security Package,19,836.22,437.89,15888.1,7568.15,47.6
5847,Oct,Riyadh,Analytics Suite,37,867.54,426.79,32098.85,16307.46,50.8
5848,Nov,Sharjah,Analytics Suite,16,1438.99,714.72,23023.87,11588.36,50.3
5849,Aug,Riyadh,Enterprise Software,8,740.65,363.76,5925.22,3015.12,50.9
5850,Sep,Sharjah,Enterprise Software,15,1323.68,841.22,19855.17,7236.91,36.4
5851,Dec,Sharjah,Cloud Storage,43,1814.39,790.81,78018.87,44014.11,56.4
5852,Nov,Dubai,CRM Platform,50,1153.27,742.85,57663.42,20520.72,35.6
5853,Jul,Abu Dhabi,Enterprise Software,42,764.0,472.47,32088.13,12244.3,38.2
5854,Feb,Riyadh,Cloud Storage,20,1698.02,838.08,33960.31,17198.68,50.6
5855,Jun,Sharjah,Analytics Suite,10,308.08,138.98,3080.76,1690.95,54.9
5856,Nov,Abu Dhabi,CRM Platform,25,1577.06,978.45,39426.54,14965.25,38.0
5857,Jan,Ajman,Cloud Storage,33,1515.17,813.24,50000.68,23163.75,46.3
5858,Apr,Sharjah,Enterprise Software,47,852.28,523.78,40057.02,15439.55,38.5
5859,Mar,Abu Dhabi,Enterprise Software,48,1985.63,1230.12,95310.22,36264.27,38.0
5860,Dec,Sharjah,Enterprise Software,45,511.17,230.06,23002.67,12649.89,55.0
5861,May,Ajman,Cloud Storage,42,1703.89,1016.37,71563.53,28876.12,40.4
5862,Feb,Riyadh,Analytics Suite,12,1634.99,690.19,19619.89,11337.61,57.8
5863,Jun,Riyadh,Enterprise Software,46,1694.82,747.74,77961.52,43565.56,55.9
5864,Jun,Ajman,Security Package,38,1222.73,705.33,46463.72,19661.1,42.3
5865,Oct,Sharjah,CRM Platform,17,359.37,215.67,6109.34,2443.01,40.0
5866,Jun,Abu Dhabi,Cloud Storage,20,931.95,392.9,18638.91,10781.01,57.8
5867,Feb,Riyadh,Enterprise Software,14,1639.85,959.73,22957.89,9521.7,41.5
5868,Sep,Abu Dhabi,Analytics Suite,46,860.4,358.93,39578.47,23067.75,58.3
5869,Nov,Abu Dhabi,Security Package,40,978.33,434.35,39133.18,21759.02,55.6
5870,Sep,Ajman,CRM Platform,27,356.93,186.82,9637.15,4593.14,47.7
5871,Feb,Sharjah,Cloud Storage,50,409.7,166.53,20484.75,12158.11,59.4
5872,Feb,Abu Dhabi,Security Package,45,1473.95,774.74,66327.7,31464.19,47.4
5873,Feb,Abu Dhabi,Enterprise Software,19,1265.71,602.9,24048.56,12593.53,52.4
5874,Oct,Dubai,Cloud Storage,34,1911.42,788.81,64988.22,38168.57,58.7
5875,Dec,Riyadh,Security Package,5,1241.11,706.64,6205.56,2672.38,43.1
5876,Mar,Sharjah,Analytics Suite,13,410.63,223.0,5338.2,2439.19,45.7
5877,Jan,Riyadh,Security Package,33,477.34,270.98,15752.34,6810.13,43.2
5878,Jul,Abu Dhabi,Analytics Suite,36,1508.71,866.07,54313.49,23134.96,42.6
5879,Mar,Dubai,CRM Platform,15,1568.68,972.97,23530.13,8935.56,38.0
5880,Jan,Ajman,CRM Platform,20,1952.84,1128.51,39056.77,16486.6,42.2
5881,Feb,Dubai,CRM Platform,1,1744.86,792.89,1744.86,951.97,54.6
5882,Feb,Riyadh,Security Package,40,407.27,214.45,16290.91,7713.02,47.3
5883,Jan,Ajman,Analytics Suite,21,1663.65,678.01,34936.71,20698.49,59.2
5884,Mar,Abu Dhabi,Cloud Storage,2,1574.2,1017.76,3148.39,1112.88,35.3
5885,Oct,Sharjah,Analytics Suite,24,973.74,622.75,23369.84,8423.95,36.0
5886,Sep,Dubai,Analytics Suite,31,1585.9,771.12,49163.03,25258.21,51.4
5887,Jun,Ajman,CRM Platform,49,1466.04,717.67,71835.98,36670.36,51.0
5888,Apr,Ajman,Cloud Storage,5,1685.92,992.96,8429.59,3464.77,41.1
5889,Jul,Abu Dhabi,Enterprise Software,2,1703.45,963.36,3406.89,1480.18,43.4
5890,Feb,Riyadh,Enterprise Software,42,1950.36,1107.72,81914.94,35390.57,43.2
5891,Dec,Dubai,Analytics Suite,49,991.09,606.27,48563.23,18856.07,38.8
5892,Oct,Dubai,Cloud Storage,40,882.41,523.15,35296.33,14370.14,40.7
5893,Jul,Dubai,CRM Platform,30,240.88,117.15,7226.34,3711.86,51.4
5894,Jul,Riyadh,Analytics Suite,39,1752.79,1125.23,68358.9,24475.08,35.8
5895,Apr,Ajman,Security Package,46,446.46,264.07,20537.37,8390.2,40.9
5896,Jan,Abu Dhabi,CRM Platform,2,1087.67,636.88,2175.35,901.58,41.4
5897,Jan,Sharjah,Security Package,2,1244.0,767.12,2487.99,953.74,38.3
5898,Nov,Dubai,Analytics Suite,4,1206.98,542.51,4827.92,2657.89,55.1
5899,May,Abu Dhabi,Cloud Storage,14,1719.88,1031.54,24078.38,9636.88,40.0
5900,Sep,Ajman,Analytics Suite,50,1083.66,510.76,54182.81,28644.91,52.9
5901,Sep,Riyadh,Security Package,13,1321.49,743.7,17179.4,7511.3,43.7
5902,Jun,Abu Dhabi,CRM Platform,39,1517.98,926.24,59201.03,23077.6,39.0
5903,Mar,Ajman,Cloud Storage,34,1731.65,833.37,58876.18,30541.69,51.9
5904,Nov,Riyadh,Cloud Storage,24,1190.74,576.81,28577.7,14734.2,51.6
5905,Jun,Sharjah,Analytics Suite,8,580.83,344.04,4646.65,1894.33,40.8
5906,Jan,Riyadh,CRM Platform,14,1854.81,982.76,25967.32,12208.66,47.0
5907,Jul,Abu Dhabi,Cloud Storage,32,1176.79,738.1,37657.27,14037.92,37.3
5908,Apr,Riyadh,CRM Platform,26,1780.46,1086.61,46292.01,18040.14,39.0
5909,Apr,Abu Dhabi,Cloud Storage,35,230.59,107.11,8070.62,4321.62,53.5
5910,May,Abu Dhabi,CRM Platform,29,855.37,408.69,24805.61,12953.49,52.2
5911,Sep,Ajman,Analytics Suite,28,1528.5,972.02,42797.94,15581.34,36.4
5912,Jul,Sharjah,Enterprise Software,15,1083.97,457.53,16259.53,9396.64,57.8
5913,Apr,Dubai,CRM Platform,7,1023.26,497.61,7162.84,3679.54,51.4
5914,Aug,Abu Dhabi,Security Package,31,919.34,395.74,28499.68,16231.79,57.0
5915,May,Sharjah,Security Package,1,1123.17,480.41,1123.17,642.76,57.2
5916,Feb,Sharjah,Analytics Suite,24,990.94,531.16,23782.61,11034.84,46.4
5917,Dec,Sharjah,Cloud Storage,25,1804.94,754.78,45123.46,26254.05,58.2
5918,Feb,Riyadh,CRM Platform,7,752.45,473.56,5267.14,1952.22,37.1
5919,Feb,Abu Dhabi,CRM Platform,6,1129.51,498.79,6777.09,3784.35,55.8
5920,Jun,Dubai,Analytics Suite,22,1476.7,690.21,32487.38,17302.67,53.3
5921,Mar,Sharjah,Analytics Suite,48,916.83,589.01,44007.64,15735.19,35.8
5922,May,Ajman,Security Package,50,1947.72,1261.96,97386.11,34288.0,35.2
5923,Feb,Ajman,CRM Platform,18,1652.52,742.97,29745.33,16371.8,55.0
5924,May,Sharjah,Analytics Suite,22,1725.68,843.07,37964.94,19417.43,51.1
5925,Jan,Ajman,CRM Platform,1,615.56,247.29,615.56,368.27,59.8
5926,Oct,Dubai,Enterprise Software,27,1358.35,590.09,36675.5,20743.05,56.6
5927,Apr,Ajman,Cloud Storage,34,877.53,479.8,29836.12,13522.89,45.3
5928,Dec,Sharjah,Cloud Storage,7,1372.94,798.63,9610.58,4020.16,41.8
5929,Jul,Ajman,Cloud Storage,34,617.16,303.59,20983.35,10661.37,50.8
5930,Jun,Dubai,Security Package,44,1335.77,541.48,58773.69,34948.66,59.5
5931,May,Riyadh,Cloud Storage,2,1605.61,884.91,3211.21,1441.39,44.9
5932,Nov,Dubai,CRM Platform,24,259.66,111.23,6231.92,3562.32,57.2
5933,Dec,Abu Dhabi,CRM Platform,17,1741.04,1024.43,29597.66,12182.27,41.2
5934,May,Dubai,Cloud Storage,34,1331.06,719.43,45255.92,20795.4,46.0
5935,Aug,Abu Dhabi,CRM Platform,3,228.07,115.17,684.22,338.69,49.5
5936,Jun,Ajman,Security Package,46,1389.38,672.25,63911.46,32988.16,51.6
5937,Mar,Dubai,Analytics Suite,39,1918.38,889.69,74816.81,40118.96,53.6
5938,Jul,Riyadh,CRM Platform,37,792.75,344.49,29331.59,16585.63,56.5
5939,Dec,Dubai,CRM Platform,45,1944.54,1188.47,87504.1,34022.89,38.9
5940,Jun,Abu Dhabi,CRM Platform,11,1100.88,706.55,12109.7,4337.61,35.8
5941,Dec,Dubai,CRM Platform,46,1755.82,986.93,80767.67,35368.95,43.8
5942,May,Ajman,Cloud Storage,20,1029.72,582.38,20594.46,8946.93,43.4
5943,Oct,Sharjah,Analytics Suite,12,621.62,353.42,7459.47,3218.47,43.1
5944,Sep,Ajman,Cloud Storage,15,1681.96,850.47,25229.43,12472.4,49.4
5945,Aug,Riyadh,Security Package,46,363.97,232.54,16742.78,6046.03,36.1
5946,Feb,Dubai,Enterprise Software,29,222.97,120.19,6466.03,2980.54,46.1
5947,Nov,Dubai,Cloud Storage,46,1321.33,738.71,60781.29,26800.63,44.1
5948,Jul,Sharjah,CRM Platform,5,1527.8,702.56,7639.0,4126.19,54.0
5949,May,Sharjah,Security Package,36,707.31,406.5,25463.34,10829.23,42.5
5950,Nov,Sharjah,Cloud Storage,46,1803.85,1103.87,82977.03,32199.07,38.8
5951,Dec,Abu Dhabi,Analytics Suite,23,1592.96,950.67,36638.15,14772.73,40.3
5952,Nov,Riyadh,Cloud Storage,14,1070.11,608.49,14981.51,6462.64,43.1
5953,Jul,Ajman,Analytics Suite,43,1085.5,703.82,46676.37,16412.03,35.2
5954,Jan,Dubai,Cloud Storage,9,946.2,455.53,8515.81,4416.06,51.9
5955,Dec,Sharjah,CRM Platform,31,372.54,156.73,11548.78,6690.25,57.9
5956,Mar,Riyadh,Security Package,47,1512.11,629.32,71069.02,41491.0,58.4
5957,Jan,Riyadh,CRM Platform,44,1802.19,1076.99,79296.42,31908.95,40.2
5958,Dec,Sharjah,Enterprise Software,1,1077.75,586.53,1077.75,491.22,45.6
5959,Feb,Dubai,CRM Platform,5,741.25,370.87,3706.27,1851.9,50.0
5960,Dec,Sharjah,CRM Platform,42,347.11,147.79,14578.48,8371.43,57.4
5961,Apr,Riyadh,Security Package,4,1564.85,804.91,6259.39,3039.75,48.6
5962,Dec,Sharjah,Cloud Storage,50,743.55,468.12,37177.63,13771.41,37.0
5963,Sep,Abu Dhabi,Security Package,42,1577.71,1013.71,66263.81,23688.18,35.7
5964,Aug,Abu Dhabi,Cloud Storage,47,1404.39,902.49,66006.31,23589.2,35.7
5965,Aug,Riyadh,CRM Platform,1,301.71,162.95,301.71,138.76,46.0
5966,Jun,Dubai,Cloud Storage,16,510.65,323.17,8170.36,2999.7,36.7
5967,Nov,Abu Dhabi,Enterprise Software,47,1587.61,963.8,74617.67,29318.92,39.3
5968,Mar,Riyadh,Cloud Storage,26,1069.53,687.6,27807.72,9930.21,35.7
5969,Jul,Dubai,Security Package,43,930.56,541.59,40014.05,16725.74,41.8
5970,Jul,Abu Dhabi,Security Package,24,1839.02,1123.45,44136.39,17173.61,38.9
5971,Oct,Riyadh,Cloud Storage,42,1995.43,1027.33,83807.91,40659.95,48.5
5972,Jul,Ajman,Analytics Suite,49,1685.49,897.36,82589.19,38618.57,46.8
5973,Jan,Dubai,Enterprise Software,13,1429.16,837.85,18579.05,7686.97,41.4
5974,Jan,Dubai,Security Package,29,283.96,131.04,8234.77,4434.49,53.9
5975,Sep,Riyadh,Enterprise Software,41,1121.81,654.34,45994.15,19166.05,41.7
5976,Apr,Ajman,Security Package,11,265.85,159.55,2924.37,1169.35,40.0
5977,Sep,Dubai,Security Package,16,691.33,323.43,11061.32,5886.5,53.2
5978,Aug,Abu Dhabi,CRM Platform,47,748.04,381.55,35158.03,17225.17,49.0
5979,Oct,Ajman,Cloud Storage,27,825.7,506.24,22294.0,8625.43,38.7
5980,Jun,Sharjah,Analytics Suite,26,769.99,333.64,20019.79,11345.05,56.7
5981,Jun,Ajman,CRM Platform,44,697.12,413.64,30673.19,12473.15,40.7
5982,Sep,Riyadh,Cloud Storage,7,1004.15,548.76,7029.03,3187.7,45.4
5983,Oct,Ajman,CRM Platform,23,206.29,129.93,4744.59,1756.16,37.0
5984,May,Dubai,Cloud Storage,22,1576.49,928.08,34682.68,14265.02,41.1
5985,Jul,Dubai,Cloud Storage,12,914.96,592.83,10979.56,3865.64,35.2
5986,Apr,Abu Dhabi,Enterprise Software,9,1721.28,855.88,15491.54,7788.6,50.3
5987,Mar,Sharjah,Analytics Suite,24,1914.4,872.34,45945.7,25009.62,54.4
5988,Dec,Dubai,Security Package,49,259.41,168.17,12711.27,4471.16,35.2
5989,Dec,Sharjah,Enterprise Software,25,608.78,256.68,15219.51,8802.43,57.8
5990,Mar,Riyadh,Analytics Suite,42,467.27,241.23,19625.51,9493.92,48.4
5991,Feb,Ajman,Analytics Suite,9,816.68,440.59,7350.09,3384.75,46.1
5992,Oct,Ajman,Security Package,2,311.33,186.68,622.66,249.29,40.0
5993,Dec,Abu Dhabi,CRM Platform,50,934.75,591.39,46737.52,17167.82,36.7
5994,Aug,Abu Dhabi,Cloud Storage,28,614.99,398.65,17219.63,6057.39,35.2
5995,Sep,Abu Dhabi,Cloud Storage,23,1454.87,639.9,33462.09,18744.29,56.0
5996,Aug,Riyadh,Cloud Storage,9,1811.38,1101.72,16302.39,6386.87,39.2
5997,Nov,Abu Dhabi,CRM Platform,12,535.23,314.57,6422.75,2647.92,41.2
5998,Jan,Abu Dhabi,Enterprise Software,15,1657.84,960.5,24867.65,10460.2,42.1
5999,Sep,Dubai,Enterprise Software,45,1251.32,545.13,56309.46,31778.6,56.4
6000,Jan,Abu Dhabi,Analytics Suite,14,1537.51,619.29,21525.2,12855.17,59.7
6001,Apr,Abu Dhabi,Cloud Storage,49,553.98,238.73,27144.79,15446.81,56.9
6002,Apr,Riyadh,Security Package,35,705.68,352.59,24698.64,12357.82,50.0
6003,Jun,Dubai,Cloud Storage,42,1076.36,577.85,45207.05,20937.36,46.3
6004,Aug,Dubai,Analytics Suite,15,991.8,543.62,14876.98,6722.75,45.2
6005,Aug,Sharjah,Enterprise Software,27,1228.46,609.82,33168.43,16703.27,50.4
6006,May,Dubai,CRM Platform,24,1719.47,841.05,41267.31,21082.0,51.1
6007,Feb,Sharjah,Cloud Storage,24,1081.04,620.71,25945.0,11047.85,42.6
6008,Oct,Abu Dhabi,CRM Platform,43,483.22,228.24,20778.27,10963.83,52.8
6009,Dec,Sharjah,Cloud Storage,10,1332.63,683.07,13326.3,6495.57,48.7
6010,Sep,Riyadh,CRM Platform,34,852.79,384.65,28994.76,15916.83,54.9
6011,Sep,Abu Dhabi,Security Package,14,1344.19,729.95,18818.61,8599.32,45.7
6012,Aug,Abu Dhabi,Security Package,40,1838.32,950.76,73532.85,35502.59,48.3
6013,Nov,Riyadh,Cloud Storage,14,344.54,169.89,4823.63,2445.22,50.7
6014,Feb,Abu Dhabi,Cloud Storage,39,1117.66,658.74,43588.61,17897.91,41.1
6015,Jun,Ajman,Analytics Suite,50,345.25,197.22,17262.75,7401.63,42.9
6016,Jun,Dubai,Cloud Storage,1,913.02,464.36,913.02,448.66,49.1
6017,Nov,Riyadh,CRM Platform,43,1581.34,791.97,67997.78,33943.26,49.9
6018,May,Ajman,Cloud Storage,32,951.59,402.91,30450.94,17557.86,57.7
6019,Oct,Sharjah,Security Package,44,1157.41,534.32,50925.87,27415.77,53.8
6020,Jun,Riyadh,Security Package,47,1308.15,814.51,61482.96,23200.94,37.7
6021,Sep,Dubai,Cloud Storage,22,533.36,232.9,11733.86,6610.16,56.3
6022,Mar,Ajman,CRM Platform,10,385.69,188.26,3856.94,1974.3,51.2
6023,Nov,Ajman,Cloud Storage,29,730.92,397.03,21196.72,9682.87,45.7
6024,Oct,Ajman,Cloud Storage,39,662.91,320.98,25853.41,13335.08,51.6
6025,Jan,Riyadh,Analytics Suite,13,1201.4,585.04,15618.16,8012.64,51.3
6026,Jun,Sharjah,CRM Platform,28,1601.65,902.1,44846.24,19587.51,43.7
6027,Aug,Abu Dhabi,Enterprise Software,4,1124.39,510.81,4497.54,2454.31,54.6
6028,Dec,Dubai,Cloud Storage,6,228.26,99.66,1369.56,771.59,56.3
6029,Jul,Ajman,Cloud Storage,43,876.88,500.46,37705.74,16186.17,42.9
6030,Dec,Abu Dhabi,Analytics Suite,25,1382.26,712.28,34556.53,16749.51,48.5
6031,Dec,Abu Dhabi,Cloud Storage,14,713.15,375.29,9984.04,4729.96,47.4
6032,Apr,Sharjah,Security Package,39,1963.44,994.52,76574.13,37787.72,49.3
6033,Feb,Ajman,Enterprise Software,38,422.92,232.94,16070.82,7218.98,44.9
6034,Sep,Sharjah,Security Package,28,913.39,586.9,25575.05,9141.89,35.7
6035,Apr,Dubai,CRM Platform,48,477.65,228.02,22927.37,11982.18,52.3
6036,Oct,Ajman,Security Package,41,1443.53,817.21,59184.77,25679.18,43.4
6037,Oct,Riyadh,Analytics Suite,24,1334.18,626.86,32020.36,16975.65,53.0
6038,Jan,Ajman,CRM Platform,40,1407.61,774.0,56304.46,25344.47,45.0
6039,Jul,Ajman,Enterprise Software,19,1847.52,1095.2,35102.97,14294.25,40.7
6040,Feb,Sharjah,Security Package,1,714.02,419.7,714.02,294.31,41.2
6041,Jul,Abu Dhabi,Analytics Suite,28,1930.46,1175.36,54052.85,21142.89,39.1
6042,Apr,Sharjah,CRM Platform,45,1928.72,884.23,86792.52,47002.29,54.2
6043,Jan,Ajman,Security Package,48,1587.79,989.14,76213.79,28735.26,37.7
6044,Sep,Sharjah,Cloud Storage,37,253.99,122.66,9397.63,4859.15,51.7
6045,Feb,Ajman,Analytics Suite,36,544.49,291.62,19601.59,9103.37,46.4
6046,Aug,Sharjah,CRM Platform,6,1268.15,799.68,7608.88,2810.79,36.9
6047,Apr,Riyadh,Security Package,29,692.19,417.96,20073.51,7952.68,39.6
6048,Oct,Sharjah,Enterprise Software,26,1114.6,618.32,28979.61,12903.39,44.5
6049,Jul,Riyadh,Enterprise Software,11,1544.43,640.07,16988.75,9947.94,58.6
6050,Sep,Abu Dhabi,Enterprise Software,37,1360.86,826.28,50351.96,19779.53,39.3
6051,Jul,Ajman,Analytics Suite,39,1914.14,844.81,74651.59,41704.12,55.9
6052,Apr,Abu Dhabi,Analytics Suite,23,652.04,326.95,14997.0,7477.13,49.9
6053,Feb,Sharjah,Cloud Storage,12,1676.45,958.1,20117.35,8620.14,42.8
6054,Apr,Ajman,Enterprise Software,33,1013.37,406.64,33441.28,20022.06,59.9
6055,Apr,Riyadh,Enterprise Software,22,1762.01,889.64,38764.14,19192.05,49.5
6056,Jul,Sharjah,CRM Platform,1,1828.48,999.91,1828.48,828.57,45.3
6057,Aug,Dubai,Cloud Storage,26,667.2,312.95,17347.27,9210.51,53.1
6058,Feb,Ajman,Security Package,43,1535.02,645.44,66005.84,38251.73,58.0
6059,Mar,Dubai,Cloud Storage,8,1662.48,683.4,13299.85,7832.68,58.9
6060,Nov,Abu Dhabi,Security Package,26,1457.75,939.9,37901.62,13464.22,35.5
6061,Dec,Riyadh,CRM Platform,33,1479.72,851.55,48830.85,20729.8,42.5
6062,Jan,Riyadh,Enterprise Software,20,420.72,223.1,8414.44,3952.4,47.0
6063,Apr,Abu Dhabi,Cloud Storage,24,435.84,233.59,10460.16,4854.01,46.4
6064,Feb,Ajman,Enterprise Software,15,1128.12,540.27,16921.87,8817.76,52.1
6065,Mar,Dubai,Enterprise Software,38,809.72,496.88,30769.54,11887.94,38.6
6066,Jan,Abu Dhabi,Security Package,7,1984.73,1232.66,13893.13,5264.53,37.9
6067,May,Dubai,Cloud Storage,23,1741.07,737.64,40044.64,23078.96,57.6
6068,Jun,Riyadh,Enterprise Software,36,298.64,175.28,10750.98,4441.03,41.3
6069,May,Dubai,Security Package,39,1222.77,665.92,47687.95,21717.11,45.5
6070,Nov,Abu Dhabi,CRM Platform,47,872.62,540.39,41013.1,15614.84,38.1
6071,Oct,Sharjah,Enterprise Software,7,1409.32,824.34,9865.22,4094.82,41.5
6072,Oct,Riyadh,Cloud Storage,27,1158.06,486.81,31267.58,18123.6,58.0
6073,Feb,Ajman,CRM Platform,31,214.02,86.22,6634.5,3961.68,59.7
6074,Mar,Sharjah,Security Package,39,1731.24,998.55,67518.42,28574.89,42.3
6075,Jan,Riyadh,Analytics Suite,32,1853.14,1066.48,59300.36,25173.08,42.5
6076,Feb,Riyadh,CRM Platform,10,1933.11,879.57,19331.1,10535.43,54.5
6077,Apr,Abu Dhabi,Enterprise Software,18,1237.68,545.57,22278.19,12458.0,55.9
6078,Oct,Abu Dhabi,Enterprise Software,50,1655.06,679.13,82753.18,48796.48,59.0
6079,Aug,Dubai,Cloud Storage,44,331.48,209.57,14584.91,5363.91,36.8
6080,Sep,Ajman,Analytics Suite,36,827.76,363.08,29799.43,16728.66,56.1
6081,Sep,Ajman,Analytics Suite,1,899.59,383.72,899.59,515.86,57.3
6082,Dec,Abu Dhabi,CRM Platform,9,1497.47,842.2,13477.2,5897.4,43.8
6083,Oct,Dubai,CRM Platform,24,1897.75,962.79,45545.92,22439.04,49.3
6084,Mar,Ajman,Enterprise Software,8,412.18,209.35,3297.47,1622.67,49.2
6085,Feb,Dubai,Security Package,8,1401.01,606.55,11208.05,6355.64,56.7
6086,Oct,Abu Dhabi,Security Package,15,552.2,246.02,8283.01,4592.7,55.4
6087,Dec,Sharjah,Security Package,33,1584.18,863.7,52277.78,23775.81,45.5
6088,Jul,Abu Dhabi,Enterprise Software,10,598.09,357.47,5980.91,2406.25,40.2
6089,Jul,Sharjah,Security Package,36,1384.59,728.6,49845.23,23615.48,47.4
6090,Jan,Riyadh,Enterprise Software,38,1467.01,819.05,55746.26,24622.21,44.2
6091,Sep,Riyadh,CRM Platform,4,1940.4,950.46,7761.58,3959.75,51.0
6092,Feb,Sharjah,Cloud Storage,5,453.77,187.06,2268.84,1333.53,58.8
6093,Jan,Abu Dhabi,CRM Platform,34,420.41,250.78,14293.89,5767.5,40.3
6094,Jan,Dubai,Security Package,17,659.2,394.9,11206.33,4493.05,40.1
6095,Sep,Ajman,Enterprise Software,45,335.68,185.56,15105.51,6755.24,44.7
6096,Jan,Dubai,Analytics Suite,50,1193.26,547.73,59662.98,32276.39,54.1
6097,Jun,Ajman,Security Package,17,704.88,436.19,11982.98,4567.67,38.1
6098,Jan,Dubai,CRM Platform,38,1424.19,872.19,54119.15,20975.98,38.8
6099,Jan,Sharjah,Security Package,27,1689.85,968.42,45626.01,19478.76,42.7
6100,Jun,Ajman,Analytics Suite,26,977.96,527.49,25426.88,11712.25,46.1
6101,Jun,Riyadh,Security Package,37,1376.95,718.46,50947.16,24364.06,47.8
6102,May,Abu Dhabi,Security Package,6,749.09,424.2,4494.53,1949.33,43.4
6103,Oct,Dubai,Analytics Suite,23,1017.74,625.76,23408.06,9015.64,38.5
6104,Mar,Ajman,CRM Platform,21,1726.35,981.64,36253.34,15638.94,43.1
6105,Aug,Riyadh,Analytics Suite,26,1554.95,857.1,40428.67,18144.19,44.9
6106,Apr,Riyadh,Analytics Suite,3,372.31,236.24,1116.92,408.19,36.5
6107,Mar,Sharjah,CRM Platform,34,1964.74,982.79,66801.09,33386.28,50.0
6108,Nov,Ajman,Analytics Suite,46,875.58,463.79,40276.9,18942.7,47.0
6109,Mar,Riyadh,Enterprise Software,44,897.36,495.51,39483.7,17681.29,44.8
6110,Feb,Ajman,CRM Platform,8,1565.4,777.59,12523.19,6302.46,50.3
6111,Jul,Riyadh,CRM Platform,1,1582.39,754.97,1582.39,827.41,52.3
6112,May,Riyadh,Cloud Storage,26,1777.03,974.92,46202.85,20854.86,45.1
6113,Nov,Ajman,CRM Platform,3,424.88,209.21,1274.65,647.02,50.8
6114,Dec,Abu Dhabi,CRM Platform,32,1678.74,795.45,53719.55,28265.18,52.6
6115,Jun,Abu Dhabi,Enterprise Software,32,1913.32,864.0,61226.3,33578.31,54.8
6116,Mar,Abu Dhabi,Analytics Suite,18,522.76,235.64,9409.69,5168.09,54.9
6117,Dec,Abu Dhabi,Analytics Suite,25,1696.06,678.71,42401.4,25433.55,60.0
6118,Oct,Sharjah,Security Package,20,1280.37,793.37,25607.32,9739.94,38.0
6119,Feb,Ajman,Cloud Storage,24,1920.42,795.33,46090.13,27002.3,58.6
6120,Nov,Abu Dhabi,Enterprise Software,24,1834.75,1145.38,44033.92,16544.71,37.6
6121,Feb,Sharjah,Cloud Storage,13,1494.19,790.06,19424.41,9153.58,47.1
6122,Jan,Sharjah,CRM Platform,22,1302.72,791.18,28659.73,11253.81,39.3
6123,Nov,Abu Dhabi,Analytics Suite,10,635.96,274.56,6359.61,3614.04,56.8
6124,Oct,Dubai,Enterprise Software,6,1789.74,1128.15,10738.47,3969.59,37.0
6125,May,Riyadh,Analytics Suite,48,607.2,259.43,29145.48,16693.05,57.3
6126,May,Sharjah,Enterprise Software,2,1653.4,883.85,3306.8,1539.11,46.5
6127,Apr,Ajman,Security Package,17,1450.4,870.37,24656.8,9860.51,40.0
6128,Aug,Abu Dhabi,CRM Platform,38,1571.71,688.07,59724.84,33578.35,56.2
6129,Mar,Sharjah,Enterprise Software,7,1870.35,947.84,13092.43,6457.56,49.3
6130,Apr,Riyadh,Cloud Storage,6,590.62,328.19,3543.72,1574.55,44.4
6131,Feb,Riyadh,Security Package,33,396.29,160.05,13077.53,7795.87,59.6
6132,Jul,Dubai,Security Package,10,1750.73,771.47,17507.28,9792.59,55.9
6133,Aug,Ajman,Analytics Suite,34,1590.24,936.18,54068.24,22237.99,41.1
6134,Nov,Ajman,Cloud Storage,22,850.92,441.09,18720.23,9016.26,48.2
6135,Mar,Sharjah,Analytics Suite,27,583.77,336.0,15761.86,6689.84,42.4
6136,Sep,Riyadh,Security Package,10,551.76,325.15,5517.59,2266.08,41.1
6137,Jun,Ajman,Cloud Storage,20,731.77,326.68,14635.4,8101.86,55.4
6138,Jun,Sharjah,Cloud Storage,8,321.7,166.15,2573.56,1244.35,48.4
6139,Mar,Riyadh,Security Package,36,245.44,101.0,8835.7,5199.67,58.8
6140,Jun,Abu Dhabi,Analytics Suite,24,614.72,359.03,14753.34,6136.59,41.6
6141,Aug,Abu Dhabi,Security Package,11,212.81,99.06,2340.88,1251.2,53.5
6142,Jul,Ajman,CRM Platform,25,1847.15,1066.08,46178.68,19526.75,42.3
6143,Sep,Riyadh,Cloud Storage,35,1945.76,923.86,68101.74,35766.56,52.5
6144,Feb,Riyadh,CRM Platform,47,1397.23,578.32,65669.7,38488.76,58.6
6145,Apr,Ajman,Analytics Suite,5,1431.23,866.45,7156.13,2823.9,39.5
6146,Jun,Ajman,Security Package,39,541.25,266.76,21108.67,10705.17,50.7
6147,Mar,Abu Dhabi,CRM Platform,7,1382.0,564.71,9674.0,5721.04,59.1
6148,May,Sharjah,Enterprise Software,17,595.76,332.97,10127.95,4467.51,44.1
6149,Jul,Dubai,Enterprise Software,6,699.25,329.73,4195.52,2217.17,52.8
6150,Oct,Abu Dhabi,Security Package,25,1876.47,915.97,46911.81,24012.67,51.2
6151,May,Ajman,Analytics Suite,14,584.36,320.69,8181.05,3691.37,45.1
6152,Feb,Riyadh,CRM Platform,8,1430.35,701.74,11442.76,5828.87,50.9
6153,May,Abu Dhabi,Cloud Storage,38,1879.11,828.98,71406.04,39904.77,55.9
6154,Aug,Ajman,Security Package,2,366.02,215.04,732.05,301.97,41.2
6155,Apr,Abu Dhabi,Analytics Suite,19,742.75,408.45,14112.26,6351.75,45.0
6156,Dec,Sharjah,Security Package,23,1664.7,964.25,38288.13,16110.29,42.1
6157,Sep,Dubai,Security Package,33,366.18,231.84,12083.83,4432.98,36.7
6158,Jan,Riyadh,CRM Platform,46,1992.76,1200.14,91666.75,36460.5,39.8
6159,Jun,Abu Dhabi,Enterprise Software,37,1263.37,663.0,46744.84,22213.84,47.5
6160,Aug,Sharjah,Cloud Storage,28,1959.74,891.48,54872.58,29911.18,54.5
6161,May,Abu Dhabi,CRM Platform,38,1761.47,1124.07,66936.0,24221.16,36.2
6162,Feb,Abu Dhabi,Cloud Storage,11,501.28,229.23,5514.11,2992.63,54.3
6163,May,Riyadh,Analytics Suite,36,273.72,169.7,9854.03,3744.95,38.0
6164,Aug,Dubai,Analytics Suite,14,1434.37,925.37,20081.21,7126.02,35.5
6165,Jul,Riyadh,Cloud Storage,36,1033.98,532.46,37223.37,18054.9,48.5
6166,Jan,Ajman,Analytics Suite,30,232.4,116.36,6971.93,3481.28,49.9
6167,Jul,Ajman,Analytics Suite,1,206.72,132.66,206.72,74.06,35.8
6168,Mar,Ajman,Cloud Storage,36,1734.5,745.9,62441.99,35589.65,57.0
6169,Mar,Abu Dhabi,Security Package,8,1245.85,787.36,9966.81,3667.96,36.8
6170,Sep,Riyadh,CRM Platform,11,1065.37,636.6,11719.07,4716.53,40.2
6171,Jul,Ajman,Cloud Storage,17,1474.97,669.45,25074.44,13693.82,54.6
6172,Jan,Abu Dhabi,Cloud Storage,20,1499.46,734.79,29989.21,15293.35,51.0
6173,Oct,Riyadh,CRM Platform,11,1392.06,569.59,15312.7,9047.19,59.1
6174,Nov,Ajman,CRM Platform,26,258.43,121.02,6719.2,3572.66,53.2
6175,Feb,Sharjah,Cloud Storage,12,564.29,317.9,6771.51,2956.72,43.7
6176,Jun,Sharjah,Cloud Storage,34,1660.47,779.22,56456.0,29962.36,53.1
6177,Feb,Riyadh,Enterprise Software,34,1384.08,893.23,47058.82,16688.86,35.5
6178,Feb,Ajman,Analytics Suite,10,1940.37,864.1,19403.69,10762.66,55.5
6179,Dec,Dubai,CRM Platform,16,1041.83,594.42,16669.26,7158.57,42.9
6180,May,Ajman,Enterprise Software,36,1478.58,938.15,53228.82,19455.57,36.6
6181,Nov,Ajman,Analytics Suite,34,370.73,212.18,12604.67,5390.71,42.8
6182,Jun,Sharjah,Security Package,24,1528.6,924.91,36686.48,14488.71,39.5
6183,May,Sharjah,Security Package,11,331.85,153.21,3650.38,1965.05,53.8
6184,Feb,Riyadh,Cloud Storage,14,1573.51,790.73,22029.17,10958.89,49.7
6185,Oct,Ajman,Analytics Suite,32,519.08,259.51,16610.53,8306.31,50.0
6186,Aug,Ajman,Security Package,31,1078.61,584.59,33436.87,15314.46,45.8
6187,Jul,Sharjah,Security Package,5,575.51,341.79,2877.57,1168.61,40.6
6188,May,Dubai,CRM Platform,39,331.35,161.21,12922.76,6635.69,51.3
6189,Sep,Riyadh,Enterprise Software,42,1179.96,559.82,49558.16,26045.54,52.6
6190,Mar,Ajman,CRM Platform,13,560.87,309.45,7291.33,3268.46,44.8
6191,Feb,Ajman,CRM Platform,24,1758.6,718.02,42206.3,24973.91,59.2
6192,Apr,Dubai,Enterprise Software,40,391.27,186.63,15650.88,8185.61,52.3
6193,May,Dubai,Analytics Suite,12,1548.89,779.36,18586.69,9234.34,49.7
6194,Oct,Sharjah,CRM Platform,11,1564.65,728.17,17211.19,9201.32,53.5
6195,Jan,Riyadh,Security Package,6,204.56,118.96,1227.39,513.62,41.8
6196,Jul,Ajman,Enterprise Software,50,1674.69,1014.58,83734.55,33005.77,39.4
6197,Jan,Ajman,Security Package,20,1710.64,1103.69,34212.84,12138.97,35.5
6198,Feb,Riyadh,Security Package,22,1966.23,1023.04,43257.14,20750.37,48.0
6199,Jul,Riyadh,Enterprise Software,30,1303.57,707.94,39107.23,17869.11,45.7
6200,Jul,Ajman,Cloud Storage,29,526.71,215.5,15274.68,9025.16,59.1
6201,Jan,Ajman,Enterprise Software,12,1571.02,808.31,18852.19,9152.41,48.5
6202,Apr,Ajman,Analytics Suite,44,512.21,251.47,22537.32,11472.43,50.9
6203,Oct,Ajman,Security Package,29,1965.65,1226.47,57003.8,21436.21,37.6
6204,Aug,Sharjah,Security Package,7,1396.23,821.31,9773.62,4024.48,41.2
6205,Nov,Sharjah,Analytics Suite,29,1312.51,576.51,38062.86,21344.17,56.1
6206,Jan,Ajman,CRM Platform,8,408.14,197.5,3265.09,1685.08,51.6
6207,Aug,Riyadh,Enterprise Software,44,1098.45,611.11,48331.69,21442.95,44.4
6208,Jan,Abu Dhabi,CRM Platform,38,963.22,467.24,36602.32,18847.16,51.5
6209,Dec,Riyadh,Security Package,35,1761.47,1006.97,61651.48,26407.38,42.8
6210,Jan,Ajman,Enterprise Software,49,1142.74,649.52,55994.35,24167.86,43.2
6211,Jun,Ajman,Cloud Storage,33,881.3,565.85,29083.03,10410.08,35.8
6212,Apr,Riyadh,Analytics Suite,45,1848.45,1198.19,83180.26,29261.58,35.2
6213,May,Ajman,Analytics Suite,32,291.91,144.69,9341.08,4710.99,50.4
6214,Jul,Abu Dhabi,CRM Platform,32,1384.14,859.9,44292.33,16775.49,37.9
6215,Jul,Sharjah,Security Package,17,1523.63,806.86,25901.77,12185.21,47.0
6216,Oct,Ajman,CRM Platform,17,1674.68,934.89,28469.5,12576.31,44.2
6217,Jun,Ajman,Enterprise Software,23,1715.53,1033.24,39457.11,15692.6,39.8
6218,Aug,Abu Dhabi,Analytics Suite,17,1754.36,985.85,29824.15,13064.66,43.8
6219,Jan,Abu Dhabi,Analytics Suite,50,856.18,437.23,42809.04,20947.71,48.9
6220,Nov,Abu Dhabi,Security Package,1,1206.48,564.9,1206.48,641.58,53.2
6221,Jul,Riyadh,Security Package,21,1781.29,998.27,37407.11,16443.39,44.0
6222,Jan,Sharjah,Analytics Suite,16,993.67,599.86,15898.68,6300.88,39.6
6223,Jan,Sharjah,Security Package,50,1942.11,1031.73,97105.36,45518.7,46.9
6224,Sep,Sharjah,Cloud Storage,14,557.7,297.49,7807.79,3642.96,46.7
6225,Apr,Ajman,Security Package,12,1498.91,644.85,17986.9,10248.64,57.0
6226,Jul,Ajman,Security Package,20,1956.83,1039.5,39136.64,18346.66,46.9
6227,Aug,Sharjah,Enterprise Software,15,1025.48,424.38,15382.15,9016.39,58.6
6228,Jun,Sharjah,Enterprise Software,1,1499.08,744.41,1499.08,754.67,50.3
6229,Jan,Abu Dhabi,Analytics Suite,21,386.05,231.84,8107.0,3238.41,39.9
6230,Jun,Abu Dhabi,CRM Platform,34,614.83,327.85,20904.21,9757.23,46.7
6231,Apr,Riyadh,CRM Platform,13,1803.53,1138.27,23445.95,8648.48,36.9
6232,Nov,Ajman,Analytics Suite,28,679.66,438.97,19030.48,6739.41,35.4
6233,Dec,Ajman,CRM Platform,3,645.75,395.65,1937.26,750.32,38.7
6234,Apr,Abu Dhabi,CRM Platform,37,1314.8,612.84,48647.45,25972.19,53.4
6235,Mar,Sharjah,Security Package,4,1475.68,869.88,5902.73,2423.21,41.1
6236,Jan,Sharjah,Enterprise Software,6,238.07,132.62,1428.4,632.68,44.3
6237,Aug,Ajman,Enterprise Software,35,398.32,246.34,13941.03,5319.02,38.2
6238,Jul,Sharjah,Enterprise Software,20,1958.16,911.7,39163.12,20929.05,53.4
6239,Oct,Ajman,CRM Platform,41,1044.8,553.32,42836.75,20150.73,47.0
6240,Jul,Abu Dhabi,Enterprise Software,6,674.45,306.03,4046.73,2210.56,54.6
6241,Nov,Sharjah,CRM Platform,24,685.26,436.25,16446.36,5976.28,36.3
6242,Apr,Riyadh,Security Package,22,241.27,145.28,5307.91,2111.8,39.8
6243,Jul,Sharjah,Cloud Storage,3,534.31,276.15,1602.94,774.48,48.3
6244,Aug,Ajman,Security Package,22,978.88,506.68,21535.44,10388.45,48.2
6245,Nov,Ajman,Enterprise Software,45,1175.15,746.91,52881.87,19271.04,36.4
6246,Mar,Abu Dhabi,Security Package,16,1789.48,894.35,28631.73,14322.12,50.0
6247,Oct,Dubai,Cloud Storage,8,429.28,224.51,3434.21,1638.13,47.7
6248,Oct,Sharjah,Analytics Suite,42,1258.85,807.36,52871.68,18962.53,35.9
6249,Apr,Dubai,Cloud Storage,32,940.21,493.74,30086.61,14287.01,47.5
6250,Dec,Dubai,Analytics Suite,33,1601.3,645.21,52842.99,31551.12,59.7
6251,Jan,Riyadh,Enterprise Software,41,1644.76,824.22,67435.17,33642.35,49.9
6252,Jan,Sharjah,Enterprise Software,28,681.19,356.94,19073.34,9079.11,47.6
6253,Apr,Ajman,Security Package,49,1168.12,655.75,57237.66,25106.05,43.9
6254,Dec,Ajman,Security Package,18,1122.12,503.91,20198.21,11127.81,55.1
6255,May,Dubai,Cloud Storage,34,1714.57,836.39,58295.21,29857.8,51.2
6256,Jun,Abu Dhabi,CRM Platform,43,712.55,405.87,30639.52,13187.3,43.0
6257,Oct,Sharjah,Analytics Suite,9,1062.58,561.59,9563.18,4508.87,47.1
6258,Apr,Riyadh,Enterprise Software,8,1760.37,947.99,14082.95,6498.99,46.1
6259,Nov,Riyadh,Cloud Storage,25,1646.46,764.09,41161.49,22059.17,53.6
6260,Aug,Dubai,CRM Platform,48,1134.66,665.51,54463.84,22519.26,41.3
6261,May,Riyadh,Analytics Suite,18,1799.76,967.74,32395.74,14976.34,46.2
6262,Dec,Riyadh,Analytics Suite,38,588.1,264.63,22347.87,12291.87,55.0
6263,Aug,Abu Dhabi,Enterprise Software,41,1797.44,914.77,73694.9,36189.47,49.1
6264,Jul,Sharjah,Cloud Storage,40,1324.99,547.91,52999.61,31083.14,58.6
6265,Apr,Sharjah,Cloud Storage,42,267.98,115.92,11254.97,6386.27,56.7
6266,Jul,Riyadh,Security Package,25,552.5,223.95,13812.51,8213.85,59.5
6267,Apr,Riyadh,Cloud Storage,23,1729.44,864.52,39777.01,19892.97,50.0
6268,Apr,Sharjah,Enterprise Software,2,992.3,556.35,1984.6,871.9,43.9
6269,May,Dubai,Analytics Suite,4,1647.76,940.3,6591.04,2829.83,42.9
6270,Jan,Abu Dhabi,Cloud Storage,8,462.75,297.86,3701.96,1319.12,35.6
6271,Apr,Riyadh,Analytics Suite,6,1205.17,759.67,7231.0,2672.97,37.0
6272,May,Dubai,Enterprise Software,9,560.86,317.49,5047.74,2190.34,43.4
6273,Dec,Riyadh,Cloud Storage,3,1564.51,896.81,4693.54,2003.12,42.7
6274,Mar,Ajman,Security Package,4,741.72,458.84,2966.89,1131.51,38.1
6275,Apr,Dubai,Security Package,4,1837.18,894.06,7348.71,3772.48,51.3
6276,Dec,Riyadh,Analytics Suite,29,591.53,312.95,17154.26,8078.78,47.1
6277,Oct,Ajman,CRM Platform,29,1792.96,980.26,51995.77,23568.21,45.3
6278,May,Riyadh,Cloud Storage,46,793.11,452.06,36483.28,15688.64,43.0
6279,Feb,Abu Dhabi,Security Package,24,1744.44,931.44,41866.52,19512.06,46.6
6280,Nov,Ajman,Cloud Storage,13,1576.44,973.59,20493.72,7837.11,38.2
6281,Mar,Ajman,Analytics Suite,38,839.06,536.31,31884.45,11504.79,36.1
6282,Mar,Riyadh,Analytics Suite,24,857.23,442.98,20573.6,9942.0,48.3
6283,Sep,Ajman,Security Package,43,1502.87,727.59,64623.47,33336.93,51.6
6284,Jan,Sharjah,Security Package,16,296.55,156.67,4744.76,2237.98,47.2
6285,Dec,Riyadh,CRM Platform,47,1734.31,962.79,81512.36,36261.27,44.5
6286,Dec,Sharjah,Analytics Suite,33,1016.27,432.76,33536.87,19255.91,57.4
6287,Dec,Sharjah,Enterprise Software,49,729.51,392.91,35745.9,16493.1,46.1
6288,Dec,Riyadh,Enterprise Software,21,1526.77,805.53,32062.16,15146.0,47.2
6289,May,Abu Dhabi,Analytics Suite,27,1481.32,607.74,39995.69,23586.75,59.0
6290,Aug,Sharjah,Enterprise Software,27,1272.19,623.73,34349.06,17508.47,51.0
6291,Dec,Sharjah,Security Package,50,1881.48,925.81,94074.01,47783.31,50.8
6292,Sep,Sharjah,Security Package,5,1745.85,919.97,8729.23,4129.38,47.3
6293,Aug,Abu Dhabi,Cloud Storage,29,1596.74,758.46,46305.33,24310.01,52.5
6294,Aug,Ajman,CRM Platform,18,869.79,537.94,15656.17,5973.3,38.2
6295,Dec,Sharjah,Analytics Suite,8,427.14,225.78,3417.15,1610.92,47.1
6296,Dec,Abu Dhabi,Analytics Suite,38,1662.02,767.99,63156.8,33973.31,53.8
6297,Oct,Riyadh,CRM Platform,3,230.65,95.84,691.95,404.42,58.4
6298,Jun,Sharjah,Analytics Suite,39,1969.89,1057.55,76825.75,35581.48,46.3
6299,Dec,Sharjah,Security Package,48,948.9,592.2,45547.12,17121.3,37.6
6300,Jul,Dubai,CRM Platform,9,555.46,300.45,4999.14,2295.06,45.9
6301,Feb,Ajman,CRM Platform,10,793.81,433.84,7938.06,3599.66,45.3
6302,Mar,Sharjah,Enterprise Software,50,1010.73,517.18,50536.28,24677.48,48.8
6303,Jul,Riyadh,Enterprise Software,20,423.06,185.61,8461.3,4749.19,56.1
6304,Mar,Abu Dhabi,CRM Platform,44,1068.82,523.84,47027.9,23978.97,51.0
6305,Jun,Dubai,Analytics Suite,8,1448.18,652.39,11585.4,6366.3,55.0
6306,Nov,Dubai,CRM Platform,4,300.59,141.5,1202.35,636.37,52.9
6307,Sep,Sharjah,Analytics Suite,16,1622.55,792.29,25960.81,13284.19,51.2
6308,Jun,Riyadh,Analytics Suite,28,1642.56,1050.5,45991.57,16577.44,36.0
6309,Nov,Ajman,Security Package,14,566.37,339.02,7929.14,3182.89,40.1
6310,Jul,Ajman,CRM Platform,33,297.14,179.8,9805.73,3872.35,39.5
6311,Jan,Riyadh,Analytics Suite,20,1979.32,1159.79,39586.45,16390.59,41.4
6312,Sep,Dubai,Enterprise Software,27,1566.44,646.47,42293.83,24839.01,58.7
6313,Aug,Abu Dhabi,Enterprise Software,6,867.0,418.25,5202.01,2692.52,51.8
6314,Jun,Ajman,Security Package,50,485.62,270.21,24280.8,10770.07,44.4
6315,Oct,Riyadh,CRM Platform,15,601.52,324.22,9022.82,4159.55,46.1
6316,Nov,Dubai,Security Package,16,1766.61,1001.77,28265.81,12237.47,43.3
6317,Sep,Ajman,Enterprise Software,37,1920.2,1192.13,71047.24,26938.4,37.9
6318,Jun,Riyadh,Security Package,42,1422.59,917.4,59748.79,21218.01,35.5
6319,Jun,Dubai,Analytics Suite,49,1193.36,655.52,58474.75,26354.32,45.1
6320,Jun,Dubai,Enterprise Software,14,511.78,225.41,7164.93,4009.2,56.0
6321,Jan,Sharjah,Enterprise Software,40,1474.69,842.78,58987.7,25276.64,42.9
6322,Oct,Abu Dhabi,Cloud Storage,28,637.39,348.56,17846.89,8087.16,45.3
6323,Nov,Abu Dhabi,Enterprise Software,43,1801.05,965.07,77445.27,35947.32,46.4
6324,Mar,Ajman,Security Package,42,1989.71,827.11,83567.79,48829.0,58.4
6325,Apr,Riyadh,Security Package,34,734.88,468.96,24985.84,9041.18,36.2
6326,Feb,Ajman,Security Package,49,1560.66,925.83,76472.23,31106.52,40.7
6327,Apr,Ajman,CRM Platform,48,1787.55,1108.58,85802.22,32590.3,38.0
6328,Sep,Abu Dhabi,Enterprise Software,15,738.16,424.32,11072.4,4707.54,42.5
6329,Mar,Abu Dhabi,Analytics Suite,48,1578.66,803.13,75775.91,37225.58,49.1
6330,Mar,Ajman,Analytics Suite,47,1669.11,795.73,78448.16,41048.9,52.3
6331,Aug,Dubai,Analytics Suite,42,1205.85,713.41,50645.68,20682.48,40.8
6332,Oct,Abu Dhabi,CRM Platform,28,931.64,475.68,26085.84,12766.78,48.9
6333,Feb,Sharjah,Security Package,44,1447.5,750.66,63690.08,30660.86,48.1
6334,Oct,Sharjah,Analytics Suite,37,503.78,250.4,18639.73,9374.99,50.3
6335,May,Ajman,Enterprise Software,17,891.24,492.38,15151.08,6780.64,44.8
6336,Dec,Riyadh,Security Package,22,648.78,390.95,14273.13,5672.23,39.7
6337,Jul,Sharjah,CRM Platform,20,1376.47,618.03,27529.4,15168.81,55.1
6338,Mar,Sharjah,Enterprise Software,41,881.94,527.82,36159.48,14518.7,40.2
6339,Oct,Dubai,Security Package,25,682.88,436.22,17072.1,6166.65,36.1
6340,Jul,Ajman,CRM Platform,43,1992.8,1055.87,85690.38,40288.17,47.0
6341,Mar,Dubai,Security Package,9,1237.77,739.77,11139.92,4481.95,40.2
6342,May,Abu Dhabi,Cloud Storage,25,1208.33,524.83,30208.32,17087.56,56.6
6343,Aug,Dubai,Cloud Storage,14,614.73,354.54,8606.18,3642.56,42.3
6344,Jul,Sharjah,Enterprise Software,44,1482.14,668.35,65214.05,35806.54,54.9
6345,May,Ajman,CRM Platform,46,1789.85,948.99,82333.16,38679.57,47.0
6346,Sep,Sharjah,CRM Platform,16,292.62,136.47,4681.98,2498.43,53.4
6347,Oct,Sharjah,Analytics Suite,25,1435.67,902.09,35891.87,13339.54,37.2
6348,Nov,Sharjah,CRM Platform,26,1373.11,777.89,35700.78,15475.53,43.3
6349,Sep,Sharjah,CRM Platform,25,1210.92,485.01,30273.01,18147.69,59.9
6350,Feb,Sharjah,Analytics Suite,48,437.18,218.11,20984.47,10515.32,50.1
6351,May,Ajman,CRM Platform,41,659.81,363.17,27052.08,12162.25,45.0
6352,Apr,Abu Dhabi,CRM Platform,11,1040.41,511.79,11444.46,5814.8,50.8
6353,Jul,Dubai,Analytics Suite,23,547.19,253.25,12585.35,6760.5,53.7
6354,Jan,Sharjah,Cloud Storage,4,725.31,306.04,2901.24,1677.08,57.8
6355,Aug,Riyadh,CRM Platform,17,1020.64,433.71,17350.94,9977.87,57.5
6356,Jan,Sharjah,Cloud Storage,16,786.43,438.75,12582.96,5563.01,44.2
6357,Sep,Dubai,Security Package,23,1407.21,794.16,32365.73,14100.15,43.6
6358,Jun,Sharjah,CRM Platform,41,382.31,174.31,15674.59,8527.77,54.4
6359,Jan,Riyadh,Analytics Suite,35,357.66,166.59,12518.21,6687.51,53.4
6360,Mar,Abu Dhabi,Cloud Storage,46,1212.78,748.29,55787.8,21366.29,38.3
6361,Jul,Ajman,CRM Platform,46,1991.19,889.15,91594.55,50693.76,55.3
6362,Dec,Ajman,Security Package,46,285.72,134.23,13142.98,6968.57,53.0
6363,Sep,Abu Dhabi,Cloud Storage,7,202.81,83.18,1419.7,837.43,59.0
6364,Feb,Riyadh,Security Package,48,1682.25,691.08,80748.15,47576.45,58.9
6365,Mar,Sharjah,Cloud Storage,39,346.74,161.86,13522.81,7210.12,53.3
6366,Oct,Ajman,Analytics Suite,50,931.57,516.59,46578.63,20749.21,44.5
6367,Mar,Dubai,Analytics Suite,31,234.1,104.19,7257.16,4027.38,55.5
6368,Jul,Riyadh,Security Package,7,1923.46,1154.93,13464.23,5379.72,40.0
6369,Sep,Abu Dhabi,Analytics Suite,13,280.54,178.3,3647.08,1329.2,36.4
6370,Aug,Dubai,CRM Platform,47,1814.33,1052.1,85273.5,35824.58,42.0
6371,Jan,Dubai,Cloud Storage,28,338.26,185.65,9471.26,4273.1,45.1
6372,Feb,Abu Dhabi,Cloud Storage,26,1189.57,611.37,30928.75,15033.12,48.6
6373,Aug,Sharjah,Cloud Storage,8,708.53,362.59,5668.23,2767.5,48.8
6374,May,Abu Dhabi,Enterprise Software,16,348.83,150.54,5581.32,3172.62,56.8
6375,Feb,Sharjah,Cloud Storage,12,944.78,475.04,11337.38,5636.85,49.7
6376,Mar,Ajman,Enterprise Software,15,562.24,237.05,8433.65,4877.92,57.8
6377,Jun,Ajman,Analytics Suite,33,239.91,141.72,7916.94,3240.33,40.9
6378,Jun,Sharjah,CRM Platform,22,809.07,408.78,17799.54,8806.38,49.5
6379,Nov,Abu Dhabi,Enterprise Software,16,929.33,578.89,14869.26,5607.02,37.7
6380,Aug,Dubai,Cloud Storage,47,765.35,307.62,35971.63,21513.59,59.8
6381,Sep,Sharjah,CRM Platform,32,275.0,149.81,8800.15,4006.16,45.5
6382,Feb,Sharjah,CRM Platform,50,327.8,145.69,16389.82,9105.24,55.6
6383,Jul,Riyadh,Enterprise Software,30,1765.1,970.29,52953.03,23844.37,45.0
6384,Jun,Abu Dhabi,Cloud Storage,13,1233.83,564.36,16039.78,8703.04,54.3
6385,Nov,Abu Dhabi,Enterprise Software,24,690.76,324.98,16578.19,8778.67,53.0
6386,Feb,Riyadh,Analytics Suite,27,795.52,480.83,21479.17,8496.62,39.6
6387,May,Ajman,Security Package,13,461.5,197.09,5999.56,3437.34,57.3
6388,Jan,Riyadh,Cloud Storage,10,688.54,343.57,6885.37,3449.67,50.1
6389,Dec,Sharjah,CRM Platform,34,1611.42,897.59,54788.22,24270.09,44.3
6390,Oct,Sharjah,Enterprise Software,2,456.83,186.68,913.66,540.31,59.1
6391,Jun,Dubai,Enterprise Software,46,748.61,393.85,34435.91,16318.97,47.4
6392,Jan,Sharjah,Enterprise Software,39,598.44,281.93,23339.3,12343.96,52.9
6393,Apr,Sharjah,Cloud Storage,27,565.55,259.89,15269.82,8252.89,54.0
6394,Dec,Sharjah,CRM Platform,50,862.95,410.47,43147.41,22623.75,52.4
6395,Jan,Ajman,Enterprise Software,37,1675.34,1046.96,61987.47,23249.82,37.5
6396,May,Dubai,CRM Platform,15,1011.51,518.14,15172.6,7400.54,48.8
6397,Aug,Abu Dhabi,Enterprise Software,1,1691.22,992.19,1691.22,699.03,41.3
6398,Feb,Ajman,Enterprise Software,12,813.82,467.96,9765.8,4150.29,42.5
6399,Sep,Riyadh,Cloud Storage,44,1702.41,776.29,74906.2,40749.44,54.4
6400,Dec,Abu Dhabi,Security Package,31,366.56,205.45,11363.43,4994.39,44.0
6401,Jul,Riyadh,Analytics Suite,34,395.19,195.48,13436.57,6790.2,50.5
6402,Jan,Ajman,Analytics Suite,23,1287.75,674.0,29618.29,14116.22,47.7
6403,Apr,Abu Dhabi,Security Package,2,1574.25,656.93,3148.51,1834.64,58.3
6404,Dec,Dubai,Analytics Suite,24,1806.46,988.89,43355.13,19621.86,45.3
6405,Sep,Ajman,Security Package,13,645.23,363.01,8387.96,3668.77,43.7
6406,Apr,Ajman,Security Package,25,717.54,376.63,17938.51,8522.73,47.5
6407,Dec,Riyadh,Security Package,17,1500.83,616.53,25514.09,15033.15,58.9
6408,Jun,Sharjah,Analytics Suite,10,1962.41,948.85,19624.1,10135.61,51.6
6409,Aug,Abu Dhabi,Analytics Suite,2,1395.1,855.37,2790.21,1079.47,38.7
6410,Jan,Ajman,Analytics Suite,37,669.73,298.02,24779.92,13753.31,55.5
6411,Sep,Dubai,CRM Platform,42,776.61,339.22,32617.55,18370.16,56.3
6412,Feb,Abu Dhabi,CRM Platform,38,1390.95,612.06,52856.04,29597.86,56.0
6413,Nov,Dubai,Cloud Storage,43,889.44,520.24,38246.13,15875.81,41.5
6414,Sep,Dubai,Enterprise Software,28,1122.56,691.81,31431.65,12061.01,38.4
6415,Oct,Dubai,Enterprise Software,15,984.81,394.72,14772.14,8851.37,59.9
6416,May,Dubai,Security Package,37,206.28,111.17,7632.31,3518.98,46.1
6417,Jan,Ajman,Enterprise Software,13,1990.39,1044.76,25875.13,12293.31,47.5
6418,Sep,Ajman,Cloud Storage,2,820.51,501.33,1641.01,638.35,38.9
6419,Aug,Riyadh,CRM Platform,32,1732.05,1032.69,55425.5,22379.5,40.4
6420,Nov,Dubai,Analytics Suite,38,1035.46,594.79,39347.58,16745.73,42.6
6421,Feb,Riyadh,Cloud Storage,7,1213.7,614.98,8495.92,4191.03,49.3
6422,May,Riyadh,CRM Platform,28,250.71,131.05,7019.84,3350.47,47.7
6423,Oct,Abu Dhabi,Analytics Suite,24,902.62,541.16,21662.84,8675.12,40.0
6424,Mar,Dubai,Security Package,10,266.45,164.22,2664.54,1022.3,38.4
6425,Jun,Dubai,Cloud Storage,26,632.28,399.52,16439.4,6051.94,36.8
6426,May,Riyadh,CRM Platform,47,1155.16,655.62,54292.72,23478.63,43.2
6427,Jan,Abu Dhabi,Analytics Suite,4,1092.78,466.03,4371.12,2507.01,57.4
6428,Dec,Ajman,Analytics Suite,34,948.92,491.75,32263.2,15543.73,48.2
6429,Feb,Sharjah,Security Package,36,435.29,186.41,15670.51,8959.59,57.2
6430,Sep,Ajman,Analytics Suite,29,1898.97,893.54,55070.13,29157.53,52.9
6431,Apr,Ajman,Security Package,24,1753.97,970.92,42095.27,18793.24,44.6
6432,Nov,Riyadh,Analytics Suite,36,752.41,401.98,27086.79,12615.36,46.6
6433,Oct,Sharjah,CRM Platform,38,1262.46,742.24,47973.42,19768.34,41.2
6434,Mar,Abu Dhabi,Analytics Suite,50,264.97,111.31,13248.69,7683.4,58.0
6435,Dec,Abu Dhabi,Enterprise Software,25,1805.71,914.49,45142.64,22280.31,49.4
6436,Mar,Riyadh,Enterprise Software,25,1657.74,709.49,41443.52,23706.36,57.2
6437,Jul,Dubai,Security Package,38,1235.35,559.25,46943.41,25691.91,54.7
6438,Apr,Abu Dhabi,Enterprise Software,41,337.34,199.43,13831.07,5654.64,40.9
6439,Apr,Ajman,Security Package,3,777.69,387.54,2333.06,1170.43,50.2
6440,Dec,Abu Dhabi,Security Package,47,1609.27,794.14,75635.65,38311.14,50.7
6441,Jun,Abu Dhabi,Analytics Suite,12,962.35,426.24,11548.15,6433.29,55.7
6442,Nov,Abu Dhabi,Security Package,18,1595.99,1019.88,28727.89,10370.02,36.1
6443,Sep,Sharjah,CRM Platform,8,404.73,218.4,3237.8,1490.58,46.0
6444,Nov,Ajman,Security Package,38,554.54,325.24,21072.6,8713.48,41.3
6445,Apr,Dubai,CRM Platform,37,1952.4,1171.75,72238.73,28883.87,40.0
6446,Apr,Abu Dhabi,Security Package,6,992.89,511.36,5957.36,2889.18,48.5
6447,Jan,Ajman,Analytics Suite,16,1221.78,573.29,19548.55,10375.87,53.1
6448,Nov,Ajman,Analytics Suite,42,299.87,144.36,12594.36,6531.26,51.9
6449,Dec,Ajman,CRM Platform,31,1605.75,868.13,49778.39,22866.4,45.9
6450,Apr,Ajman,Analytics Suite,5,1846.33,1047.48,9231.65,3994.27,43.3
6451,Nov,Abu Dhabi,Analytics Suite,21,571.51,263.99,12001.76,6458.04,53.8
6452,Dec,Dubai,Enterprise Software,22,1090.92,445.0,24000.17,14210.15,59.2
6453,Aug,Riyadh,Cloud Storage,11,290.29,135.83,3193.24,1699.07,53.2
6454,Jul,Dubai,Cloud Storage,38,1463.29,721.83,55605.14,28175.68,50.7
6455,Mar,Sharjah,CRM Platform,40,661.85,297.74,26473.91,14564.18,55.0
6456,Sep,Dubai,CRM Platform,25,1801.84,1077.05,45046.05,18119.87,40.2
6457,Sep,Dubai,Security Package,21,784.12,392.01,16466.59,8234.39,50.0
6458,Oct,Sharjah,Cloud Storage,42,1848.57,862.37,77639.74,41420.37,53.3
6459,Dec,Dubai,Enterprise Software,5,228.15,99.58,1140.77,642.85,56.4
6460,Aug,Ajman,Security Package,17,1320.02,643.12,22440.35,11507.37,51.3
6461,Feb,Riyadh,Cloud Storage,1,392.25,208.34,392.25,183.91,46.9
6462,Sep,Dubai,Security Package,41,1306.91,722.49,53583.51,23961.26,44.7
6463,Apr,Riyadh,Enterprise Software,10,1572.79,968.31,15727.89,6044.78,38.4
6464,Jun,Riyadh,Cloud Storage,29,1948.04,935.52,56493.02,29362.82,52.0
6465,Sep,Riyadh,Analytics Suite,41,339.62,143.42,13924.22,8044.18,57.8
6466,Apr,Ajman,Enterprise Software,20,1024.5,511.13,20490.0,10267.43,50.1
6467,May,Dubai,CRM Platform,44,490.47,219.16,21580.63,11937.45,55.3
6468,May,Sharjah,Analytics Suite,27,1980.46,793.79,53472.34,32040.0,59.9
6469,Apr,Abu Dhabi,Enterprise Software,22,1476.29,883.21,32478.33,13047.79,40.2
6470,Mar,Riyadh,Cloud Storage,43,649.93,306.19,27946.79,14780.42,52.9
6471,Aug,Ajman,Enterprise Software,16,1399.53,639.96,22392.55,12153.14,54.3
6472,Jan,Ajman,CRM Platform,40,1866.65,1135.48,74666.11,29246.71,39.2
6473,Nov,Sharjah,CRM Platform,4,1497.34,617.89,5989.34,3517.79,58.7
6474,Oct,Dubai,Cloud Storage,34,1735.82,727.74,59017.86,34274.74,58.1
6475,Jun,Ajman,Security Package,7,904.13,437.89,6328.9,3263.66,51.6
6476,Nov,Dubai,Analytics Suite,49,1528.65,894.34,74903.89,31081.13,41.5
6477,Mar,Dubai,Cloud Storage,19,1339.59,699.14,25452.29,12168.71,47.8
6478,Jul,Ajman,Enterprise Software,33,274.89,151.7,9071.35,4065.39,44.8
6479,Nov,Ajman,Analytics Suite,6,1151.81,735.51,6910.84,2497.8,36.1
6480,Feb,Sharjah,Analytics Suite,13,593.0,266.41,7708.97,4245.6,55.1
6481,Dec,Ajman,Analytics Suite,1,452.86,219.7,452.86,233.16,51.5
6482,Jun,Riyadh,Enterprise Software,28,1453.96,901.19,40710.78,15477.54,38.0
6483,Aug,Riyadh,Enterprise Software,42,1302.72,738.31,54714.39,23705.25,43.3
6484,Mar,Ajman,Security Package,37,307.18,148.15,11365.66,5884.02,51.8
6485,Mar,Sharjah,Security Package,11,354.16,193.45,3895.76,1767.8,45.4
6486,Nov,Dubai,Enterprise Software,19,488.06,266.35,9273.11,4212.55,45.4
6487,Sep,Riyadh,Analytics Suite,8,722.35,340.27,5778.78,3056.62,52.9
6488,Sep,Dubai,Cloud Storage,24,1448.06,722.86,34753.47,17404.79,50.1
6489,Apr,Riyadh,Security Package,38,417.79,256.39,15876.2,6133.29,38.6
6490,Mar,Ajman,Analytics Suite,1,1830.38,1111.43,1830.38,718.95,39.3
6491,Aug,Dubai,Enterprise Software,20,1802.05,789.37,36041.06,20253.75,56.2
6492,Nov,Riyadh,Security Package,20,1463.31,744.77,29266.27,14370.91,49.1
6493,Sep,Riyadh,Security Package,26,925.84,514.82,24071.89,10686.47,44.4
6494,Dec,Riyadh,Enterprise Software,35,464.38,207.42,16253.16,8993.61,55.3
6495,Apr,Riyadh,Enterprise Software,43,894.05,555.86,38444.29,14542.37,37.8
6496,Feb,Sharjah,Security Package,27,761.91,356.78,20571.52,10938.34,53.2
6497,Jun,Riyadh,Enterprise Software,13,1632.61,946.64,21223.98,8917.67,42.0
6498,Feb,Riyadh,Enterprise Software,7,543.24,287.56,3802.67,1789.74,47.1
6499,Feb,Abu Dhabi,Cloud Storage,23,924.76,572.85,21269.39,8093.95,38.1
6500,May,Abu Dhabi,Cloud Storage,12,1177.66,746.07,14131.92,5179.04,36.6
6501,Mar,Dubai,Cloud Storage,47,1778.13,1120.73,83572.15,30897.96,37.0
6502,Jul,Ajman,Cloud Storage,31,1700.54,947.93,52716.6,23330.63,44.3
6503,Mar,Abu Dhabi,Enterprise Software,21,644.41,392.29,13532.71,5294.56,39.1
6504,Apr,Sharjah,Cloud Storage,35,963.04,577.79,33706.45,13483.91,40.0
6505,Jul,Ajman,CRM Platform,2,759.69,329.44,1519.37,860.49,56.6
6506,Sep,Abu Dhabi,Security Package,32,1351.63,848.12,43252.0,16112.14,37.3
6507,Aug,Ajman,CRM Platform,20,293.26,156.82,5865.12,2728.63,46.5
6508,Mar,Ajman,CRM Platform,5,271.49,152.73,1357.45,593.79,43.7
6509,Dec,Abu Dhabi,Analytics Suite,4,236.84,144.03,947.34,371.23,39.2
6510,Feb,Dubai,Analytics Suite,2,1438.26,868.13,2876.52,1140.27,39.6
6511,Mar,Riyadh,CRM Platform,19,1636.9,983.91,31101.14,12406.81,39.9
6512,May,Abu Dhabi,Analytics Suite,12,978.07,461.98,11736.83,6193.11,52.8
6513,Dec,Dubai,CRM Platform,43,1979.82,1085.24,85132.16,38466.74,45.2
6514,Mar,Abu Dhabi,Security Package,32,1996.56,1015.45,63889.94,31395.48,49.1
6515,Sep,Abu Dhabi,Security Package,21,1458.77,663.57,30634.15,16699.21,54.5
6516,Mar,Dubai,Security Package,33,1237.8,776.05,40847.56,15237.82,37.3
6517,Aug,Abu Dhabi,Cloud Storage,36,1371.64,725.59,49378.97,23257.83,47.1
6518,May,Ajman,Enterprise Software,12,1371.28,628.13,16455.41,8917.81,54.2
6519,Feb,Ajman,Cloud Storage,34,1305.55,642.08,44388.8,22558.21,50.8
6520,Feb,Abu Dhabi,Enterprise Software,47,967.49,526.94,45471.88,20705.65,45.5
6521,Nov,Abu Dhabi,Enterprise Software,13,773.75,369.94,10058.71,5249.49,52.2
6522,Jun,Ajman,Enterprise Software,1,1667.17,1076.75,1667.17,590.43,35.4
6523,Aug,Dubai,CRM Platform,24,211.03,113.88,5064.81,2331.6,46.0
6524,May,Sharjah,Security Package,43,1240.16,685.8,53327.04,23837.77,44.7
6525,Jun,Ajman,Cloud Storage,30,880.19,443.65,26405.78,13096.29,49.6
6526,Feb,Ajman,Cloud Storage,16,1184.3,477.12,18948.82,11314.89,59.7
6527,Jun,Sharjah,Security Package,5,1299.6,787.3,6497.99,2561.5,39.4
6528,Dec,Riyadh,Analytics Suite,23,700.23,310.08,16105.22,8973.37,55.7
6529,Jun,Sharjah,Security Package,22,381.48,230.52,8392.54,3321.07,39.6
6530,Dec,Abu Dhabi,Enterprise Software,21,1302.2,635.15,27346.21,14007.97,51.2
6531,Jul,Dubai,Security Package,14,1387.0,677.69,19418.07,9930.46,51.1
6532,Oct,Dubai,Enterprise Software,27,1096.19,532.37,29597.17,15223.12,51.4
6533,Apr,Abu Dhabi,CRM Platform,26,1561.36,911.1,40595.3,16906.58,41.6
6534,Dec,Dubai,Analytics Suite,2,653.26,341.53,1306.51,623.46,47.7
6535,Mar,Ajman,Cloud Storage,16,669.47,338.05,10711.47,5302.69,49.5
6536,Aug,Ajman,Security Package,3,1987.48,893.73,5962.45,3281.25,55.0
6537,Nov,Abu Dhabi,Cloud Storage,35,401.67,212.48,14058.32,6621.63,47.1
6538,Sep,Ajman,Enterprise Software,40,1376.91,747.05,55076.56,25194.74,45.7
6539,May,Abu Dhabi,Analytics Suite,44,997.62,569.14,43895.13,18853.06,43.0
6540,Feb,Sharjah,Cloud Storage,5,1825.68,931.66,9128.42,4470.11,49.0
6541,Jul,Sharjah,Security Package,16,1563.36,820.0,25013.7,11893.74,47.5
6542,Feb,Abu Dhabi,Enterprise Software,20,1291.39,824.54,25827.72,9336.91,36.2
6543,Jan,Abu Dhabi,Enterprise Software,35,1106.96,487.61,38743.72,21677.36,56.0
6544,Jul,Abu Dhabi,Enterprise Software,47,1580.33,940.88,74275.36,30054.23,40.5
6545,Nov,Riyadh,Analytics Suite,2,248.15,149.76,496.3,196.78,39.6
6546,Sep,Riyadh,Enterprise Software,2,638.22,321.9,1276.44,632.64,49.6
6547,Dec,Riyadh,Analytics Suite,6,1419.52,893.48,8517.11,3156.24,37.1
6548,Sep,Abu Dhabi,Enterprise Software,10,748.19,431.41,7481.93,3167.81,42.3
6549,Feb,Dubai,Security Package,29,281.97,149.29,8177.25,3847.81,47.1
6550,Jul,Ajman,Enterprise Software,41,1190.28,634.7,48801.28,22778.5,46.7
6551,Feb,Abu Dhabi,Cloud Storage,19,1222.17,664.23,23221.22,10600.82,45.7
6552,Nov,Dubai,Cloud Storage,9,1932.76,908.45,17394.85,9218.82,53.0
6553,May,Sharjah,CRM Platform,14,1503.63,716.77,21050.77,11015.94,52.3
6554,Jan,Abu Dhabi,Enterprise Software,27,850.2,525.17,22955.45,8775.93,38.2
6555,Jul,Dubai,Analytics Suite,1,318.14,177.29,318.14,140.86,44.3
6556,Feb,Dubai,Cloud Storage,16,805.21,389.31,12883.37,6654.4,51.7
6557,May,Ajman,Security Package,9,285.19,147.75,2566.67,1236.9,48.2
6558,Nov,Abu Dhabi,Cloud Storage,15,1274.23,623.53,19113.49,9760.59,51.1
6559,Nov,Ajman,Cloud Storage,6,1080.42,646.88,6482.51,2601.25,40.1
6560,Oct,Dubai,Security Package,49,1206.74,658.3,59130.46,26873.98,45.4
6561,Aug,Ajman,Security Package,32,962.33,561.9,30794.71,12814.07,41.6
6562,Apr,Sharjah,Enterprise Software,33,1064.69,600.56,35134.75,15316.28,43.6
6563,Oct,Abu Dhabi,Cloud Storage,35,351.24,225.76,12293.55,4391.99,35.7
6564,Aug,Abu Dhabi,Security Package,42,1344.55,591.85,56471.1,31613.41,56.0
6565,Aug,Sharjah,Security Package,15,269.9,132.34,4048.54,2063.49,51.0
6566,Jun,Riyadh,Analytics Suite,22,1530.67,769.12,33674.85,16754.17,49.8
6567,Nov,Riyadh,Enterprise Software,48,1622.66,985.08,77887.6,30604.0,39.3
6568,Feb,Abu Dhabi,Analytics Suite,35,1199.94,685.64,41997.8,18000.35,42.9
6569,Nov,Ajman,Security Package,26,1601.95,932.3,41650.63,17410.85,41.8
6570,Nov,Dubai,Cloud Storage,41,1631.65,794.54,66897.51,34321.16,51.3
6571,Sep,Ajman,Analytics Suite,22,1315.67,824.65,28944.73,10802.37,37.3
6572,Nov,Dubai,Security Package,21,629.17,313.21,13212.5,6635.0,50.2
6573,Jun,Abu Dhabi,Enterprise Software,18,1689.03,929.37,30402.53,13673.91,45.0
6574,Mar,Abu Dhabi,Security Package,29,346.07,187.18,10036.04,4607.69,45.9
6575,Jul,Sharjah,Enterprise Software,15,1129.81,691.29,16947.18,6577.88,38.8
6576,Mar,Ajman,Enterprise Software,4,1529.99,980.54,6119.95,2197.77,35.9
6577,Apr,Dubai,Analytics Suite,30,1206.06,566.58,36181.79,19184.45,53.0
6578,Jun,Dubai,Analytics Suite,44,1367.99,793.09,60191.37,25295.6,42.0
6579,May,Abu Dhabi,Analytics Suite,19,1886.55,1155.24,35844.37,13894.9,38.8
6580,Dec,Ajman,Security Package,38,1419.56,729.66,53943.11,26215.92,48.6
6581,Sep,Riyadh,Security Package,38,1868.83,824.5,71015.6,39684.54,55.9
6582,Jan,Abu Dhabi,Enterprise Software,48,269.66,160.42,12943.61,5243.37,40.5
6583,Jan,Dubai,Analytics Suite,50,1560.97,745.5,78048.7,40773.51,52.2
6584,Mar,Dubai,Enterprise Software,19,924.56,528.87,17566.61,7518.15,42.8
6585,Sep,Sharjah,CRM Platform,45,228.12,145.06,10265.55,3737.73,36.4
6586,Dec,Dubai,Enterprise Software,20,1193.51,599.4,23870.26,11882.29,49.8
6587,Jul,Dubai,Security Package,17,1911.87,835.93,32501.71,18290.86,56.3
6588,May,Ajman,Cloud Storage,20,1682.71,1077.43,33654.12,12105.48,36.0
6589,Oct,Dubai,Analytics Suite,36,945.97,397.82,34054.94,19733.44,57.9
6590,Sep,Dubai,Enterprise Software,30,1039.16,419.24,31174.87,18597.52,59.7
6591,Jun,Abu Dhabi,Cloud Storage,30,1597.8,915.92,47934.14,20456.63,42.7
6592,Jan,Sharjah,Cloud Storage,30,639.69,305.13,19190.79,10036.99,52.3
6593,Sep,Ajman,CRM Platform,37,1985.38,1228.39,73459.05,28008.79,38.1
6594,Nov,Sharjah,Security Package,4,1558.57,872.45,6234.29,2744.51,44.0
6595,Apr,Dubai,Analytics Suite,33,1968.7,1182.6,64967.17,25941.41,39.9
6596,Oct,Ajman,Security Package,48,1100.38,602.43,52818.24,23901.72,45.3
6597,Jul,Abu Dhabi,Analytics Suite,37,489.52,252.97,18112.2,8752.2,48.3
6598,Feb,Sharjah,Security Package,7,1872.36,1067.29,13106.55,5635.53,43.0
6599,Sep,Dubai,Enterprise Software,28,1582.05,746.89,44297.31,23384.41,52.8
6600,Feb,Abu Dhabi,Cloud Storage,17,1860.19,1064.65,31623.2,13524.14,42.8
6601,Sep,Sharjah,Enterprise Software,8,498.89,245.36,3991.14,2028.29,50.8
6602,Jan,Dubai,CRM Platform,2,642.31,295.79,1284.63,693.05,53.9
6603,Apr,Ajman,Analytics Suite,47,1717.18,838.88,80707.3,41279.77,51.1
6604,May,Ajman,CRM Platform,2,1950.51,1167.35,3901.02,1566.31,40.2
6605,Jul,Sharjah,Cloud Storage,9,767.36,474.87,6906.28,2632.43,38.1
6606,Feb,Abu Dhabi,Cloud Storage,5,1678.91,779.79,8394.57,4495.64,53.6
6607,Oct,Dubai,Enterprise Software,2,1352.14,550.24,2704.28,1603.79,59.3
6608,Feb,Dubai,CRM Platform,16,1526.61,858.57,24425.75,10688.62,43.8
6609,Jan,Abu Dhabi,Enterprise Software,24,1768.06,785.25,42433.39,23587.28,55.6
6610,Mar,Sharjah,Analytics Suite,42,1756.3,1046.83,73764.46,29797.6,40.4
6611,Dec,Ajman,Cloud Storage,49,857.97,386.12,42040.4,23120.47,55.0
6612,Jun,Sharjah,Cloud Storage,50,963.96,415.39,48197.81,27428.25,56.9
6613,Nov,Ajman,Enterprise Software,21,1402.54,778.82,29453.25,13098.05,44.5
6614,May,Riyadh,Analytics Suite,48,455.0,272.1,21840.21,8779.18,40.2
6615,May,Dubai,Security Package,22,766.25,390.52,16857.51,8266.13,49.0
6616,Mar,Sharjah,Security Package,26,1153.94,669.24,30002.49,12602.27,42.0
6617,Jan,Riyadh,Analytics Suite,35,391.64,240.03,13707.38,5306.42,38.7
6618,Jan,Riyadh,Analytics Suite,12,1638.33,710.04,19659.96,11139.5,56.7
6619,Jun,Sharjah,Security Package,38,613.98,298.98,23331.31,11970.05,51.3
6620,Nov,Dubai,Cloud Storage,48,1879.31,908.3,90206.94,46608.58,51.7
6621,Sep,Abu Dhabi,Security Package,2,804.91,508.31,1609.83,593.2,36.8
6622,Jan,Ajman,Analytics Suite,32,1488.93,784.84,47645.72,22530.7,47.3
6623,Apr,Riyadh,CRM Platform,24,666.64,398.31,15999.47,6440.06,40.3
6624,Jun,Sharjah,Cloud Storage,12,704.9,405.53,8458.77,3592.37,42.5
6625,Aug,Ajman,CRM Platform,17,713.49,447.67,12129.39,4518.97,37.3
6626,May,Riyadh,CRM Platform,38,641.51,305.7,24377.29,12760.79,52.3
6627,Jan,Sharjah,Enterprise Software,28,215.68,116.91,6038.94,2765.38,45.8
6628,Jul,Riyadh,Cloud Storage,20,1183.41,510.61,23668.12,13455.88,56.9
6629,Jun,Ajman,Analytics Suite,14,1094.31,600.15,15320.34,6918.31,45.2
6630,Nov,Riyadh,Analytics Suite,19,1375.8,680.97,26140.28,13201.89,50.5
6631,Mar,Riyadh,Enterprise Software,8,239.85,146.7,1918.81,745.24,38.8
6632,Mar,Dubai,CRM Platform,24,655.91,422.69,15741.75,5597.12,35.6
6633,Jul,Abu Dhabi,Security Package,3,366.64,186.45,1099.93,540.58,49.1
6634,Apr,Riyadh,Security Package,10,1716.33,1005.42,17163.33,7109.17,41.4
6635,Aug,Ajman,Enterprise Software,37,457.98,292.22,16945.37,6133.38,36.2
6636,Dec,Sharjah,Enterprise Software,31,733.97,316.41,22753.0,12944.32,56.9
6637,Apr,Ajman,Enterprise Software,9,869.12,488.68,7822.07,3423.95,43.8
6638,May,Abu Dhabi,Security Package,16,1413.18,776.36,22610.81,10189.07,45.1
6639,May,Riyadh,Analytics Suite,10,1027.87,558.45,10278.73,4694.28,45.7
6640,Jul,Abu Dhabi,Cloud Storage,6,1615.44,847.86,9692.67,4605.53,47.5
6641,Jul,Sharjah,Security Package,47,672.61,424.83,31612.87,11645.74,36.8
6642,Dec,Sharjah,Security Package,48,1812.53,1047.31,87001.53,36730.86,42.2
6643,Dec,Sharjah,CRM Platform,33,1776.52,787.58,58625.29,32635.22,55.7
6644,Aug,Abu Dhabi,Enterprise Software,46,1773.35,1011.28,81573.98,35055.32,43.0
6645,Dec,Abu Dhabi,CRM Platform,7,1152.35,499.18,8066.45,4572.22,56.7
6646,Jan,Abu Dhabi,Analytics Suite,11,583.9,374.42,6422.89,2304.23,35.9
6647,Aug,Ajman,Cloud Storage,25,384.25,192.96,9606.29,4782.36,49.8
6648,Nov,Sharjah,Enterprise Software,18,1961.29,920.91,35303.21,18726.9,53.0
6649,Nov,Ajman,Analytics Suite,24,378.74,166.96,9089.72,5082.58,55.9
6650,Sep,Ajman,Cloud Storage,6,1922.6,1232.78,11535.62,4138.91,35.9
6651,Mar,Sharjah,Enterprise Software,46,1765.01,763.92,81190.36,46050.01,56.7
6652,Jan,Riyadh,Cloud Storage,31,1594.9,754.37,49441.93,26056.47,52.7
6653,Jun,Sharjah,Security Package,11,1627.65,1030.33,17904.2,6570.57,36.7
6654,Jul,Abu Dhabi,CRM Platform,32,1066.73,499.47,34135.5,18152.34,53.2
6655,Apr,Abu Dhabi,Security Package,21,1458.58,662.57,30630.21,16716.26,54.6
6656,Apr,Abu Dhabi,CRM Platform,47,1617.57,936.35,76025.62,32017.21,42.1
6657,Oct,Riyadh,Cloud Storage,27,1585.53,863.5,42809.2,19494.58,45.5
6658,Feb,Dubai,Analytics Suite,3,221.46,109.58,664.37,335.61,50.5
6659,Mar,Ajman,CRM Platform,5,663.43,413.65,3317.14,1248.87,37.6
6660,Jul,Sharjah,Security Package,37,1399.67,693.77,51787.76,26118.41,50.4
6661,Aug,Sharjah,Cloud Storage,5,850.15,415.82,4250.73,2171.62,51.1
6662,Jan,Abu Dhabi,Enterprise Software,23,526.73,284.47,12114.73,5571.82,46.0
6663,Feb,Riyadh,Cloud Storage,36,1015.72,413.99,36565.81,21662.3,59.2
6664,Jan,Riyadh,Analytics Suite,31,1320.85,806.15,40946.48,15955.85,39.0
6665,Apr,Ajman,CRM Platform,7,1968.33,1088.63,13778.31,6157.87,44.7
6666,Feb,Abu Dhabi,Analytics Suite,48,760.41,368.78,36499.85,18798.47,51.5
6667,Nov,Abu Dhabi,CRM Platform,24,1291.77,784.57,31002.41,12172.66,39.3
6668,Mar,Dubai,Security Package,27,1179.4,477.23,31843.78,18958.69,59.5
6669,Aug,Riyadh,Enterprise Software,10,511.08,276.08,5110.79,2349.97,46.0
6670,Mar,Ajman,Enterprise Software,49,418.23,228.39,20493.25,9302.18,45.4
6671,Mar,Sharjah,Analytics Suite,16,1273.18,713.99,20370.82,8946.96,43.9
6672,Jul,Sharjah,Security Package,50,268.04,122.94,13402.24,7255.38,54.1
6673,Oct,Dubai,Analytics Suite,50,1808.61,956.8,90430.31,42590.54,47.1
6674,Feb,Ajman,Analytics Suite,30,849.4,507.42,25482.04,10259.32,40.3
6675,Mar,Dubai,Cloud Storage,13,224.77,142.5,2922.0,1069.49,36.6
6676,Jan,Riyadh,Security Package,28,1754.7,1090.54,49131.7,18596.48,37.9
6677,Aug,Sharjah,Enterprise Software,22,221.22,141.29,4866.77,1758.43,36.1
6678,Apr,Sharjah,Enterprise Software,2,284.74,150.43,569.49,268.62,47.2
6679,Aug,Riyadh,CRM Platform,42,829.19,476.92,34825.87,14795.18,42.5
6680,Jun,Ajman,Analytics Suite,44,1174.18,748.39,51663.81,18734.68,36.3
6681,Jun,Dubai,Security Package,37,1555.5,740.29,57553.59,30162.96,52.4
6682,Oct,Dubai,Analytics Suite,29,516.76,238.76,14985.92,8062.02,53.8
6683,May,Ajman,Security Package,44,908.02,464.3,39953.01,19523.91,48.9
6684,Jun,Riyadh,CRM Platform,7,1172.32,505.52,8206.23,4667.62,56.9
6685,May,Abu Dhabi,Enterprise Software,15,1372.34,641.7,20585.13,10959.57,53.2
6686,Nov,Sharjah,Enterprise Software,45,666.65,333.55,29999.28,14989.39,50.0
6687,Jul,Dubai,CRM Platform,17,1392.32,880.32,23669.41,8704.03,36.8
6688,Oct,Riyadh,Cloud Storage,19,391.91,233.59,7446.38,3008.13,40.4
6689,May,Ajman,CRM Platform,3,994.92,620.43,2984.75,1123.45,37.6
6690,Oct,Riyadh,CRM Platform,33,1524.4,939.37,50305.09,19305.97,38.4
6691,Jun,Sharjah,Security Package,29,687.32,287.88,19932.27,11583.75,58.1
6692,Jul,Dubai,Enterprise Software,42,1659.88,845.19,69715.1,34216.97,49.1
6693,May,Abu Dhabi,CRM Platform,6,1107.21,615.83,6643.24,2948.25,44.4
6694,Sep,Riyadh,CRM Platform,40,1806.98,820.65,72279.27,39453.16,54.6
6695,Feb,Ajman,Enterprise Software,11,701.73,318.02,7719.05,4220.85,54.7
6696,Dec,Dubai,CRM Platform,18,841.47,477.54,15146.52,6550.89,43.3
6697,May,Riyadh,Cloud Storage,16,1975.82,1006.95,31613.1,15501.96,49.0
6698,Aug,Dubai,Analytics Suite,1,726.91,378.44,726.91,348.47,47.9
6699,Jul,Riyadh,Cloud Storage,23,322.89,170.24,7426.47,3510.94,47.3
6700,Jul,Ajman,Analytics Suite,38,521.18,264.77,19804.9,9743.47,49.2
6701,Jan,Riyadh,Cloud Storage,50,1599.38,1023.56,79969.08,28791.16,36.0
6702,Apr,Abu Dhabi,CRM Platform,22,1597.37,685.99,35142.05,20050.21,57.1
6703,Aug,Sharjah,CRM Platform,12,1980.21,868.47,23762.56,13340.9,56.1
6704,Jan,Abu Dhabi,Enterprise Software,36,1604.77,825.59,57771.77,28050.58,48.6
6705,Jun,Riyadh,Security Package,38,407.25,186.74,15475.5,8379.49,54.1
6706,Jun,Sharjah,Cloud Storage,50,899.05,364.05,44952.4,26749.81,59.5
6707,Dec,Riyadh,Security Package,1,1775.83,858.46,1775.83,917.37,51.7
6708,Apr,Ajman,Security Package,27,1376.05,566.31,37153.46,21863.16,58.8
6709,Apr,Abu Dhabi,Enterprise Software,18,331.71,208.17,5970.86,2223.83,37.2
6710,Jun,Abu Dhabi,CRM Platform,42,540.29,295.58,22692.04,10277.75,45.3
6711,Dec,Sharjah,CRM Platform,35,680.54,423.64,23818.96,8991.51,37.7
6712,Dec,Riyadh,CRM Platform,29,1669.46,679.31,48414.36,28714.4,59.3
6713,Jul,Ajman,Enterprise Software,3,244.81,114.59,734.43,390.65,53.2
6714,May,Ajman,Enterprise Software,16,645.54,330.05,10328.59,5047.74,48.9
6715,Dec,Dubai,Analytics Suite,38,342.82,211.49,13027.19,4990.44,38.3
6716,May,Ajman,Analytics Suite,13,897.53,457.22,11667.95,5724.06,49.1
6717,Sep,Ajman,Cloud Storage,45,1025.18,457.86,46132.96,25529.31,55.3
6718,Aug,Dubai,Analytics Suite,46,1081.63,514.06,49754.84,26108.22,52.5
6719,May,Dubai,Analytics Suite,24,1700.01,865.79,40800.29,20021.45,49.1
6720,Mar,Dubai,Security Package,19,1568.56,911.51,29802.7,12484.11,41.9
6721,May,Sharjah,Enterprise Software,11,1080.26,529.74,11882.85,6055.66,51.0
6722,May,Abu Dhabi,Enterprise Software,7,1506.43,830.18,10544.99,4733.75,44.9
6723,Mar,Riyadh,CRM Platform,27,573.03,266.21,15471.86,8284.26,53.5
6724,Feb,Riyadh,Cloud Storage,41,489.86,221.04,20084.25,11021.46,54.9
6725,Oct,Abu Dhabi,Security Package,34,1814.7,1096.62,61699.68,24414.75,39.6
6726,Jun,Abu Dhabi,Enterprise Software,37,1613.86,651.31,59713.0,35614.35,59.6
6727,Mar,Dubai,Cloud Storage,43,1452.87,686.29,62473.5,32963.08,52.8
6728,May,Sharjah,Security Package,50,831.99,427.1,41599.58,20244.65,48.7
6729,Jun,Ajman,Enterprise Software,43,678.65,396.01,29182.1,12153.7,41.6
6730,Jul,Ajman,CRM Platform,1,734.06,370.28,734.06,363.78,49.6
6731,Oct,Riyadh,Cloud Storage,6,1805.5,903.59,10832.99,5411.43,50.0
6732,Aug,Sharjah,Analytics Suite,42,921.21,580.51,38690.77,14309.54,37.0
6733,Jun,Ajman,CRM Platform,31,1495.24,741.96,46352.38,23351.55,50.4
6734,Jul,Sharjah,CRM Platform,3,1211.85,522.83,3635.55,2067.06,56.9
6735,Nov,Riyadh,Analytics Suite,9,1255.01,599.53,11295.07,5899.27,52.2
6736,Feb,Sharjah,Cloud Storage,32,854.76,403.34,27352.39,14445.36,52.8
6737,Sep,Riyadh,Security Package,32,1152.6,631.99,36883.06,16659.3,45.2
6738,Mar,Riyadh,CRM Platform,30,849.07,496.79,25472.01,10568.33,41.5
6739,Jan,Abu Dhabi,Cloud Storage,28,338.61,194.69,9481.05,4029.85,42.5
6740,Jul,Sharjah,Enterprise Software,39,506.3,307.18,19745.77,7765.67,39.3
6741,Nov,Ajman,Cloud Storage,34,977.23,558.38,33225.83,14240.83,42.9
6742,Jul,Dubai,Enterprise Software,31,451.45,227.4,13994.85,6945.34,49.6
6743,Oct,Ajman,Cloud Storage,3,642.36,385.43,1927.07,770.78,40.0
6744,Apr,Dubai,Analytics Suite,4,549.17,294.35,2196.66,1019.26,46.4
6745,Apr,Abu Dhabi,Security Package,16,1677.44,1047.07,26838.96,10085.83,37.6
6746,Sep,Dubai,Enterprise Software,17,1403.45,701.9,23858.67,11926.45,50.0
6747,Sep,Sharjah,Security Package,21,817.65,428.89,17170.62,8163.98,47.5
6748,Dec,Sharjah,Cloud Storage,19,839.86,455.52,15957.39,7302.45,45.8
6749,Feb,Dubai,Analytics Suite,18,547.14,302.11,9848.58,4410.65,44.8
6750,Aug,Sharjah,Analytics Suite,46,1916.66,867.82,88166.25,48246.31,54.7
6751,Oct,Dubai,CRM Platform,35,559.49,293.97,19582.29,9293.41,47.5
6752,Jun,Dubai,Cloud Storage,23,1943.98,1241.84,44711.6,16149.38,36.1
6753,Apr,Riyadh,CRM Platform,43,1976.61,1189.87,84994.42,33830.21,39.8
6754,Jun,Riyadh,Security Package,46,1793.41,958.22,82496.69,38418.74,46.6
6755,Aug,Sharjah,Enterprise Software,42,1160.99,505.28,48761.68,27539.79,56.5
6756,Dec,Ajman,Enterprise Software,8,1280.01,752.0,10240.08,4224.11,41.3
6757,Mar,Dubai,CRM Platform,17,1749.28,1108.29,29737.77,10896.88,36.6
6758,Jul,Sharjah,CRM Platform,46,1908.16,1045.63,87775.37,39676.42,45.2
6759,May,Ajman,Security Package,9,976.91,600.8,8792.15,3384.96,38.5
6760,Oct,Dubai,CRM Platform,30,544.23,283.19,16326.92,7831.26,48.0
6761,Feb,Riyadh,Enterprise Software,1,436.01,282.1,436.01,153.91,35.3
6762,Oct,Ajman,Enterprise Software,49,304.63,181.76,14926.91,6020.67,40.3
6763,Dec,Riyadh,Analytics Suite,48,1416.97,611.85,68014.79,38645.89,56.8
6764,Sep,Dubai,Cloud Storage,43,1017.55,432.68,43754.81,25149.62,57.5
6765,Jun,Abu Dhabi,Enterprise Software,41,335.42,137.64,13752.09,8108.69,59.0
6766,Dec,Sharjah,Analytics Suite,25,508.74,242.25,12718.48,6662.11,52.4
6767,Dec,Sharjah,CRM Platform,12,470.91,199.41,5650.89,3257.95,57.7
6768,Jul,Sharjah,CRM Platform,14,1337.91,614.04,18730.68,10134.13,54.1
6769,Jan,Abu Dhabi,Analytics Suite,34,480.19,214.72,16326.32,9025.96,55.3
6770,Mar,Abu Dhabi,CRM Platform,21,633.05,338.44,13294.01,6186.83,46.5
6771,Apr,Sharjah,Enterprise Software,4,1357.77,649.65,5431.08,2832.47,52.2
6772,May,Riyadh,Security Package,5,1410.61,879.51,7053.06,2655.53,37.7
6773,May,Dubai,Cloud Storage,34,735.55,432.69,25008.58,10297.13,41.2
6774,Aug,Sharjah,Enterprise Software,18,864.33,509.95,15557.95,6378.89,41.0
6775,Dec,Riyadh,Cloud Storage,16,1894.99,1002.21,30319.84,14284.5,47.1
6776,Oct,Riyadh,Security Package,30,244.0,113.76,7319.95,3907.03,53.4
6777,Apr,Dubai,Analytics Suite,6,243.29,135.01,1459.72,649.67,44.5
6778,Feb,Ajman,CRM Platform,43,1203.07,552.09,51732.1,27992.11,54.1
6779,Mar,Sharjah,Cloud Storage,49,1765.72,915.84,86520.52,41644.16,48.1
6780,Jul,Abu Dhabi,CRM Platform,23,817.67,417.18,18806.31,9211.16,49.0
6781,Mar,Dubai,CRM Platform,29,842.54,536.49,24433.72,8875.47,36.3
6782,May,Sharjah,Analytics Suite,36,1868.15,881.82,67253.55,35508.18,52.8
6783,Jul,Dubai,Cloud Storage,27,970.38,470.54,26200.35,13495.89,51.5
6784,Apr,Abu Dhabi,Security Package,50,1238.78,764.94,61939.07,23692.29,38.3
6785,Mar,Riyadh,Analytics Suite,30,1474.04,896.32,44221.35,17331.8,39.2
6786,Jan,Dubai,Analytics Suite,42,376.8,234.06,15825.58,5995.12,37.9
6787,Oct,Abu Dhabi,Cloud Storage,4,986.0,510.88,3943.98,1900.46,48.2
6788,Nov,Riyadh,Security Package,22,1107.64,689.96,24368.16,9189.0,37.7
6789,Apr,Ajman,CRM Platform,14,1468.74,893.08,20562.37,8059.25,39.2
6790,Oct,Dubai,Cloud Storage,39,1756.19,799.53,68491.41,37309.89,54.5
6791,Feb,Dubai,Security Package,10,1975.51,961.4,19755.15,10141.12,51.3
6792,Dec,Abu Dhabi,Security Package,24,767.1,434.94,18410.52,7971.95,43.3
6793,Mar,Dubai,Analytics Suite,6,1621.59,684.95,9729.52,5619.84,57.8
6794,Jan,Abu Dhabi,Cloud Storage,46,904.87,509.77,41624.17,18174.73,43.7
6795,Feb,Sharjah,Security Package,3,206.94,97.06,620.82,329.64,53.1
6796,Jul,Sharjah,Cloud Storage,17,1777.79,885.47,30222.5,15169.46,50.2
6797,Apr,Sharjah,Analytics Suite,11,1547.75,837.11,17025.22,7817.02,45.9
6798,Feb,Ajman,Security Package,17,465.24,266.35,7909.04,3381.08,42.7
6799,Aug,Dubai,Enterprise Software,41,470.44,296.36,19288.16,7137.35,37.0
6800,Dec,Ajman,CRM Platform,33,630.16,276.83,20795.2,11659.82,56.1
6801,Nov,Riyadh,Enterprise Software,33,1824.43,1149.43,60206.08,22274.98,37.0
6802,Nov,Riyadh,Analytics Suite,31,391.56,215.51,12138.44,5457.49,45.0
6803,Sep,Abu Dhabi,Cloud Storage,49,869.84,356.52,42622.13,25152.47,59.0
6804,Jan,Dubai,Security Package,4,1398.08,633.23,5592.33,3059.42,54.7
6805,Sep,Abu Dhabi,Analytics Suite,47,1748.84,981.71,82195.49,36055.28,43.9
6806,Jun,Ajman,CRM Platform,19,924.48,497.26,17565.06,8117.13,46.2
6807,Mar,Dubai,CRM Platform,36,1384.53,887.46,49842.94,17894.53,35.9
6808,May,Dubai,Cloud Storage,18,1646.17,920.92,29630.98,13054.5,44.1
6809,Dec,Abu Dhabi,Cloud Storage,19,1676.08,818.64,31845.55,16291.33,51.2
6810,May,Ajman,Security Package,50,317.1,150.36,15855.22,8337.12,52.6
6811,Jun,Ajman,Cloud Storage,8,1037.97,543.66,8303.77,3954.5,47.6
6812,Sep,Sharjah,Enterprise Software,24,394.81,229.88,9475.33,3958.11,41.8
6813,Oct,Ajman,CRM Platform,44,895.89,515.95,39419.1,16717.29,42.4
6814,Oct,Riyadh,Analytics Suite,27,788.98,396.82,21302.35,10588.12,49.7
6815,Dec,Dubai,Cloud Storage,15,1005.87,481.5,15087.99,7865.46,52.1
6816,Jul,Abu Dhabi,Security Package,48,689.69,320.06,33104.89,17741.85,53.6
6817,Jan,Abu Dhabi,Enterprise Software,37,487.56,313.35,18039.74,6445.77,35.7
6818,Feb,Abu Dhabi,Analytics Suite,47,678.02,331.06,31866.82,16306.84,51.2
6819,Dec,Riyadh,Analytics Suite,13,1015.69,439.4,13203.92,7491.7,56.7
6820,Jul,Ajman,CRM Platform,3,691.43,325.79,2074.29,1096.91,52.9
6821,Apr,Ajman,Analytics Suite,4,532.79,325.84,2131.18,827.83,38.8
6822,Feb,Dubai,Security Package,15,1622.14,711.82,24332.03,13654.8,56.1
6823,Mar,Riyadh,Security Package,8,229.05,136.24,1832.43,742.52,40.5
6824,May,Sharjah,Cloud Storage,43,542.35,237.66,23320.89,13101.51,56.2
6825,Jan,Riyadh,Analytics Suite,6,1489.34,846.58,8936.03,3856.55,43.2
6826,Jul,Sharjah,Security Package,9,1202.59,488.72,10823.27,6424.75,59.4
6827,Jun,Ajman,Security Package,13,1286.22,810.69,16720.9,6181.94,37.0
6828,Apr,Ajman,Security Package,43,1997.7,945.94,85901.03,45225.65,52.6
6829,Aug,Ajman,CRM Platform,44,1322.66,545.7,58197.22,34186.54,58.7
6830,Mar,Ajman,Security Package,20,746.21,378.88,14924.14,7346.62,49.2
6831,Oct,Ajman,CRM Platform,20,1438.1,655.05,28761.99,15661.04,54.5
6832,Nov,Dubai,Security Package,20,578.65,290.55,11573.02,5761.99,49.8
6833,Dec,Abu Dhabi,Analytics Suite,2,1152.88,557.82,2305.76,1190.12,51.6
6834,Nov,Abu Dhabi,Analytics Suite,28,497.3,258.19,13924.43,6695.13,48.1
6835,Jul,Abu Dhabi,CRM Platform,37,1551.41,677.32,57402.03,32341.12,56.3
6836,Aug,Abu Dhabi,Analytics Suite,48,1666.31,869.75,79982.96,38235.02,47.8
6837,Sep,Sharjah,CRM Platform,46,1290.33,569.57,59355.15,33155.09,55.9
6838,Aug,Dubai,Analytics Suite,12,546.39,310.34,6556.64,2832.51,43.2
6839,Nov,Abu Dhabi,Analytics Suite,17,1775.43,1144.33,30182.3,10728.74,35.5
6840,Feb,Ajman,CRM Platform,3,836.19,530.42,2508.57,917.29,36.6
6841,Dec,Sharjah,Security Package,48,895.4,480.57,42979.36,19911.84,46.3
6842,Jul,Ajman,Security Package,11,1103.88,593.03,12142.64,5619.32,46.3
6843,Aug,Riyadh,Security Package,40,1940.54,908.1,77621.77,41297.9,53.2
6844,May,Sharjah,Security Package,2,1557.04,887.58,3114.08,1338.91,43.0
6845,Feb,Riyadh,Analytics Suite,34,1922.74,1067.88,65373.07,29065.14,44.5
6846,Feb,Sharjah,CRM Platform,15,1401.0,656.04,21014.97,11174.33,53.2
6847,Apr,Riyadh,Security Package,45,1380.39,851.99,62117.69,23778.23,38.3
6848,Sep,Riyadh,Cloud Storage,2,418.35,227.93,836.7,380.84,45.5
6849,Aug,Abu Dhabi,Analytics Suite,27,1254.11,753.88,33860.99,13506.29,39.9
6850,Aug,Abu Dhabi,CRM Platform,39,1945.0,898.44,75854.95,40815.61,53.8
6851,Jan,Riyadh,Security Package,6,1596.61,988.57,9579.67,3648.28,38.1
6852,Feb,Abu Dhabi,Enterprise Software,25,587.11,308.41,14677.76,6967.63,47.5
6853,Jan,Sharjah,Cloud Storage,1,1328.93,611.46,1328.93,717.47,54.0
6854,Mar,Dubai,Analytics Suite,14,331.75,148.86,4644.54,2560.48,55.1
6855,Nov,Ajman,Cloud Storage,5,723.96,290.47,3619.8,2167.47,59.9
6856,Feb,Riyadh,Cloud Storage,11,1073.06,478.48,11803.68,6540.44,55.4
6857,Oct,Dubai,Security Package,28,1071.03,437.77,29988.89,17731.2,59.1
6858,Oct,Dubai,Cloud Storage,23,1287.91,804.16,29621.96,11126.26,37.6
6859,Nov,Abu Dhabi,Enterprise Software,50,1021.7,571.03,51084.95,22533.52,44.1
6860,Dec,Ajman,Security Package,45,224.73,129.17,10113.04,4300.18,42.5
6861,Nov,Dubai,Security Package,49,1547.62,987.08,75833.62,27466.61,36.2
6862,Apr,Ajman,Analytics Suite,49,513.49,243.14,25161.25,13247.24,52.6
6863,Apr,Sharjah,Security Package,17,1984.14,1182.62,33730.35,13625.73,40.4
6864,Feb,Riyadh,CRM Platform,24,1843.66,881.55,44247.88,23090.58,52.2
6865,Jul,Ajman,Analytics Suite,40,407.48,210.38,16299.36,7884.02,48.4
6866,Aug,Dubai,Security Package,1,440.07,191.5,440.07,248.57,56.5
6867,May,Abu Dhabi,Enterprise Software,4,283.86,130.39,1135.43,613.86,54.1
6868,Sep,Riyadh,Enterprise Software,47,563.79,313.9,26498.12,11744.63,44.3
6869,Mar,Riyadh,Enterprise Software,14,501.92,248.5,7026.83,3547.78,50.5
6870,Jun,Dubai,Enterprise Software,39,1766.78,801.54,68904.51,37644.34,54.6
6871,Sep,Sharjah,Enterprise Software,15,449.9,262.74,6748.47,2807.32,41.6
6872,Dec,Sharjah,Cloud Storage,29,891.88,437.23,25864.66,13184.86,51.0
6873,Feb,Dubai,Cloud Storage,15,401.07,204.21,6015.99,2952.87,49.1
6874,Dec,Riyadh,Analytics Suite,19,498.12,318.12,9464.35,3420.02,36.1
6875,Jul,Abu Dhabi,Cloud Storage,32,1423.34,605.46,45546.88,26172.21,57.5
6876,Aug,Dubai,CRM Platform,33,399.47,240.0,13182.51,5262.44,39.9
6877,Jul,Ajman,Security Package,48,444.26,244.1,21324.43,9607.71,45.1
6878,Feb,Abu Dhabi,Analytics Suite,22,539.84,269.51,11876.56,5947.26,50.1
6879,Jul,Sharjah,Cloud Storage,29,620.95,250.82,18007.59,10733.69,59.6
6880,Oct,Abu Dhabi,Enterprise Software,37,737.96,384.35,27304.5,13083.45,47.9
6881,Nov,Sharjah,Cloud Storage,2,709.24,403.15,1418.49,612.18,43.2
6882,Feb,Sharjah,Cloud Storage,39,1139.43,677.76,44437.79,18005.01,40.5
6883,Jan,Dubai,Analytics Suite,29,780.23,374.46,22626.77,11767.45,52.0
6884,Sep,Riyadh,Analytics Suite,21,494.87,233.98,10392.27,5478.77,52.7
6885,Jan,Ajman,CRM Platform,15,1607.0,845.37,24105.07,11424.55,47.4
6886,Oct,Ajman,CRM Platform,32,289.12,116.15,9251.84,5535.06,59.8
6887,Nov,Abu Dhabi,Enterprise Software,29,906.87,512.35,26299.12,11440.91,43.5
6888,Sep,Dubai,Analytics Suite,15,779.48,451.68,11692.13,4916.87,42.1
6889,Aug,Dubai,Enterprise Software,11,995.36,511.26,10948.95,5325.12,48.6
6890,Apr,Riyadh,CRM Platform,47,447.58,200.0,21036.34,11636.26,55.3
6891,Dec,Dubai,Enterprise Software,36,1833.99,793.4,66023.82,37461.32,56.7
6892,Feb,Sharjah,Enterprise Software,49,483.77,293.46,23704.74,9325.34,39.3
6893,Jul,Sharjah,Enterprise Software,13,1729.7,922.86,22486.07,10488.83,46.6
6894,Oct,Dubai,Security Package,3,854.98,380.2,2564.93,1424.33,55.5
6895,Jun,Dubai,CRM Platform,5,319.06,165.04,1595.29,770.1,48.3
6896,Feb,Sharjah,CRM Platform,47,359.69,148.28,16905.33,9936.01,58.8
6897,Sep,Ajman,Analytics Suite,23,1890.49,1161.61,43481.24,16764.11,38.6
6898,Sep,Riyadh,CRM Platform,36,929.97,417.38,33478.93,18453.23,55.1
6899,May,Dubai,Cloud Storage,4,1006.1,568.51,4024.38,1750.36,43.5
6900,Nov,Dubai,Analytics Suite,20,1177.44,494.6,23548.89,13656.89,58.0
6901,Nov,Abu Dhabi,Security Package,34,416.85,173.25,14172.78,8282.43,58.4
6902,May,Dubai,Enterprise Software,22,1457.66,765.22,32068.56,15233.79,47.5
6903,Aug,Ajman,CRM Platform,27,1823.81,996.02,49242.99,22350.52,45.4
6904,May,Sharjah,Cloud Storage,37,918.39,374.01,33980.45,20142.02,59.3
6905,Oct,Ajman,Enterprise Software,10,1622.27,831.35,16222.66,7909.16,48.8
6906,Feb,Sharjah,Analytics Suite,31,1766.0,912.45,54746.09,26460.14,48.3
6907,Mar,Dubai,Cloud Storage,43,570.14,228.66,24516.2,14684.0,59.9
6908,May,Sharjah,Cloud Storage,29,1108.64,488.4,32150.64,17986.98,55.9
6909,Jun,Ajman,Cloud Storage,13,1511.35,626.95,19647.56,11497.17,58.5
6910,Nov,Sharjah,Security Package,45,528.66,246.85,23789.48,12681.14,53.3
6911,Aug,Riyadh,Security Package,16,849.37,446.35,13589.91,6448.31,47.4
6912,Mar,Abu Dhabi,CRM Platform,40,1293.83,824.69,51753.24,18765.6,36.3
6913,Dec,Abu Dhabi,Analytics Suite,31,1805.15,1005.02,55959.6,24803.87,44.3
6914,Jan,Abu Dhabi,Analytics Suite,40,636.82,334.81,25472.85,12080.31,47.4
6915,Dec,Ajman,Cloud Storage,39,1639.84,782.34,63953.69,33442.43,52.3
6916,Sep,Ajman,Analytics Suite,19,679.82,387.04,12916.6,5562.76,43.1
6917,Sep,Abu Dhabi,Security Package,15,774.37,456.65,11615.57,4765.88,41.0
6918,Dec,Sharjah,Cloud Storage,16,1285.06,691.71,20560.94,9493.64,46.2
6919,Nov,Riyadh,CRM Platform,30,929.47,555.13,27884.1,11230.09,40.3
6920,Apr,Abu Dhabi,CRM Platform,22,1951.96,1203.64,42943.06,16463.07,38.3
6921,Jan,Abu Dhabi,Analytics Suite,25,1335.38,553.02,33384.59,19559.02,58.6
6922,Jul,Dubai,CRM Platform,13,642.52,382.22,8352.73,3383.81,40.5
6923,Dec,Dubai,Analytics Suite,9,365.36,182.53,3288.23,1645.47,50.0
6924,Dec,Abu Dhabi,Analytics Suite,22,518.69,320.77,11411.29,4354.36,38.2
6925,Mar,Abu Dhabi,CRM Platform,34,1201.89,535.43,40864.21,22659.74,55.5
6926,Jun,Abu Dhabi,Cloud Storage,30,257.88,120.94,7736.34,4108.12,53.1
6927,Dec,Sharjah,Analytics Suite,8,1532.35,951.6,12258.83,4646.01,37.9
6928,May,Sharjah,Cloud Storage,19,1881.23,792.02,35743.32,20694.91,57.9
6929,Jun,Dubai,CRM Platform,17,1800.94,839.68,30615.9,16341.42,53.4
6930,Aug,Riyadh,Analytics Suite,42,719.87,425.68,30234.71,12356.1,40.9
6931,Sep,Dubai,Security Package,46,738.71,453.62,33980.6,13114.02,38.6
6932,Apr,Sharjah,CRM Platform,33,397.39,195.42,13113.84,6664.82,50.8
6933,Feb,Abu Dhabi,Security Package,8,1961.66,984.69,15693.32,7815.78,49.8
6934,Mar,Ajman,Security Package,17,1389.13,655.76,23615.2,12467.21,52.8
6935,Sep,Riyadh,Security Package,29,512.35,261.42,14858.24,7277.09,49.0
6936,Apr,Abu Dhabi,Analytics Suite,42,1833.35,1016.74,77000.57,34297.57,44.5
6937,Nov,Ajman,Analytics Suite,37,1661.57,814.22,61478.01,31351.73,51.0
6938,Aug,Dubai,Enterprise Software,21,1657.14,771.02,34799.9,18608.46,53.5
6939,Apr,Dubai,Security Package,18,1064.19,577.01,19155.47,8769.2,45.8
6940,Jun,Abu Dhabi,Enterprise Software,30,1662.98,897.06,49889.42,22977.76,46.1
6941,Dec,Sharjah,Analytics Suite,13,1995.76,811.13,25944.83,15400.13,59.4
6942,Mar,Riyadh,Enterprise Software,17,928.1,440.82,15777.76,8283.88,52.5
6943,Sep,Abu Dhabi,CRM Platform,41,1425.0,918.58,58424.92,20763.06,35.5
6944,Apr,Abu Dhabi,Analytics Suite,48,285.4,172.52,13699.32,5418.18,39.6
6945,Nov,Dubai,Analytics Suite,27,223.84,113.08,6043.77,2990.58,49.5
6946,Feb,Riyadh,CRM Platform,47,247.67,149.16,11640.63,4630.05,39.8
6947,Apr,Riyadh,CRM Platform,48,1002.57,478.61,48123.51,25150.41,52.3
6948,Feb,Dubai,Cloud Storage,34,1843.15,1012.68,62667.13,28235.91,45.1
6949,Jun,Dubai,CRM Platform,1,964.53,590.66,964.53,373.88,38.8
6950,Feb,Sharjah,CRM Platform,23,1246.35,530.44,28666.16,16466.02,57.4
6951,Jan,Abu Dhabi,Analytics Suite,9,1508.86,675.6,13579.78,7499.4,55.2
6952,Jan,Ajman,Enterprise Software,17,1570.77,701.84,26703.12,14771.86,55.3
6953,Sep,Ajman,Cloud Storage,40,1174.04,701.26,46961.61,18911.41,40.3
6954,Nov,Riyadh,Cloud Storage,9,403.08,178.63,3627.69,2020.03,55.7
6955,Feb,Riyadh,CRM Platform,17,1545.56,856.66,26274.5,11711.21,44.6
6956,Jun,Sharjah,Cloud Storage,3,1730.84,959.96,5192.52,2312.65,44.5
6957,Oct,Ajman,Security Package,41,1554.41,797.67,63730.96,31026.48,48.7
6958,Jan,Sharjah,Cloud Storage,4,1365.2,643.66,5460.79,2886.14,52.9
6959,Mar,Sharjah,Analytics Suite,17,906.06,507.77,15403.05,6771.03,44.0
6960,Mar,Abu Dhabi,CRM Platform,16,1470.0,783.97,23520.03,10976.44,46.7
6961,Dec,Ajman,Enterprise Software,23,1241.87,549.42,28562.95,15926.29,55.8
6962,Dec,Sharjah,Security Package,39,691.87,445.44,26982.89,9610.73,35.6
6963,Apr,Ajman,CRM Platform,49,1815.81,1045.14,88974.45,37762.37,42.4
6964,Mar,Riyadh,Security Package,38,613.32,297.46,23306.15,12002.58,51.5
6965,Oct,Ajman,CRM Platform,31,1388.14,763.76,43032.32,19355.74,45.0
6966,Jul,Riyadh,Cloud Storage,29,982.19,508.05,28483.43,13750.05,48.3
6967,Jun,Dubai,Enterprise Software,38,593.15,277.68,22539.8,11987.83,53.2
6968,Jun,Riyadh,Enterprise Software,1,1589.39,960.51,1589.39,628.88,39.6
6969,Jan,Abu Dhabi,Security Package,16,813.8,490.01,13020.8,5180.69,39.8
6970,Sep,Dubai,Cloud Storage,23,1581.5,882.74,36374.45,16071.38,44.2
6971,Jul,Riyadh,CRM Platform,46,227.14,125.92,10448.49,4656.36,44.6
6972,May,Abu Dhabi,Analytics Suite,44,1042.41,656.0,45865.83,17001.9,37.1
6973,Jun,Dubai,CRM Platform,6,1634.96,689.57,9809.74,5672.31,57.8
6974,May,Dubai,Security Package,9,900.96,509.78,8108.6,3520.58,43.4
6975,Nov,Ajman,Analytics Suite,19,1846.78,981.75,35088.77,16435.61,46.8
6976,Jun,Abu Dhabi,Analytics Suite,38,728.11,382.57,27668.19,13130.57,47.5
6977,Jun,Riyadh,Cloud Storage,26,872.3,422.27,22679.85,11700.73,51.6
6978,Aug,Sharjah,Cloud Storage,50,1015.68,591.61,50784.11,21203.69,41.8
6979,Jan,Riyadh,Analytics Suite,29,1500.92,756.97,43526.81,21574.54,49.6
6980,Aug,Sharjah,Analytics Suite,15,1074.51,660.75,16117.7,6206.47,38.5
6981,Dec,Riyadh,Analytics Suite,48,478.48,200.49,22966.92,13343.5,58.1
6982,Dec,Abu Dhabi,Analytics Suite,36,1693.01,854.68,60948.34,30179.96,49.5
6983,Feb,Riyadh,Enterprise Software,43,1085.19,522.15,46663.3,24211.01,51.9
6984,Aug,Abu Dhabi,Cloud Storage,38,1552.72,973.47,59003.54,22011.58,37.3
6985,Oct,Riyadh,Analytics Suite,44,1569.41,1017.01,69054.2,24305.95,35.2
6986,Apr,Sharjah,Cloud Storage,40,915.34,424.44,36613.41,19635.82,53.6
6987,Oct,Riyadh,Security Package,4,455.98,275.86,1823.91,720.47,39.5
6988,May,Riyadh,Analytics Suite,3,987.78,409.65,2963.35,1734.41,58.5
6989,Jun,Sharjah,Enterprise Software,37,1486.1,944.17,54985.61,20051.26,36.5
6990,Jul,Sharjah,Cloud Storage,37,1531.63,792.54,56670.39,27346.5,48.3
6991,Dec,Sharjah,Cloud Storage,35,813.28,469.09,28464.65,12046.48,42.3
6992,Aug,Abu Dhabi,Security Package,25,1469.78,710.53,36744.48,18981.19,51.7
6993,Jul,Riyadh,Analytics Suite,5,762.13,442.61,3810.64,1597.59,41.9
6994,May,Abu Dhabi,Enterprise Software,4,1120.02,487.42,4480.08,2530.42,56.5
6995,Apr,Ajman,Cloud Storage,17,1793.26,751.48,30485.41,17710.27,58.1
6996,Aug,Riyadh,Security Package,34,1092.85,559.76,37156.81,18124.87,48.8
6997,Nov,Riyadh,Cloud Storage,25,1823.48,1183.71,45587.03,15994.21,35.1
6998,Dec,Abu Dhabi,Cloud Storage,33,273.92,116.58,9039.37,5192.19,57.4
6999,Aug,Riyadh,Enterprise Software,6,1648.01,991.03,9888.04,3941.87,39.9
7000,Apr,Dubai,Cloud Storage,48,1646.08,753.66,79011.64,42836.02,54.2
7001,May,Riyadh,Analytics Suite,19,356.31,200.43,6769.83,2961.62,43.7
7002,Nov,Abu Dhabi,CRM Platform,28,297.6,132.49,8332.77,4623.16,55.5
7003,Apr,Dubai,Security Package,6,600.53,376.92,3603.2,1341.66,37.2
7004,Dec,Riyadh,Enterprise Software,11,1431.48,596.5,15746.24,9184.73,58.3
7005,Jul,Riyadh,Cloud Storage,32,1504.76,873.97,48152.33,20185.43,41.9
7006,Aug,Ajman,CRM Platform,30,1018.85,624.89,30565.65,11818.88,38.7
7007,Jul,Sharjah,CRM Platform,20,842.74,400.05,16854.9,8853.9,52.5
7008,Apr,Riyadh,Enterprise Software,17,1819.13,956.98,30925.14,14656.47,47.4
7009,Dec,Riyadh,Analytics Suite,17,563.68,334.19,9582.5,3901.23,40.7
7010,Jan,Dubai,Enterprise Software,9,887.27,400.23,7985.46,4383.38,54.9
7011,Apr,Sharjah,Analytics Suite,16,1680.65,898.04,26890.46,12521.83,46.6
7012,Dec,Abu Dhabi,Cloud Storage,16,539.47,343.4,8631.46,3137.11,36.3
7013,Jun,Dubai,Cloud Storage,44,1541.37,643.46,67820.4,39508.21,58.3
7014,Jun,Riyadh,Analytics Suite,48,1613.84,832.95,77464.25,37482.82,48.4
7015,May,Abu Dhabi,CRM Platform,2,977.9,586.81,1955.79,782.18,40.0
7016,Jul,Ajman,Enterprise Software,29,706.59,301.38,20491.21,11751.08,57.3
7017,May,Dubai,Analytics Suite,33,1059.52,465.44,34964.21,19604.55,56.1
7018,Sep,Ajman,Analytics Suite,16,1522.57,706.08,24361.1,13063.79,53.6
7019,Dec,Abu Dhabi,CRM Platform,38,1016.5,420.46,38627.04,22649.62,58.6
7020,Jan,Riyadh,Analytics Suite,28,1220.21,739.77,34165.99,13452.41,39.4
7021,Mar,Abu Dhabi,Analytics Suite,43,260.44,119.08,11198.88,6078.5,54.3
7022,Oct,Sharjah,Security Package,14,1017.11,602.23,14239.56,5808.28,40.8
7023,Sep,Abu Dhabi,Analytics Suite,12,1166.62,621.44,13999.48,6542.23,46.7
7024,Feb,Riyadh,Security Package,38,1405.81,853.07,53420.95,21004.46,39.3
7025,Oct,Riyadh,Analytics Suite,23,1913.06,948.92,44000.32,22175.14,50.4
7026,Oct,Sharjah,Security Package,5,1548.45,890.51,7742.26,3289.7,42.5
7027,Jul,Sharjah,Analytics Suite,43,1999.59,1298.95,85982.43,30127.45,35.0
7028,Jun,Ajman,Analytics Suite,10,628.86,343.39,6288.62,2854.75,45.4
7029,Feb,Dubai,Analytics Suite,24,505.78,312.7,12138.6,4633.84,38.2
7030,Aug,Riyadh,CRM Platform,35,857.86,397.97,30025.13,16096.13,53.6
7031,Sep,Dubai,Enterprise Software,38,1045.87,545.96,39742.94,18996.45,47.8
7032,Feb,Sharjah,Enterprise Software,44,742.27,380.68,32659.88,15910.04,48.7
7033,Nov,Dubai,Security Package,49,611.32,319.43,29954.58,14302.62,47.7
7034,Dec,Sharjah,Enterprise Software,9,1833.66,1053.29,16502.9,7023.31,42.6
7035,Nov,Dubai,Analytics Suite,5,1030.57,644.18,5152.84,1931.92,37.5
7036,Apr,Dubai,CRM Platform,18,1461.9,739.48,26314.13,13003.41,49.4
7037,Jul,Abu Dhabi,Enterprise Software,7,598.81,284.15,4191.66,2202.64,52.5
7038,Oct,Ajman,Security Package,9,1643.4,963.76,14790.64,6116.83,41.4
7039,Jun,Ajman,Analytics Suite,31,782.5,347.72,24257.64,13478.23,55.6
7040,Nov,Sharjah,Analytics Suite,12,1491.6,862.01,17899.25,7555.14,42.2
7041,Sep,Abu Dhabi,Cloud Storage,49,919.3,525.67,45045.83,19287.88,42.8
7042,Feb,Riyadh,Analytics Suite,23,1424.1,720.2,32754.28,16189.58,49.4
7043,Sep,Ajman,Security Package,5,825.55,483.51,4127.74,1710.21,41.4
7044,Jun,Dubai,Analytics Suite,27,1419.22,596.41,38318.87,22215.84,58.0
7045,Sep,Ajman,CRM Platform,38,1804.68,1164.18,68577.68,24339.01,35.5
7046,Jul,Riyadh,Cloud Storage,48,630.17,291.59,30248.16,16251.7,53.7
7047,Oct,Dubai,Analytics Suite,24,764.45,438.72,18346.81,7817.56,42.6
7048,Apr,Dubai,Enterprise Software,14,1256.62,633.13,17592.71,8728.95,49.6
7049,Mar,Abu Dhabi,Cloud Storage,17,1831.34,1158.83,31132.76,11432.68,36.7
7050,Jun,Riyadh,Cloud Storage,26,1292.58,538.81,33607.2,19598.24,58.3
7051,Mar,Abu Dhabi,Enterprise Software,42,1476.24,923.96,62002.12,23195.91,37.4
7052,Sep,Ajman,Analytics Suite,49,1459.49,725.31,71515.2,35975.14,50.3
7053,May,Ajman,Security Package,34,1067.12,627.91,36282.18,14933.16,41.2
7054,Jul,Riyadh,Security Package,48,556.75,302.27,26724.21,12215.28,45.7
7055,Jun,Abu Dhabi,Enterprise Software,11,1090.39,450.04,11994.28,7043.79,58.7
7056,Oct,Abu Dhabi,CRM Platform,12,524.78,255.51,6297.31,3231.24,51.3
7057,Jul,Riyadh,Enterprise Software,17,439.66,176.34,7474.3,4476.5,59.9
7058,Aug,Dubai,Cloud Storage,19,929.66,584.92,17663.53,6550.02,37.1
7059,Aug,Dubai,Enterprise Software,25,566.84,242.03,14170.98,8120.26,57.3
7060,Oct,Riyadh,Enterprise Software,33,1752.07,807.58,57818.16,31168.08,53.9
7061,Jun,Dubai,Security Package,43,822.62,496.1,35372.54,14040.21,39.7
7062,Mar,Dubai,CRM Platform,12,546.77,275.19,6561.2,3258.9,49.7
7063,Aug,Sharjah,CRM Platform,14,1354.11,661.07,18957.57,9702.55,51.2
7064,Jul,Ajman,Analytics Suite,40,1516.54,669.63,60661.56,33876.43,55.8
7065,May,Riyadh,Security Package,5,203.36,96.49,1016.8,534.34,52.6
7066,Apr,Dubai,Enterprise Software,48,486.83,219.47,23367.6,12833.26,54.9
7067,May,Abu Dhabi,Cloud Storage,50,1142.77,659.79,57138.49,24148.89,42.3
7068,Apr,Sharjah,CRM Platform,48,1628.85,703.39,78184.59,44422.04,56.8
7069,Jul,Abu Dhabi,Analytics Suite,6,408.68,216.08,2452.11,1155.65,47.1
7070,Apr,Abu Dhabi,Enterprise Software,35,205.95,125.79,7208.27,2805.7,38.9
7071,Sep,Riyadh,Analytics Suite,43,1972.94,1265.93,84836.54,30401.52,35.8
7072,Jun,Dubai,Security Package,13,1853.26,1189.69,24092.4,8626.45,35.8
7073,Feb,Dubai,Enterprise Software,42,1874.21,985.14,78716.9,37341.0,47.4
7074,Aug,Dubai,CRM Platform,39,254.04,161.27,9907.41,3618.04,36.5
7075,Jul,Ajman,CRM Platform,26,611.36,344.03,15895.45,6950.56,43.7
7076,Aug,Riyadh,Analytics Suite,12,1112.81,625.97,13353.75,5842.12,43.7
7077,Jun,Abu Dhabi,CRM Platform,38,1127.76,545.92,42854.84,22110.02,51.6
7078,Nov,Abu Dhabi,Cloud Storage,32,1300.0,753.07,41599.97,17501.88,42.1
7079,Jan,Riyadh,Analytics Suite,15,1083.02,492.43,16245.33,8858.95,54.5
7080,Nov,Abu Dhabi,Enterprise Software,13,479.54,221.9,6234.03,3349.34,53.7
7081,Dec,Sharjah,Cloud Storage,29,1915.14,924.06,55538.99,28741.12,51.7
7082,Oct,Ajman,Enterprise Software,41,816.15,492.4,33462.01,13273.61,39.7
7083,Jun,Abu Dhabi,Enterprise Software,26,1102.39,594.03,28662.02,13217.14,46.1
7084,Mar,Ajman,Enterprise Software,45,1744.62,871.45,78508.01,39292.92,50.0
7085,Oct,Abu Dhabi,Analytics Suite,19,1631.87,899.01,31005.52,13924.33,44.9
7086,Mar,Riyadh,Analytics Suite,47,1278.91,673.13,60108.67,28471.5,47.4
7087,Mar,Riyadh,Security Package,1,1832.48,766.82,1832.48,1065.66,58.2
7088,Oct,Dubai,Analytics Suite,30,995.09,500.94,29852.73,14824.45,49.7
7089,Apr,Riyadh,Enterprise Software,26,1506.59,756.39,39171.3,19505.25,49.8
7090,Jul,Sharjah,CRM Platform,23,447.8,280.12,10299.38,3856.53,37.4
7091,Dec,Abu Dhabi,Cloud Storage,49,896.11,546.56,43909.5,17128.21,39.0
7092,Dec,Sharjah,Analytics Suite,37,1399.54,568.11,51782.9,30762.95,59.4
7093,May,Abu Dhabi,Security Package,36,1740.53,948.77,62659.2,28503.65,45.5
7094,Nov,Sharjah,Cloud Storage,48,1665.92,974.71,79963.98,33177.98,41.5
7095,Aug,Sharjah,CRM Platform,27,1754.19,735.37,47363.24,27508.28,58.1
7096,Sep,Abu Dhabi,Security Package,28,817.87,396.65,22900.37,11794.05,51.5
7097,Feb,Dubai,Security Package,45,861.51,419.27,38767.83,19900.7,51.3
7098,Sep,Ajman,CRM Platform,13,454.96,205.68,5914.54,3240.74,54.8
7099,Apr,Sharjah,Security Package,25,1652.72,1042.73,41317.99,15249.62,36.9
7100,Feb,Riyadh,Analytics Suite,10,1346.81,549.06,13468.12,7977.53,59.2
7101,Sep,Ajman,Enterprise Software,50,788.92,360.88,39446.14,21402.09,54.3
7102,Aug,Dubai,Security Package,35,274.86,174.26,9620.05,3520.81,36.6
7103,Nov,Abu Dhabi,Enterprise Software,9,252.32,155.05,2270.9,875.48,38.6
7104,Sep,Abu Dhabi,Cloud Storage,36,380.36,158.48,13692.82,7987.39,58.3
7105,Oct,Dubai,Security Package,28,912.83,473.93,25559.31,12289.33,48.1
7106,Mar,Abu Dhabi,CRM Platform,2,558.81,285.53,1117.63,546.58,48.9
7107,Sep,Sharjah,Analytics Suite,15,1976.47,976.05,29647.03,15006.32,50.6
7108,Jan,Ajman,CRM Platform,30,1353.08,737.19,40592.35,18476.57,45.5
7109,Jul,Dubai,Analytics Suite,43,1742.81,910.78,74940.73,35777.01,47.7
7110,Oct,Sharjah,Cloud Storage,27,1080.41,441.34,29171.16,17254.98,59.2
7111,Aug,Sharjah,CRM Platform,13,1281.87,537.07,16664.26,9682.37,58.1
7112,Jan,Sharjah,Security Package,38,1903.29,1234.55,72325.09,25412.01,35.1
7113,Sep,Sharjah,CRM Platform,42,1158.82,679.73,48670.61,20122.09,41.3
7114,Jun,Abu Dhabi,Enterprise Software,34,1942.59,985.26,66048.11,32549.25,49.3
7115,Mar,Dubai,Enterprise Software,22,582.22,246.65,12808.87,7382.65,57.6
7116,Jul,Riyadh,Cloud Storage,27,430.0,201.25,11610.1,6176.22,53.2
7117,Jan,Ajman,Security Package,44,258.8,124.73,11387.09,5899.14,51.8
7118,Jan,Dubai,Analytics Suite,6,1603.24,796.05,9619.47,4843.15,50.3
7119,Aug,Sharjah,Security Package,50,1519.97,623.52,75998.4,44822.24,59.0
7120,Nov,Dubai,Security Package,4,1939.12,1224.17,7756.47,2859.78,36.9
7121,Sep,Ajman,Cloud Storage,33,1888.73,877.14,62328.17,33382.45,53.6
7122,Nov,Ajman,Cloud Storage,20,1511.24,711.44,30224.71,15995.99,52.9
7123,Apr,Ajman,Security Package,37,1345.21,548.99,49772.74,29460.08,59.2
7124,Feb,Riyadh,Analytics Suite,14,393.16,209.47,5504.28,2571.69,46.7
7125,Aug,Riyadh,CRM Platform,5,1142.62,498.02,5713.08,3222.96,56.4
7126,Jun,Abu Dhabi,Enterprise Software,19,426.53,241.02,8104.16,3524.71,43.5
7127,Jun,Sharjah,Cloud Storage,41,321.98,135.76,13200.98,7634.83,57.8
7128,Apr,Riyadh,Enterprise Software,49,836.07,397.18,40967.48,21505.55,52.5
7129,May,Dubai,Security Package,11,1391.3,654.84,15304.26,8100.98,52.9
7130,Oct,Abu Dhabi,Analytics Suite,29,1318.61,770.83,38239.57,15885.38,41.5
7131,Dec,Riyadh,Enterprise Software,44,610.88,362.19,26878.93,10942.41,40.7
7132,Sep,Abu Dhabi,Security Package,46,1005.78,507.6,46266.1,22916.32,49.5
7133,Jul,Ajman,CRM Platform,3,1988.74,988.03,5966.22,3002.14,50.3
7134,Oct,Abu Dhabi,Security Package,21,1813.29,1104.99,38079.11,14874.36,39.1
7135,Jan,Abu Dhabi,Analytics Suite,42,582.41,322.06,24461.4,10934.9,44.7
7136,Apr,Ajman,Security Package,35,1030.04,486.75,36051.54,19015.41,52.7
7137,Sep,Abu Dhabi,Enterprise Software,7,1118.96,561.57,7832.72,3901.74,49.8
7138,Nov,Abu Dhabi,Security Package,14,1340.55,828.66,18767.7,7166.46,38.2
7139,Mar,Ajman,Enterprise Software,25,1553.8,715.66,38844.97,20953.41,53.9
7140,Aug,Abu Dhabi,Enterprise Software,8,826.85,394.6,6614.81,3458.03,52.3
7141,Jun,Dubai,Security Package,8,600.43,364.0,4803.45,1891.48,39.4
7142,Aug,Dubai,Enterprise Software,33,946.93,459.53,31248.7,16084.33,51.5
7143,Aug,Ajman,CRM Platform,32,328.66,142.69,10517.01,5951.06,56.6
7144,Oct,Riyadh,Security Package,9,1573.83,973.64,14164.48,5401.72,38.1
7145,Sep,Dubai,Cloud Storage,29,775.26,394.97,22482.59,11028.53,49.1
7146,Sep,Dubai,Analytics Suite,40,1554.32,693.89,62172.91,34417.37,55.4
7147,Jul,Dubai,Cloud Storage,1,880.53,459.81,880.53,420.72,47.8
7148,Oct,Ajman,Enterprise Software,42,505.55,298.22,21232.92,8707.5,41.0
7149,Jul,Ajman,Cloud Storage,21,814.89,505.32,17112.62,6500.89,38.0
7150,Jul,Dubai,Cloud Storage,19,1237.14,622.96,23505.62,11669.32,49.6
7151,Feb,Sharjah,Analytics Suite,45,1541.18,738.36,69353.15,36126.84,52.1
7152,Mar,Ajman,Analytics Suite,23,998.12,474.22,22956.86,12049.78,52.5
7153,Sep,Sharjah,Security Package,10,1969.58,946.94,19695.77,10226.34,51.9
7154,Oct,Ajman,Security Package,4,1472.95,889.8,5891.81,2332.61,39.6
7155,Feb,Sharjah,Enterprise Software,8,766.41,389.49,6131.31,3015.41,49.2
7156,Sep,Abu Dhabi,Cloud Storage,23,334.22,172.12,7687.1,3728.35,48.5
7157,Aug,Sharjah,CRM Platform,3,1368.22,567.91,4104.65,2400.93,58.5
7158,Jan,Ajman,Security Package,39,1180.27,620.83,46030.65,21818.47,47.4
7159,Oct,Abu Dhabi,Enterprise Software,15,666.52,320.53,9997.78,5189.82,51.9
7160,Aug,Dubai,Cloud Storage,21,1116.46,566.14,23445.7,11556.82,49.3
7161,Dec,Abu Dhabi,Analytics Suite,48,1819.91,899.41,87355.56,44183.95,50.6
7162,Sep,Abu Dhabi,Cloud Storage,37,471.31,223.95,17438.61,9152.42,52.5
7163,May,Sharjah,Cloud Storage,50,777.84,321.56,38892.1,22814.14,58.7
7164,Jun,Dubai,Analytics Suite,47,1046.92,557.6,49205.05,22997.63,46.7
7165,Apr,Abu Dhabi,CRM Platform,35,1179.05,714.47,41266.71,16260.24,39.4
7166,May,Abu Dhabi,Cloud Storage,44,1530.17,959.42,67327.66,25113.27,37.3
7167,Jul,Ajman,Enterprise Software,8,1397.17,819.94,11177.33,4617.8,41.3
7168,Dec,Ajman,Cloud Storage,45,1120.25,625.08,50411.16,22282.52,44.2
7169,Dec,Riyadh,CRM Platform,17,1066.52,619.47,18130.89,7599.84,41.9
7170,Nov,Abu Dhabi,Cloud Storage,31,244.25,139.5,7571.87,3247.33,42.9
7171,Aug,Sharjah,Analytics Suite,36,1563.36,919.3,56281.1,23186.42,41.2
7172,Sep,Abu Dhabi,CRM Platform,7,1227.44,757.27,8592.05,3291.15,38.3
7173,Mar,Dubai,Security Package,12,1503.03,958.71,18036.33,6531.75,36.2
7174,Dec,Dubai,Cloud Storage,15,451.1,265.43,6766.44,2784.95,41.2
7175,Mar,Dubai,CRM Platform,23,633.18,345.04,14563.03,6627.03,45.5
7176,Jun,Dubai,Security Package,18,815.11,382.73,14671.92,7782.7,53.0
7177,Mar,Riyadh,Security Package,21,1169.79,622.87,24565.59,11485.41,46.8
7178,May,Abu Dhabi,Enterprise Software,50,206.48,128.56,10324.02,3895.92,37.7
7179,Apr,Sharjah,CRM Platform,2,565.45,355.5,1130.89,419.88,37.1
7180,Jul,Riyadh,Cloud Storage,31,543.41,308.08,16845.75,7295.31,43.3
7181,May,Riyadh,Enterprise Software,29,1243.23,731.95,36053.66,14826.99,41.1
7182,Aug,Ajman,Analytics Suite,7,967.94,579.12,6775.57,2721.74,40.2
7183,Nov,Riyadh,CRM Platform,9,366.28,160.04,3296.53,1856.15,56.3
7184,Sep,Sharjah,Enterprise Software,27,510.71,273.22,13789.29,6412.38,46.5
7185,Jul,Riyadh,Analytics Suite,19,1928.75,872.92,36646.21,20060.81,54.7
7186,Jan,Ajman,CRM Platform,44,1424.15,863.04,62662.6,24688.98,39.4
7187,Apr,Riyadh,Cloud Storage,2,1237.92,758.54,2475.83,958.74,38.7
7188,Mar,Riyadh,CRM Platform,34,1276.37,718.3,43396.68,18974.47,43.7
7189,Aug,Sharjah,CRM Platform,43,584.24,264.27,25122.46,13758.71,54.8
7190,Apr,Ajman,Cloud Storage,2,1733.47,820.59,3466.95,1825.77,52.7
7191,Aug,Dubai,Enterprise Software,11,1539.6,988.21,16935.55,6065.27,35.8
7192,Jan,Abu Dhabi,Security Package,16,1900.43,1093.22,30406.84,12915.32,42.5
7193,Oct,Ajman,Analytics Suite,4,1128.02,679.62,4512.08,1793.62,39.8
7194,Oct,Ajman,Analytics Suite,6,1337.04,679.59,8022.24,3944.72,49.2
7195,Nov,Abu Dhabi,Analytics Suite,46,600.63,389.99,27628.77,9689.23,35.1
7196,Feb,Dubai,Cloud Storage,4,1483.99,849.47,5935.97,2538.11,42.8
7197,Apr,Ajman,CRM Platform,50,875.62,389.42,43781.09,24310.29,55.5
7198,May,Abu Dhabi,Security Package,24,1706.75,813.28,40962.1,21443.38,52.3
7199,Sep,Sharjah,Enterprise Software,41,796.32,441.03,32649.25,14567.11,44.6
7200,Mar,Ajman,Cloud Storage,37,833.59,492.61,30842.89,12616.22,40.9
7201,Sep,Dubai,Enterprise Software,20,1148.69,482.39,22973.75,13325.93,58.0
7202,Dec,Ajman,CRM Platform,3,1531.59,915.27,4594.77,1848.96,40.2
7203,Jan,Abu Dhabi,CRM Platform,19,953.91,385.76,18124.29,10794.89,59.6
7204,May,Dubai,CRM Platform,40,1388.22,624.44,55528.82,30551.24,55.0
7205,Dec,Riyadh,Enterprise Software,25,1804.17,782.15,45104.36,25550.52,56.6
7206,Feb,Sharjah,Analytics Suite,2,949.54,528.54,1899.09,842.01,44.3
7207,May,Riyadh,Security Package,21,1976.15,1222.07,41499.2,15835.67,38.2
7208,Feb,Abu Dhabi,Cloud Storage,28,828.46,512.58,23196.95,8844.7,38.1
7209,Apr,Sharjah,Cloud Storage,50,1144.7,513.69,57234.87,31550.12,55.1
7210,Jan,Sharjah,Analytics Suite,30,337.28,140.62,10118.29,5899.79,58.3
7211,Mar,Dubai,CRM Platform,40,1128.46,458.15,45138.3,26812.4,59.4
7212,Jun,Abu Dhabi,Enterprise Software,41,1874.24,763.95,76843.71,45521.61,59.2
7213,Aug,Ajman,CRM Platform,7,654.65,317.47,4582.53,2360.21,51.5
7214,Feb,Abu Dhabi,Cloud Storage,32,1575.13,730.36,50404.06,27032.65,53.6
7215,Jun,Riyadh,Analytics Suite,17,1523.98,634.73,25907.6,15117.16,58.4
7216,Dec,Riyadh,Security Package,11,726.87,428.57,7995.59,3281.32,41.0
7217,Jan,Abu Dhabi,Cloud Storage,12,1113.76,632.47,13365.14,5775.5,43.2
7218,Jun,Riyadh,Enterprise Software,42,525.8,277.23,22083.42,10439.88,47.3
7219,Feb,Sharjah,Cloud Storage,29,1771.29,950.98,51367.44,23788.99,46.3
7220,Jul,Dubai,Cloud Storage,39,974.2,471.07,37993.81,19622.24,51.6
7221,Jan,Dubai,Analytics Suite,31,1526.01,986.89,47306.18,16712.66,35.3
7222,Dec,Abu Dhabi,Analytics Suite,39,314.04,195.29,12247.54,4631.41,37.8
7223,Jan,Sharjah,Cloud Storage,16,1673.0,956.96,26768.07,11456.74,42.8
7224,Jan,Abu Dhabi,Analytics Suite,48,1560.2,813.78,74889.56,35828.22,47.8
7225,Mar,Riyadh,CRM Platform,16,1210.08,637.05,19361.23,9168.37,47.4
7226,Jan,Sharjah,Analytics Suite,49,1842.67,1174.15,90290.64,32757.26,36.3
7227,Nov,Abu Dhabi,CRM Platform,26,838.6,379.57,21803.71,11934.88,54.7
7228,May,Riyadh,Security Package,10,1717.36,928.29,17173.58,7890.65,45.9
7229,Jan,Sharjah,Security Package,13,604.58,245.81,7859.49,4664.02,59.3
7230,Feb,Ajman,Analytics Suite,19,1201.93,677.69,22836.58,9960.4,43.6
7231,Nov,Abu Dhabi,Security Package,3,1127.62,679.99,3382.85,1342.87,39.7
7232,May,Sharjah,Enterprise Software,43,1120.08,586.81,48163.59,22930.96,47.6
7233,Oct,Dubai,Analytics Suite,2,1705.28,732.38,3410.56,1945.8,57.1
7234,Aug,Abu Dhabi,Cloud Storage,32,506.71,210.2,16214.78,9488.26,58.5
7235,May,Dubai,CRM Platform,19,662.88,360.01,12594.72,5754.57,45.7
7236,Feb,Abu Dhabi,Security Package,45,329.1,141.91,14809.51,8423.38,56.9
7237,Jan,Sharjah,Enterprise Software,13,1478.05,722.97,19214.59,9816.04,51.1
7238,Dec,Riyadh,Security Package,18,1847.64,983.85,33257.56,15548.26,46.8
7239,Apr,Sharjah,CRM Platform,31,728.79,342.19,22592.44,11984.52,53.0
7240,Jul,Ajman,CRM Platform,1,996.47,453.18,996.47,543.29,54.5
7241,May,Ajman,Enterprise Software,31,673.97,294.52,20893.06,11762.9,56.3
7242,Sep,Riyadh,Enterprise Software,1,547.33,289.64,547.33,257.69,47.1
7243,Nov,Abu Dhabi,Security Package,10,840.06,516.13,8400.62,3239.31,38.6
7244,Nov,Riyadh,Security Package,19,208.54,94.68,3962.35,2163.5,54.6
7245,Feb,Abu Dhabi,Analytics Suite,26,232.79,116.16,6052.44,3032.39,50.1
7246,Aug,Sharjah,CRM Platform,24,438.32,275.92,10519.62,3897.44,37.0
7247,May,Ajman,Security Package,36,1883.58,855.63,67808.82,37006.18,54.6
7248,Apr,Dubai,CRM Platform,26,1045.78,436.48,27190.4,15841.82,58.3
7249,May,Sharjah,Cloud Storage,42,1196.26,552.82,50242.75,27024.4,53.8
7250,Jul,Abu Dhabi,CRM Platform,18,482.12,292.88,8678.12,3406.24,39.3
7251,Oct,Riyadh,Cloud Storage,15,220.56,140.96,3308.45,1194.09,36.1
7252,Oct,Sharjah,Cloud Storage,24,444.17,255.2,10660.05,4535.35,42.5
7253,Sep,Ajman,Enterprise Software,42,1167.14,567.73,49019.8,25175.03,51.4
7254,Sep,Abu Dhabi,Security Package,30,1783.4,842.78,53501.86,28218.49,52.7
7255,Feb,Dubai,Enterprise Software,17,1314.92,724.0,22353.68,10045.68,44.9
7256,Jun,Sharjah,CRM Platform,18,1509.53,679.93,27171.45,14932.72,55.0
7257,Jan,Ajman,CRM Platform,18,1569.53,1001.66,28251.58,10221.67,36.2
7258,Jul,Dubai,Security Package,30,1161.22,639.59,34836.51,15648.95,44.9
7259,Jun,Sharjah,CRM Platform,37,1062.69,544.82,39319.7,19161.28,48.7
7260,Feb,Riyadh,CRM Platform,50,1873.03,1059.82,93651.71,40660.68,43.4
7261,Jun,Sharjah,Enterprise Software,31,570.07,355.87,17672.14,6640.23,37.6
7262,Feb,Riyadh,Security Package,4,1134.0,665.04,4536.0,1875.84,41.4
7263,Dec,Sharjah,Enterprise Software,44,1094.44,679.56,48155.5,18255.07,37.9
7264,Nov,Ajman,Security Package,18,1802.73,735.38,32449.19,19212.38,59.2
7265,Nov,Abu Dhabi,Enterprise Software,33,1388.42,731.09,45818.02,21691.97,47.3
7266,Nov,Ajman,Enterprise Software,47,963.82,607.98,45299.45,16724.59,36.9
7267,Jul,Riyadh,Enterprise Software,21,1111.34,494.84,23338.16,12946.62,55.5
7268,May,Ajman,Cloud Storage,49,326.26,133.12,15986.73,9463.95,59.2
7269,Aug,Riyadh,Analytics Suite,36,1850.96,934.54,66634.49,32991.08,49.5
7270,Jul,Dubai,Cloud Storage,21,1656.59,950.15,34788.4,14835.17,42.6
7271,Sep,Riyadh,Enterprise Software,10,1713.83,936.97,17138.3,7768.59,45.3
7272,Aug,Dubai,Cloud Storage,49,1211.98,679.12,59387.13,26110.47,44.0
7273,Jun,Riyadh,Security Package,42,496.29,270.16,20844.13,9497.36,45.6
7274,Oct,Riyadh,Enterprise Software,26,246.5,131.25,6408.98,2996.48,46.8
7275,Nov,Dubai,Analytics Suite,36,1601.1,990.95,57639.47,21965.42,38.1
7276,Dec,Abu Dhabi,CRM Platform,15,311.08,186.24,4666.22,1872.55,40.1
7277,Jul,Abu Dhabi,CRM Platform,14,423.16,203.21,5924.26,3079.33,52.0
7278,Aug,Riyadh,CRM Platform,2,1087.49,468.51,2174.98,1237.97,56.9
7279,May,Riyadh,Analytics Suite,36,1477.98,904.3,53207.12,20652.41,38.8
7280,Jan,Sharjah,Analytics Suite,1,306.4,178.8,306.4,127.6,41.6
7281,Jun,Dubai,CRM Platform,27,281.24,129.26,7593.6,4103.5,54.0
7282,Dec,Dubai,Enterprise Software,28,762.23,452.67,21342.37,8667.66,40.6
7283,Aug,Ajman,Security Package,11,1251.76,664.7,13769.38,6457.65,46.9
7284,Dec,Abu Dhabi,Cloud Storage,36,1105.94,690.77,39814.01,14946.42,37.5
7285,Aug,Sharjah,Cloud Storage,14,1536.75,714.06,21514.55,11517.69,53.5
7286,Oct,Riyadh,CRM Platform,48,1278.57,797.87,61371.56,23073.72,37.6
7287,Nov,Sharjah,Enterprise Software,39,1064.79,477.8,41526.93,22892.69,55.1
7288,Nov,Ajman,CRM Platform,21,1985.22,1015.12,41689.58,20372.08,48.9
7289,Aug,Sharjah,Security Package,36,1464.04,929.68,52705.57,19237.26,36.5
7290,Feb,Abu Dhabi,CRM Platform,4,1711.11,822.45,6844.45,3554.64,51.9
7291,Jun,Riyadh,Cloud Storage,42,1485.1,614.52,62374.4,36564.75,58.6
7292,Aug,Ajman,CRM Platform,8,1204.84,540.68,9638.73,5313.26,55.1
7293,Nov,Ajman,Enterprise Software,7,1055.84,667.39,7390.85,2719.12,36.8
7294,Jan,Dubai,Analytics Suite,11,830.35,530.2,9133.85,3301.68,36.1
7295,May,Dubai,Enterprise Software,8,561.76,238.69,4494.09,2584.55,57.5
7296,Aug,Ajman,CRM Platform,23,465.79,276.73,10713.1,4348.42,40.6
7297,Feb,Dubai,CRM Platform,10,1786.42,971.66,17864.24,8147.64,45.6
7298,Aug,Ajman,Enterprise Software,28,583.38,373.0,16334.74,5890.78,36.1
7299,May,Dubai,CRM Platform,12,1999.25,1028.87,23990.95,11644.49,48.5
7300,Jan,Riyadh,Security Package,45,729.4,385.07,32822.86,15494.68,47.2
7301,Dec,Dubai,CRM Platform,27,1031.34,447.47,27846.15,15764.45,56.6
7302,Jan,Abu Dhabi,CRM Platform,10,1528.84,730.79,15288.37,7980.49,52.2
7303,Nov,Dubai,CRM Platform,15,1234.2,591.97,18512.95,9633.37,52.0
7304,May,Sharjah,CRM Platform,31,427.0,215.48,13236.98,6557.13,49.5
7305,Aug,Sharjah,CRM Platform,33,483.64,272.45,15959.97,6969.03,43.7
7306,Oct,Abu Dhabi,CRM Platform,2,903.41,566.45,1806.81,673.92,37.3
7307,Jan,Sharjah,Analytics Suite,43,1663.65,828.86,71537.14,35896.06,50.2
7308,May,Dubai,Cloud Storage,2,1462.83,903.61,2925.66,1118.44,38.2
7309,Feb,Ajman,Cloud Storage,9,478.51,283.61,4306.61,1754.08,40.7
7310,Jul,Dubai,CRM Platform,29,983.77,632.11,28529.28,10198.21,35.7
7311,Jun,Sharjah,Enterprise Software,15,1524.59,677.97,22868.86,12699.3,55.5
7312,Dec,Abu Dhabi,Enterprise Software,27,1960.11,920.04,52922.87,28081.65,53.1
7313,Dec,Sharjah,Cloud Storage,11,1901.09,998.35,20911.94,9930.14,47.5
7314,Aug,Ajman,Enterprise Software,36,1397.95,686.99,50326.31,25594.79,50.9
7315,Sep,Dubai,Cloud Storage,3,1916.43,983.65,5749.29,2798.34,48.7
7316,Apr,Abu Dhabi,Enterprise Software,25,1596.38,815.58,39909.5,19519.92,48.9
7317,Jul,Riyadh,Security Package,19,842.42,512.22,16005.92,6273.68,39.2
7318,Feb,Abu Dhabi,CRM Platform,21,414.46,211.42,8703.59,4263.74,49.0
7319,Aug,Sharjah,Analytics Suite,1,855.51,546.87,855.51,308.64,36.1
7320,Jan,Riyadh,Analytics Suite,36,917.26,479.89,33021.35,15745.31,47.7
7321,Feb,Sharjah,Analytics Suite,9,1590.39,772.8,14313.53,7358.33,51.4
7322,Dec,Riyadh,Security Package,35,1260.79,711.02,44127.58,19241.83,43.6
7323,Jul,Sharjah,Security Package,39,470.84,235.32,18362.93,9185.29,50.0
7324,Jan,Sharjah,CRM Platform,3,889.18,397.26,2667.53,1475.75,55.3
7325,Jun,Sharjah,Enterprise Software,6,1068.62,630.85,6411.74,2626.63,41.0
7326,Dec,Riyadh,CRM Platform,24,336.0,183.54,8064.03,3658.99,45.4
7327,May,Ajman,Security Package,38,802.24,334.32,30484.96,17780.99,58.3
7328,Apr,Abu Dhabi,CRM Platform,18,1577.42,730.02,28393.49,15253.14,53.7
7329,Nov,Sharjah,Security Package,2,1404.27,780.92,2808.54,1246.7,44.4
7330,Dec,Ajman,CRM Platform,11,401.6,254.81,4417.57,1614.71,36.6
7331,Jul,Ajman,Enterprise Software,18,1429.84,599.44,25737.08,14947.16,58.1
7332,Jun,Abu Dhabi,CRM Platform,16,472.1,205.5,7553.65,4265.66,56.5
7333,Jan,Sharjah,CRM Platform,48,1417.71,600.68,68050.29,39217.71,57.6
7334,May,Dubai,Enterprise Software,34,1443.78,638.09,49088.48,27393.53,55.8
7335,Oct,Ajman,Enterprise Software,36,1163.44,478.05,41883.82,24674.17,58.9
7336,Nov,Riyadh,Security Package,17,643.27,380.82,10935.51,4461.54,40.8
7337,Nov,Sharjah,Security Package,49,1851.17,1040.3,90707.11,39732.4,43.8
7338,Jul,Dubai,Cloud Storage,33,397.94,234.19,13131.96,5403.55,41.1
7339,Jan,Riyadh,Cloud Storage,47,225.57,138.26,10601.75,4103.73,38.7
7340,Sep,Sharjah,Security Package,38,1294.45,521.64,49188.93,29366.79,59.7
7341,Sep,Riyadh,Enterprise Software,8,681.99,305.63,5455.9,3010.85,55.2
7342,Jun,Sharjah,Enterprise Software,3,1195.16,699.49,3585.48,1487.01,41.5
7343,Jul,Dubai,Analytics Suite,46,598.44,382.58,27528.29,9929.48,36.1
7344,Oct,Riyadh,CRM Platform,38,268.47,119.76,10201.7,5650.78,55.4
7345,Feb,Dubai,Cloud Storage,7,939.68,473.33,6577.74,3264.47,49.6
7346,Jan,Sharjah,CRM Platform,9,1929.44,808.0,17364.99,10093.03,58.1
7347,Aug,Sharjah,CRM Platform,28,1596.4,696.11,44699.3,25208.32,56.4
7348,Dec,Dubai,Cloud Storage,44,1503.36,731.65,66147.73,33955.01,51.3
7349,Jul,Riyadh,Cloud Storage,50,485.65,249.75,24282.34,11794.92,48.6
7350,Sep,Sharjah,Security Package,36,1610.16,750.12,57965.7,30961.51,53.4
7351,Feb,Sharjah,Security Package,12,899.83,553.84,10797.93,4151.86,38.5
7352,Apr,Abu Dhabi,Enterprise Software,15,342.26,209.07,5133.94,1997.84,38.9
7353,Jul,Ajman,Analytics Suite,44,837.11,484.57,36832.96,15511.89,42.1
7354,Jul,Dubai,CRM Platform,23,1083.74,666.67,24926.1,9592.68,38.5
7355,Apr,Riyadh,Enterprise Software,2,713.74,388.04,1427.47,651.39,45.6
7356,May,Sharjah,Enterprise Software,16,1868.81,1013.74,29900.99,13681.13,45.8
7357,Nov,Ajman,Analytics Suite,7,916.28,447.08,6413.99,3284.43,51.2
7358,Mar,Riyadh,CRM Platform,47,1471.6,795.96,69165.03,31754.72,45.9
7359,Mar,Sharjah,Cloud Storage,50,428.74,195.73,21437.03,11650.44,54.3
7360,May,Ajman,Cloud Storage,47,1962.17,1055.94,92222.2,42593.19,46.2
7361,May,Ajman,CRM Platform,7,1850.34,931.28,12952.36,6433.37,49.7
7362,Jun,Abu Dhabi,Security Package,50,853.47,395.01,42673.49,22923.18,53.7
7363,Feb,Riyadh,CRM Platform,33,1542.57,882.28,50904.7,21789.39,42.8
7364,Oct,Riyadh,Cloud Storage,16,762.13,488.59,12194.01,4376.54,35.9
7365,Jun,Riyadh,Cloud Storage,18,1340.28,846.22,24125.05,8893.04,36.9
7366,Sep,Abu Dhabi,CRM Platform,34,835.17,448.01,28395.66,13163.34,46.4
7367,Oct,Riyadh,Enterprise Software,12,227.32,125.7,2727.84,1219.4,44.7
7368,Oct,Sharjah,CRM Platform,13,520.0,294.36,6760.05,2933.35,43.4
7369,Mar,Riyadh,CRM Platform,30,984.06,433.78,29521.92,16508.42,55.9
7370,Sep,Abu Dhabi,CRM Platform,16,349.23,154.89,5587.74,3109.55,55.6
7371,May,Sharjah,Cloud Storage,8,1158.36,640.87,9266.9,4139.93,44.7
7372,Jun,Riyadh,Analytics Suite,41,1982.22,1206.69,81271.03,31796.73,39.1
7373,Mar,Dubai,Cloud Storage,33,231.95,142.7,7654.23,2945.17,38.5
7374,Nov,Ajman,Enterprise Software,2,956.89,517.68,1913.78,878.41,45.9
7375,Mar,Sharjah,Enterprise Software,48,895.83,528.18,43000.05,17647.22,41.0
7376,Aug,Sharjah,Analytics Suite,15,1598.5,905.93,23977.52,10388.58,43.3
7377,Nov,Sharjah,Enterprise Software,19,1453.73,807.29,27620.89,12282.42,44.5
7378,Mar,Dubai,Cloud Storage,16,1524.72,657.04,24395.53,13882.91,56.9
7379,Nov,Riyadh,CRM Platform,48,968.51,500.88,46488.67,22446.35,48.3
7380,Jul,Riyadh,Enterprise Software,28,1351.52,864.87,37842.45,13626.1,36.0
7381,Aug,Sharjah,CRM Platform,42,1342.55,789.14,56387.08,23243.38,41.2
7382,Nov,Dubai,Enterprise Software,4,731.5,393.42,2925.98,1352.31,46.2
7383,Apr,Riyadh,Analytics Suite,48,1042.9,562.59,50058.97,23054.54,46.1
7384,Feb,Ajman,Enterprise Software,42,1183.26,611.98,49697.04,23994.04,48.3
7385,Jun,Ajman,Security Package,42,599.04,369.38,25159.67,9645.7,38.3
7386,Mar,Sharjah,Cloud Storage,21,581.14,265.29,12203.9,6632.89,54.4
7387,Mar,Riyadh,Cloud Storage,17,430.67,267.56,7321.35,2772.83,37.9
7388,Aug,Ajman,CRM Platform,50,526.62,270.71,26331.23,12795.74,48.6
7389,Nov,Sharjah,CRM Platform,22,286.22,185.7,6296.9,2211.59,35.1
7390,Jun,Riyadh,Security Package,12,367.82,233.17,4413.86,1615.82,36.6
7391,May,Sharjah,Security Package,28,1991.51,909.76,55762.15,30288.96,54.3
7392,Sep,Ajman,Cloud Storage,15,1248.38,623.02,18725.77,9380.5,50.1
7393,Sep,Riyadh,CRM Platform,33,1771.73,786.8,58466.98,32502.58,55.6
7394,Aug,Dubai,Analytics Suite,22,1820.39,1012.98,40048.54,17762.98,44.4
7395,Apr,Riyadh,Security Package,24,1394.1,833.53,33458.31,13453.62,40.2
7396,Aug,Sharjah,CRM Platform,4,1784.83,971.05,7139.31,3255.12,45.6
7397,Mar,Abu Dhabi,Security Package,34,812.6,351.61,27628.38,15673.56,56.7
7398,Jun,Dubai,Cloud Storage,20,933.14,572.06,18662.88,7221.72,38.7
7399,May,Ajman,Security Package,27,1543.03,788.92,41661.94,20361.17,48.9
7400,Nov,Ajman,Security Package,5,1135.67,670.53,5678.36,2325.69,41.0
7401,Apr,Riyadh,CRM Platform,46,945.68,595.66,43501.14,16100.77,37.0
7402,Jun,Abu Dhabi,Security Package,40,1493.56,888.77,59742.56,24191.74,40.5
7403,Mar,Sharjah,Security Package,46,1950.25,836.06,89711.51,51252.95,57.1
7404,Dec,Riyadh,Analytics Suite,29,511.25,326.29,14826.24,5363.93,36.2
7405,Feb,Sharjah,Enterprise Software,40,705.41,319.86,28216.49,15421.97,54.7
7406,Jul,Ajman,Security Package,9,921.85,414.07,8296.66,4570.0,55.1
7407,Jun,Riyadh,CRM Platform,19,1578.42,853.42,29990.03,13774.98,45.9
7408,Nov,Riyadh,CRM Platform,30,1226.35,707.6,36790.39,15562.33,42.3
7409,Mar,Riyadh,Cloud Storage,2,279.19,161.8,558.37,234.78,42.0
7410,Jan,Dubai,Enterprise Software,7,1536.24,682.82,10753.67,5973.92,55.6
7411,Oct,Ajman,CRM Platform,4,911.2,437.32,3644.81,1895.54,52.0
7412,Jun,Sharjah,CRM Platform,38,812.35,376.39,30869.32,16566.35,53.7
7413,Oct,Riyadh,Enterprise Software,45,915.57,388.69,41200.62,23709.36,57.5
7414,Jan,Dubai,Security Package,1,1483.71,827.6,1483.71,656.11,44.2
7415,Dec,Sharjah,Security Package,31,1820.38,852.35,56431.77,30009.04,53.2
7416,Nov,Abu Dhabi,CRM Platform,42,727.4,468.44,30550.66,10876.38,35.6
7417,Jul,Riyadh,CRM Platform,23,1466.79,633.84,33736.1,19157.81,56.8
7418,Apr,Sharjah,Security Package,3,1909.73,928.76,5729.19,2942.9,51.4
7419,Oct,Ajman,Enterprise Software,30,479.52,231.59,14385.58,7437.75,51.7
7420,May,Abu Dhabi,Cloud Storage,14,1565.96,718.39,21923.49,11866.0,54.1
7421,Aug,Abu Dhabi,CRM Platform,24,1415.92,807.02,33982.17,14613.65,43.0
7422,Apr,Ajman,CRM Platform,17,1825.76,1089.53,31037.94,12515.92,40.3
7423,Jun,Abu Dhabi,CRM Platform,35,1737.57,835.2,60815.05,31583.22,51.9
7424,Jan,Abu Dhabi,Enterprise Software,20,1475.95,808.19,29518.94,13355.19,45.2
7425,May,Riyadh,Enterprise Software,1,1046.56,543.53,1046.56,503.03,48.1
7426,Jan,Abu Dhabi,Security Package,27,353.61,199.82,9547.48,4152.29,43.5
7427,Jan,Riyadh,Security Package,31,1716.26,1114.05,53204.19,18668.7,35.1
7428,Oct,Ajman,CRM Platform,49,1095.57,621.32,53682.69,23237.81,43.3
7429,Dec,Ajman,Cloud Storage,6,1027.03,603.56,6162.21,2540.83,41.2
7430,Apr,Abu Dhabi,Analytics Suite,24,902.09,473.7,21650.08,10281.34,47.5
7431,Apr,Abu Dhabi,Enterprise Software,10,826.88,371.52,8268.77,4553.56,55.1
7432,Dec,Riyadh,Analytics Suite,10,1790.44,862.06,17904.39,9283.76,51.9
7433,Aug,Ajman,CRM Platform,14,776.32,312.57,10868.43,6492.48,59.7
7434,Dec,Riyadh,Enterprise Software,4,1390.14,617.17,5560.54,3091.86,55.6
7435,May,Abu Dhabi,Security Package,30,1714.05,800.47,51421.42,27407.24,53.3
7436,Mar,Ajman,Enterprise Software,44,881.98,410.19,38807.1,20758.81,53.5
7437,Nov,Riyadh,Cloud Storage,26,1406.32,645.69,36564.39,19776.45,54.1
7438,Mar,Riyadh,CRM Platform,29,800.74,460.03,23221.53,9880.55,42.5
7439,Oct,Sharjah,Cloud Storage,49,268.85,128.94,13173.64,6855.68,52.0
7440,Jul,Riyadh,Analytics Suite,26,591.88,239.2,15388.93,9169.84,59.6
7441,Jul,Ajman,Cloud Storage,10,1479.81,635.62,14798.12,8441.88,57.0
7442,Nov,Dubai,Analytics Suite,5,899.91,372.67,4499.57,2636.2,58.6
7443,Dec,Riyadh,CRM Platform,46,1724.34,713.65,79319.67,46491.78,58.6
7444,Feb,Sharjah,Security Package,6,568.07,320.11,3408.4,1487.74,43.6
7445,Dec,Abu Dhabi,CRM Platform,41,1988.48,1109.08,81527.85,36055.73,44.2
7446,Jun,Riyadh,CRM Platform,11,1068.92,595.55,11758.07,5207.03,44.3
7447,Jun,Abu Dhabi,Security Package,38,1548.74,771.49,58852.06,29535.39,50.2
7448,Dec,Ajman,CRM Platform,4,802.35,380.76,3209.4,1686.38,52.5
7449,Dec,Riyadh,Security Package,50,266.48,112.53,13323.98,7697.36,57.8
7450,Oct,Abu Dhabi,Security Package,25,1296.17,713.32,32404.28,14571.22,45.0
7451,May,Dubai,Analytics Suite,46,1188.37,764.7,54664.9,19488.67,35.7
7452,Jan,Ajman,Enterprise Software,43,429.13,198.18,18452.44,9930.7,53.8
7453,Mar,Dubai,Cloud Storage,26,1116.77,501.16,29035.92,16005.79,55.1
7454,Jan,Sharjah,CRM Platform,11,315.81,160.63,3473.9,1706.94,49.1
7455,May,Riyadh,Security Package,5,847.47,441.11,4237.36,2031.78,47.9
7456,Feb,Abu Dhabi,Security Package,34,678.64,390.28,23073.86,9804.17,42.5
7457,Dec,Sharjah,Enterprise Software,38,835.75,420.73,31758.44,15770.63,49.7
7458,Jul,Dubai,CRM Platform,43,1977.86,971.42,85047.86,43276.87,50.9
7459,Mar,Riyadh,Security Package,10,596.21,293.42,5962.06,3027.83,50.8
7460,Jun,Abu Dhabi,Security Package,36,1082.44,439.97,38967.95,23129.12,59.4
7461,Jan,Ajman,Cloud Storage,43,472.45,206.44,20315.37,11438.35,56.3
7462,Apr,Abu Dhabi,Security Package,16,842.27,367.17,13476.26,7601.55,56.4
7463,Oct,Ajman,Security Package,32,386.97,225.04,12382.92,5181.63,41.8
7464,Oct,Abu Dhabi,Analytics Suite,42,937.89,488.74,39391.52,18864.36,47.9
7465,Sep,Abu Dhabi,CRM Platform,43,757.65,442.75,32578.74,13540.38,41.6
7466,May,Sharjah,CRM Platform,44,847.89,346.32,37306.95,22068.66,59.2
7467,Apr,Abu Dhabi,Security Package,7,1564.74,987.08,10953.21,4043.65,36.9
7468,Jun,Dubai,Security Package,47,1431.73,761.08,67291.3,31520.33,46.8
7469,Aug,Dubai,Security Package,21,925.62,442.1,19437.98,10153.92,52.2
7470,Dec,Sharjah,Enterprise Software,44,809.15,346.14,35602.74,20372.65,57.2
7471,Sep,Dubai,Analytics Suite,1,395.97,214.02,395.97,181.95,45.9
7472,Aug,Riyadh,CRM Platform,39,1085.28,696.26,42325.94,15171.74,35.8
7473,Jul,Sharjah,CRM Platform,6,1258.89,644.09,7553.34,3688.79,48.8
7474,Jul,Riyadh,CRM Platform,13,1694.14,1010.47,22023.78,8887.66,40.4
7475,Jun,Sharjah,CRM Platform,16,1884.84,864.19,30157.45,16330.48,54.2
7476,May,Ajman,CRM Platform,48,1233.34,793.67,59200.13,21103.86,35.6
7477,Oct,Abu Dhabi,CRM Platform,10,481.19,296.57,4811.91,1846.2,38.4
7478,Sep,Ajman,Cloud Storage,8,1309.04,547.92,10472.3,6088.95,58.1
7479,Apr,Dubai,Cloud Storage,32,722.31,388.13,23113.79,10693.51,46.3
7480,May,Ajman,Cloud Storage,21,290.5,186.18,6100.54,2190.66,35.9
7481,May,Dubai,Security Package,1,775.08,432.77,775.08,342.32,44.2
7482,Mar,Sharjah,CRM Platform,49,950.08,528.32,46553.71,20666.2,44.4
7483,Mar,Riyadh,CRM Platform,39,336.86,164.68,13137.67,6715.31,51.1
7484,Aug,Riyadh,CRM Platform,16,1957.71,983.6,31323.39,15585.82,49.8
7485,Sep,Dubai,Security Package,49,1534.67,735.52,75198.8,39158.2,52.1
7486,Sep,Dubai,Security Package,6,990.35,469.93,5942.1,3122.52,52.5
7487,Jul,Abu Dhabi,CRM Platform,24,568.97,290.35,13655.39,6686.97,49.0
7488,Jun,Riyadh,Security Package,34,1010.72,479.95,34364.52,18046.19,52.5
7489,Nov,Riyadh,Analytics Suite,24,1014.83,468.02,24355.92,13123.33,53.9
7490,May,Riyadh,Security Package,17,675.1,403.82,11476.75,4611.8,40.2
7491,Feb,Riyadh,CRM Platform,28,637.68,345.07,17855.18,8193.35,45.9
7492,Aug,Abu Dhabi,Analytics Suite,17,1059.45,551.81,18010.63,8629.92,47.9
7493,Nov,Abu Dhabi,CRM Platform,11,342.85,156.19,3771.31,2053.23,54.4
7494,Aug,Sharjah,Security Package,29,864.54,540.87,25071.75,9386.46,37.4
7495,Feb,Dubai,Security Package,36,1560.72,949.15,56185.81,22016.32,39.2
7496,Jun,Ajman,Analytics Suite,32,1266.73,718.49,40535.34,17543.56,43.3
7497,Dec,Abu Dhabi,Cloud Storage,12,1665.16,682.92,19981.88,11786.86,59.0
7498,Jun,Dubai,Enterprise Software,38,222.13,104.77,8441.0,4459.69,52.8
7499,Apr,Dubai,CRM Platform,25,779.75,382.92,19493.8,9920.78,50.9
7500,Dec,Dubai,Analytics Suite,37,320.88,146.33,11872.67,6458.38,54.4
7501,May,Sharjah,Cloud Storage,27,426.23,240.58,11508.29,5012.7,43.6
7502,Mar,Ajman,Enterprise Software,13,1298.12,599.4,16875.58,9083.44,53.8
7503,Jun,Dubai,CRM Platform,16,563.92,349.25,9022.74,3434.77,38.1
7504,Oct,Abu Dhabi,Analytics Suite,31,764.78,479.3,23708.28,8850.03,37.3
7505,Jan,Riyadh,Security Package,37,912.71,550.04,33770.37,13419.06,39.7
7506,Dec,Riyadh,Cloud Storage,46,416.07,208.38,19139.16,9553.6,49.9
7507,Aug,Dubai,Security Package,36,1079.83,601.79,38873.97,17209.45,44.3
7508,Nov,Ajman,Security Package,36,463.34,266.6,16680.25,7082.6,42.5
7509,Aug,Ajman,Cloud Storage,28,645.59,353.14,18076.57,8188.73,45.3
7510,Apr,Ajman,CRM Platform,38,1354.21,716.2,51459.87,24244.4,47.1
7511,Jul,Abu Dhabi,CRM Platform,27,249.01,130.7,6723.15,3194.31,47.5
7512,Sep,Riyadh,CRM Platform,21,1873.88,1206.82,39351.47,14008.31,35.6
7513,May,Dubai,Analytics Suite,24,1391.17,710.78,33388.02,16329.32,48.9
7514,Jul,Abu Dhabi,Security Package,11,1901.28,1185.79,20914.06,7870.4,37.6
7515,Jan,Dubai,Enterprise Software,29,1301.88,752.05,37754.43,15944.92,42.2
7516,Jun,Abu Dhabi,CRM Platform,10,1007.55,442.9,10075.5,5646.47,56.0
7517,Apr,Sharjah,CRM Platform,2,798.62,380.2,1597.24,836.84,52.4
7518,Jul,Dubai,Analytics Suite,32,417.92,215.11,13373.46,6490.1,48.5
7519,Oct,Sharjah,Cloud Storage,36,1712.3,1094.69,61642.77,22233.91,36.1
7520,May,Ajman,Cloud Storage,41,768.32,324.72,31500.98,18187.4,57.7
7521,Aug,Riyadh,Security Package,43,261.74,137.81,11254.74,5329.06,47.3
7522,Jan,Riyadh,Analytics Suite,32,792.8,379.63,25369.46,13221.14,52.1
7523,Jan,Abu Dhabi,Security Package,24,552.43,275.1,13258.41,6656.11,50.2
7524,Mar,Riyadh,CRM Platform,28,1138.83,703.35,31887.32,12193.49,38.2
7525,Aug,Sharjah,Enterprise Software,48,1456.79,591.47,69925.74,41535.27,59.4
7526,Jan,Dubai,Cloud Storage,27,1290.82,661.04,34852.08,17004.03,48.8
7527,Sep,Dubai,Cloud Storage,7,771.63,414.27,5401.41,2501.51,46.3
7528,Jan,Riyadh,CRM Platform,12,1070.31,680.81,12843.71,4674.02,36.4
7529,Aug,Sharjah,Cloud Storage,37,1779.36,959.41,65836.22,30338.22,46.1
7530,May,Abu Dhabi,Enterprise Software,47,1232.31,588.48,57918.48,30259.8,52.2
7531,Feb,Abu Dhabi,CRM Platform,31,634.4,391.87,19666.43,7518.49,38.2
7532,Oct,Ajman,Cloud Storage,3,1691.98,900.63,5075.94,2374.04,46.8
7533,Jan,Riyadh,Cloud Storage,27,1206.68,688.85,32580.39,13981.32,42.9
7534,Jul,Riyadh,Cloud Storage,50,1880.14,994.54,94006.77,44279.76,47.1
7535,Aug,Dubai,CRM Platform,11,558.11,278.31,6139.24,3077.81,50.1
7536,Jan,Sharjah,CRM Platform,26,1054.65,519.78,27420.8,13906.5,50.7
7537,Jun,Sharjah,Security Package,29,1612.39,941.24,46759.36,19463.43,41.6
7538,Feb,Sharjah,Analytics Suite,1,773.21,453.31,773.21,319.91,41.4
7539,Nov,Ajman,CRM Platform,9,836.82,337.23,7531.42,4496.38,59.7
7540,Jun,Dubai,Cloud Storage,45,1685.14,989.5,75831.51,31303.99,41.3
7541,Sep,Riyadh,Security Package,5,246.42,131.87,1232.12,572.76,46.5
7542,Sep,Sharjah,Analytics Suite,29,472.25,229.35,13695.18,7044.07,51.4
7543,Jun,Riyadh,Analytics Suite,31,1332.71,548.57,41314.03,24308.5,58.8
7544,May,Dubai,Cloud Storage,8,229.55,108.25,1836.39,970.41,52.8
7545,Aug,Sharjah,Enterprise Software,48,1909.97,1128.18,91678.37,37525.66,40.9
7546,Feb,Riyadh,Cloud Storage,26,882.16,468.2,22936.03,10762.75,46.9
7547,Nov,Dubai,CRM Platform,8,354.78,198.25,2838.26,1252.23,44.1
7548,Feb,Ajman,CRM Platform,15,1366.23,552.18,20493.4,12210.76,59.6
7549,Nov,Sharjah,CRM Platform,42,841.33,345.38,35335.82,20829.65,58.9
7550,Sep,Sharjah,Analytics Suite,20,261.05,146.24,5221.0,2296.3,44.0
7551,Mar,Riyadh,Cloud Storage,41,1059.6,531.43,43443.76,21655.22,49.8
7552,Nov,Riyadh,Security Package,3,1868.34,926.89,5605.01,2824.32,50.4
7553,Oct,Riyadh,Analytics Suite,16,797.66,448.51,12762.57,5586.42,43.8
7554,Nov,Riyadh,Enterprise Software,15,1619.32,807.13,24289.78,12182.9,50.2
7555,Jul,Riyadh,Cloud Storage,19,1077.03,665.29,20463.56,7823.08,38.2
7556,Jun,Sharjah,Analytics Suite,50,1117.98,655.08,55898.84,23144.91,41.4
7557,Sep,Ajman,Enterprise Software,47,597.68,291.29,28090.78,14400.19,51.3
7558,May,Sharjah,Cloud Storage,18,1364.43,843.2,24559.68,9382.0,38.2
7559,Jul,Riyadh,CRM Platform,45,646.01,356.51,29070.56,13027.47,44.8
7560,May,Dubai,Enterprise Software,23,581.09,364.23,13365.16,4987.94,37.3
7561,May,Riyadh,Enterprise Software,45,1951.21,1220.58,87804.47,32878.41,37.4
7562,Dec,Riyadh,Security Package,27,1092.47,482.25,29496.62,16475.95,55.9
7563,May,Sharjah,Enterprise Software,1,1437.36,710.23,1437.36,727.13,50.6
7564,Oct,Ajman,Enterprise Software,38,1103.53,564.96,41934.19,20465.8,48.8
7565,Jan,Dubai,CRM Platform,38,1101.95,472.66,41874.22,23913.26,57.1
7566,Sep,Ajman,CRM Platform,36,384.77,239.84,13851.54,5217.47,37.7
7567,May,Abu Dhabi,Security Package,25,1284.93,732.2,32123.22,13818.09,43.0
7568,Jun,Riyadh,Enterprise Software,4,382.07,176.93,1528.26,820.53,53.7
7569,Jul,Sharjah,CRM Platform,10,865.45,396.3,8654.46,4691.51,54.2
7570,Apr,Abu Dhabi,Analytics Suite,27,394.41,201.28,10649.04,5214.37,49.0
7571,Aug,Riyadh,Security Package,26,509.99,314.53,13259.68,5082.0,38.3
7572,Aug,Riyadh,Analytics Suite,48,1349.98,857.85,64798.85,23622.13,36.5
7573,Jun,Ajman,Analytics Suite,3,1199.67,669.08,3599.01,1591.78,44.2
7574,Aug,Riyadh,Security Package,8,1039.25,475.85,8313.96,4507.12,54.2
7575,Jun,Abu Dhabi,Enterprise Software,50,1092.86,692.01,54643.23,20042.64,36.7
7576,Mar,Dubai,Analytics Suite,25,1888.08,1145.58,47202.03,18562.45,39.3
7577,Aug,Sharjah,Analytics Suite,6,1813.98,876.59,10883.87,5624.32,51.7
7578,Feb,Sharjah,Analytics Suite,24,533.64,248.31,12807.34,6847.97,53.5
7579,Dec,Sharjah,Security Package,41,458.18,286.7,18785.46,7030.8,37.4
7580,May,Ajman,Security Package,47,1974.84,916.8,92817.64,49728.18,53.6
7581,Apr,Riyadh,Enterprise Software,47,1672.04,901.94,78585.98,36194.64,46.1
7582,Sep,Sharjah,Security Package,32,1691.28,733.61,54121.09,30645.57,56.6
7583,Sep,Riyadh,Cloud Storage,13,999.64,548.36,12995.31,5866.64,45.1
7584,May,Sharjah,Cloud Storage,12,1670.15,947.86,20041.85,8667.51,43.2
7585,May,Dubai,CRM Platform,43,1416.57,676.76,60912.61,31811.72,52.2
7586,Jan,Sharjah,Analytics Suite,11,983.59,423.92,10819.54,6156.39,56.9
7587,May,Sharjah,Cloud Storage,10,785.99,381.5,7859.9,4044.93,51.5
7588,Apr,Dubai,Security Package,10,1671.06,848.16,16710.59,8228.95,49.2
7589,Apr,Abu Dhabi,Enterprise Software,35,660.5,284.49,23117.36,13160.25,56.9
7590,Feb,Sharjah,Analytics Suite,1,1236.15,603.11,1236.15,633.04,51.2
7591,Mar,Abu Dhabi,Analytics Suite,31,810.68,398.81,25131.18,12767.95,50.8
7592,Nov,Riyadh,Security Package,4,1119.0,524.21,4475.99,2379.13,53.2
7593,Dec,Riyadh,Cloud Storage,1,989.48,512.26,989.48,477.22,48.2
7594,Apr,Abu Dhabi,CRM Platform,14,752.34,431.14,10532.7,4496.76,42.7
7595,Apr,Abu Dhabi,Security Package,32,1153.1,491.6,36899.08,21167.89,57.4
7596,Jul,Abu Dhabi,Cloud Storage,31,485.04,224.02,15036.34,8091.59,53.8
7597,Mar,Abu Dhabi,CRM Platform,29,1004.88,583.08,29141.58,12232.17,42.0
7598,Jul,Ajman,Analytics Suite,40,804.34,423.61,32173.5,15229.26,47.3
7599,Oct,Riyadh,Enterprise Software,41,1720.14,1015.88,70525.85,28874.76,40.9
7600,Nov,Riyadh,CRM Platform,46,1024.05,484.94,47106.21,24798.8,52.6
7601,May,Abu Dhabi,Security Package,18,1292.77,579.77,23269.94,12834.06,55.2
7602,Jul,Dubai,Cloud Storage,32,823.84,511.77,26362.89,9986.09,37.9
7603,Jul,Abu Dhabi,CRM Platform,33,669.14,403.99,22081.68,8749.96,39.6
7604,Apr,Dubai,Analytics Suite,26,1368.44,854.44,35579.53,13363.99,37.6
7605,Mar,Riyadh,Cloud Storage,3,544.5,271.82,1633.5,818.05,50.1
7606,Aug,Abu Dhabi,Enterprise Software,29,1274.37,618.56,36956.77,19018.48,51.5
7607,Apr,Sharjah,Enterprise Software,36,1425.06,648.97,51302.13,27939.03,54.5
7608,Nov,Abu Dhabi,Enterprise Software,21,1631.88,923.95,34269.48,14866.55,43.4
7609,Jan,Dubai,Security Package,7,916.42,430.62,6414.97,3400.66,53.0
7610,Apr,Dubai,Cloud Storage,28,443.31,183.79,12412.67,7266.62,58.5
7611,Apr,Dubai,Security Package,33,1151.31,660.02,37993.25,16212.45,42.7
7612,Apr,Riyadh,Analytics Suite,5,398.63,186.96,1993.14,1058.34,53.1
7613,Aug,Abu Dhabi,Security Package,35,1836.36,899.58,64272.58,32787.38,51.0
7614,Feb,Abu Dhabi,Analytics Suite,21,1243.64,523.72,26116.52,15118.46,57.9
7615,Jan,Ajman,CRM Platform,33,956.43,426.41,31562.2,17490.59,55.4
7616,Jan,Ajman,Analytics Suite,19,914.92,583.39,17383.49,6299.02,36.2
7617,Mar,Ajman,Cloud Storage,20,1753.08,917.94,35061.67,16702.88,47.6
7618,Mar,Riyadh,Cloud Storage,22,388.58,231.38,8548.71,3458.34,40.5
7619,Nov,Abu Dhabi,CRM Platform,7,1896.98,1126.97,13278.84,5390.05,40.6
7620,Jul,Sharjah,Enterprise Software,9,317.11,168.81,2853.97,1334.68,46.8
7621,Jun,Dubai,Enterprise Software,31,1719.83,1070.6,53314.84,20126.24,37.7
7622,Jul,Ajman,Enterprise Software,9,1476.37,916.93,13287.37,5035.0,37.9
7623,Oct,Dubai,Enterprise Software,40,1059.7,517.62,42388.2,21683.49,51.2
7624,Jul,Ajman,Security Package,27,1879.0,774.91,50733.04,29810.51,58.8
7625,Jul,Riyadh,Cloud Storage,36,367.3,182.85,13222.7,6640.0,50.2
7626,May,Abu Dhabi,Enterprise Software,3,996.54,454.93,2989.63,1624.84,54.3
7627,Sep,Abu Dhabi,Enterprise Software,44,1952.59,821.43,85914.02,49770.92,57.9
7628,Oct,Sharjah,Cloud Storage,2,551.02,221.79,1102.04,658.47,59.7
7629,Jan,Abu Dhabi,Enterprise Software,22,1721.93,1006.87,37882.55,15731.38,41.5
7630,Jul,Ajman,Cloud Storage,3,1068.28,596.23,3204.83,1416.14,44.2
7631,May,Sharjah,CRM Platform,33,1685.58,1050.46,55624.29,20959.06,37.7
7632,Sep,Ajman,Security Package,46,1161.67,618.49,53436.82,24986.39,46.8
7633,Apr,Abu Dhabi,Enterprise Software,11,1031.32,549.94,11344.55,5295.21,46.7
7634,Mar,Sharjah,Cloud Storage,39,1612.41,728.49,62883.85,34472.72,54.8
7635,Aug,Abu Dhabi,Security Package,43,1422.2,911.66,61154.72,21953.46,35.9
7636,Jan,Sharjah,Analytics Suite,8,734.09,416.74,5872.7,2538.82,43.2
7637,Nov,Abu Dhabi,Security Package,19,1080.75,670.96,20534.16,7785.86,37.9
7638,Nov,Sharjah,Cloud Storage,6,1110.55,555.78,6663.29,3328.61,50.0
7639,Oct,Sharjah,Analytics Suite,18,1018.14,420.52,18326.5,10757.14,58.7
7640,Mar,Ajman,Security Package,48,1968.2,1158.05,94473.64,38887.21,41.2
7641,Jul,Abu Dhabi,CRM Platform,39,1704.51,785.0,66475.74,35860.64,53.9
7642,Nov,Sharjah,Analytics Suite,42,857.91,346.82,36032.17,21465.55,59.6
7643,Apr,Sharjah,Security Package,35,1087.11,445.36,38048.78,22461.22,59.0
7644,Jan,Ajman,CRM Platform,40,1245.9,726.28,49836.12,20784.83,41.7
7645,Mar,Dubai,CRM Platform,7,1334.27,559.66,9339.88,5422.26,58.1
7646,Oct,Abu Dhabi,Analytics Suite,46,1100.58,518.03,50626.84,26797.38,52.9
7647,Feb,Abu Dhabi,Cloud Storage,49,874.57,441.79,42853.8,21206.03,49.5
7648,Jan,Ajman,Analytics Suite,8,287.77,137.58,2302.16,1201.51,52.2
7649,Oct,Dubai,Enterprise Software,44,559.81,352.86,24631.79,9105.85,37.0
7650,Mar,Abu Dhabi,Analytics Suite,1,1728.57,879.32,1728.57,849.26,49.1
7651,Jan,Abu Dhabi,CRM Platform,44,1220.68,511.85,53710.11,31188.63,58.1
7652,Mar,Ajman,Analytics Suite,49,895.39,545.71,43874.24,17134.22,39.1
7653,Feb,Abu Dhabi,Cloud Storage,25,370.08,152.89,9252.09,5429.86,58.7
7654,Apr,Riyadh,Cloud Storage,7,214.04,111.05,1498.3,720.92,48.1
7655,Oct,Ajman,Enterprise Software,38,731.19,377.49,27785.06,13440.26,48.4
7656,Jun,Sharjah,Enterprise Software,49,398.24,225.59,19513.84,8459.84,43.4
7657,Jan,Riyadh,Analytics Suite,36,332.49,207.47,11969.46,4500.56,37.6
7658,Jun,Dubai,Enterprise Software,27,1588.44,952.24,42887.77,17177.36,40.1
7659,Mar,Abu Dhabi,Analytics Suite,27,1995.94,980.41,53890.39,27419.41,50.9
7660,Aug,Sharjah,Enterprise Software,28,629.54,280.48,17627.01,9773.65,55.4
7661,Nov,Dubai,Cloud Storage,2,470.13,209.88,940.26,520.5,55.4
7662,Aug,Riyadh,CRM Platform,7,297.78,149.95,2084.46,1034.82,49.6
7663,Mar,Ajman,Enterprise Software,19,1246.02,799.59,23674.29,8482.13,35.8
7664,Aug,Sharjah,CRM Platform,29,717.59,406.21,20810.03,9030.03,43.4
7665,Jun,Riyadh,Enterprise Software,31,353.81,171.34,10968.12,5656.45,51.6
7666,Dec,Abu Dhabi,Cloud Storage,32,1754.74,975.65,56151.61,24930.68,44.4
7667,Dec,Riyadh,CRM Platform,44,1583.18,697.87,69659.94,38953.58,55.9
7668,Sep,Dubai,Analytics Suite,30,1898.98,1007.71,56969.42,26738.04,46.9
7669,Dec,Riyadh,Security Package,8,921.88,536.69,7375.04,3081.48,41.8
7670,Aug,Abu Dhabi,Enterprise Software,7,771.05,492.91,5397.33,1946.95,36.1
7671,May,Dubai,Enterprise Software,11,1501.97,644.35,16521.71,9433.86,57.1
7672,May,Sharjah,Security Package,24,1796.31,1152.4,43111.32,15453.76,35.8
7673,Feb,Ajman,Cloud Storage,44,1883.42,962.27,82870.44,40530.5,48.9
7674,Feb,Ajman,Analytics Suite,37,1804.44,722.02,66764.26,40049.44,60.0
7675,Oct,Ajman,CRM Platform,21,758.48,482.38,15928.03,5798.08,36.4
7676,Jun,Dubai,Security Package,31,1532.5,614.88,47507.44,28446.1,59.9
7677,Feb,Sharjah,Enterprise Software,42,1964.85,830.53,82523.88,47641.83,57.7
7678,Feb,Ajman,CRM Platform,30,252.07,107.4,7562.06,4340.12,57.4
7679,Feb,Dubai,Enterprise Software,44,426.3,193.24,18757.22,10254.49,54.7
7680,Nov,Abu Dhabi,Enterprise Software,34,1336.64,751.85,45445.69,19882.75,43.8
7681,Jan,Ajman,Cloud Storage,16,1936.66,1002.28,30986.52,14950.0,48.2
7682,Jul,Ajman,Analytics Suite,17,221.99,92.33,3773.79,2204.22,58.4
7683,May,Dubai,Analytics Suite,9,1606.06,932.64,14454.57,6060.81,41.9
7684,Mar,Ajman,Security Package,19,335.22,169.38,6369.13,3150.89,49.5
7685,May,Sharjah,Cloud Storage,49,1439.3,684.73,70525.69,36973.86,52.4
7686,May,Dubai,Enterprise Software,31,770.79,364.51,23894.38,12594.48,52.7
7687,Mar,Ajman,CRM Platform,18,1837.23,977.49,33070.19,15475.45,46.8
7688,Jan,Abu Dhabi,Cloud Storage,42,965.77,626.01,40562.42,14269.97,35.2
7689,Dec,Sharjah,Cloud Storage,5,1633.87,826.22,8169.35,4038.25,49.4
7690,Jul,Riyadh,Analytics Suite,4,603.77,363.27,2415.07,961.99,39.8
7691,Feb,Riyadh,Analytics Suite,41,1463.05,809.57,59984.96,26792.56,44.7
7692,Dec,Abu Dhabi,Analytics Suite,28,903.64,394.63,25301.89,14252.16,56.3
7693,Jul,Ajman,Analytics Suite,17,784.55,463.13,13337.4,5464.17,41.0
7694,Jul,Abu Dhabi,Enterprise Software,49,1759.15,958.95,86198.39,39209.75,45.5
7695,Jul,Sharjah,Enterprise Software,3,1602.43,899.59,4807.29,2108.51,43.9
7696,Feb,Sharjah,Enterprise Software,45,1786.97,927.35,80413.74,38682.93,48.1
7697,Nov,Dubai,Cloud Storage,44,723.08,366.11,31815.58,15706.62,49.4
7698,Nov,Abu Dhabi,Enterprise Software,1,1903.66,1020.04,1903.66,883.62,46.4
7699,Sep,Dubai,CRM Platform,28,1237.88,706.99,34660.77,14865.13,42.9
7700,Dec,Sharjah,CRM Platform,25,296.32,159.82,7408.09,3412.48,46.1
7701,Jan,Riyadh,Cloud Storage,18,391.66,222.63,7049.88,3042.59,43.2
7702,Aug,Sharjah,Analytics Suite,20,1708.06,785.9,34161.29,18443.3,54.0
7703,Jun,Sharjah,Cloud Storage,42,1693.6,1040.11,71131.39,27446.9,38.6
7704,Jul,Ajman,Cloud Storage,49,1285.37,525.21,62982.98,37247.69,59.1
7705,Jun,Ajman,Security Package,10,1704.98,836.64,17049.82,8683.42,50.9
7706,Nov,Abu Dhabi,Enterprise Software,45,1070.64,659.14,48178.67,18517.5,38.4
7707,Jan,Dubai,Analytics Suite,37,585.68,236.99,21670.16,12901.65,59.5
7708,Jun,Dubai,Security Package,40,916.09,497.51,36643.63,16743.4,45.7
7709,Nov,Ajman,Analytics Suite,2,1527.95,748.11,3055.91,1559.68,51.0
7710,Jun,Riyadh,Enterprise Software,47,1618.12,1026.73,76051.46,27795.21,36.5
7711,Jun,Dubai,Security Package,31,1859.06,814.81,57630.9,32371.84,56.2
7712,May,Dubai,Security Package,29,1513.86,753.36,43901.9,22054.44,50.2
7713,Jul,Riyadh,Enterprise Software,14,1533.82,846.03,21473.46,9629.0,44.8
7714,Feb,Abu Dhabi,Analytics Suite,28,1891.83,801.59,52971.36,30526.75,57.6
7715,May,Riyadh,Analytics Suite,3,1662.5,964.69,4987.49,2093.42,42.0
7716,Dec,Ajman,Cloud Storage,32,1123.04,699.64,35937.26,13548.89,37.7
7717,Sep,Riyadh,Enterprise Software,35,1994.41,1169.29,69804.31,28879.31,41.4
7718,Sep,Dubai,CRM Platform,13,360.25,155.16,4683.3,2666.28,56.9
7719,Oct,Dubai,CRM Platform,22,1284.82,796.01,28265.96,10753.81,38.0
7720,Apr,Abu Dhabi,Cloud Storage,16,1920.03,856.99,30720.44,17008.55,55.4
7721,Aug,Ajman,CRM Platform,9,823.19,498.97,7408.7,2917.98,39.4
7722,Jun,Abu Dhabi,Security Package,49,1805.46,777.83,88467.33,50353.69,56.9
7723,Dec,Abu Dhabi,CRM Platform,8,1924.35,895.4,15394.82,8231.59,53.5
7724,Mar,Abu Dhabi,Analytics Suite,32,1374.88,719.94,43996.09,20957.93,47.6
7725,Jun,Abu Dhabi,Cloud Storage,42,1085.42,623.99,45587.47,19379.94,42.5
7726,Feb,Sharjah,Cloud Storage,44,1812.6,1052.41,79754.59,33448.49,41.9
7727,May,Dubai,Security Package,12,262.44,143.94,3149.22,1421.94,45.2
7728,Feb,Ajman,Analytics Suite,24,1369.07,703.48,32857.66,15974.21,48.6
7729,May,Riyadh,Security Package,10,816.28,526.0,8162.83,2902.84,35.6
7730,Mar,Sharjah,Security Package,43,1926.66,1152.91,82846.35,33271.34,40.2
7731,Oct,Abu Dhabi,Enterprise Software,24,846.01,517.84,20304.22,7876.08,38.8
7732,Aug,Riyadh,CRM Platform,39,1641.31,946.27,64011.01,27106.53,42.3
7733,May,Abu Dhabi,CRM Platform,43,1610.66,840.99,69258.58,33095.85,47.8
7734,Jun,Ajman,Security Package,30,468.13,248.18,14043.95,6598.65,47.0
7735,Nov,Dubai,CRM Platform,5,429.79,187.88,2148.94,1209.54,56.3
7736,Feb,Abu Dhabi,Analytics Suite,7,1387.47,775.82,9712.28,4281.56,44.1
7737,Jan,Abu Dhabi,Cloud Storage,7,252.89,121.9,1770.2,916.89,51.8
7738,Mar,Sharjah,Enterprise Software,17,929.01,505.56,15793.17,7198.64,45.6
7739,Dec,Riyadh,Analytics Suite,47,1778.34,787.15,83582.09,46585.93,55.7
7740,Mar,Abu Dhabi,Cloud Storage,15,1740.98,1090.88,26114.76,9751.58,37.3
7741,Apr,Riyadh,CRM Platform,34,1554.7,966.43,52859.67,20000.98,37.8
7742,Dec,Ajman,Enterprise Software,37,747.93,408.51,27673.47,12558.45,45.4
7743,Aug,Dubai,Cloud Storage,1,1971.17,1268.91,1971.17,702.25,35.6
7744,Sep,Riyadh,CRM Platform,14,1063.5,470.46,14889.07,8302.68,55.8
7745,Jul,Abu Dhabi,Enterprise Software,48,1197.01,520.87,57456.37,32454.82,56.5
7746,Jan,Dubai,Security Package,40,1991.92,1093.6,79676.99,35933.18,45.1
7747,Jun,Ajman,Enterprise Software,7,1324.27,554.38,9269.9,5389.26,58.1
7748,May,Ajman,Security Package,18,1485.86,796.6,26745.56,12406.83,46.4
7749,Jan,Abu Dhabi,Security Package,13,999.67,469.42,12995.75,6893.25,53.0
7750,Sep,Ajman,Cloud Storage,8,372.29,222.72,2978.34,1196.57,40.2
7751,Nov,Ajman,Enterprise Software,17,1234.75,616.05,20990.8,10518.03,50.1
7752,Jun,Sharjah,Analytics Suite,20,256.11,157.27,5122.25,1976.78,38.6
7753,Jun,Dubai,Enterprise Software,15,1852.79,890.22,27791.89,14438.51,52.0
7754,Mar,Riyadh,Security Package,14,1850.99,995.73,25913.93,11973.73,46.2
7755,Sep,Dubai,Enterprise Software,2,1401.95,845.07,2803.9,1113.76,39.7
7756,Sep,Riyadh,Cloud Storage,21,304.33,192.52,6390.85,2347.87,36.7
7757,Aug,Riyadh,Analytics Suite,31,1264.81,680.89,39209.01,18101.49,46.2
7758,Sep,Abu Dhabi,Analytics Suite,32,1525.38,693.73,48812.1,26612.58,54.5
7759,Jul,Dubai,Analytics Suite,50,730.62,350.9,36530.84,18985.74,52.0
7760,Dec,Abu Dhabi,Cloud Storage,3,1003.25,405.35,3009.74,1793.7,59.6
7761,Nov,Ajman,CRM Platform,32,309.54,192.7,9905.19,3738.8,37.7
7762,Apr,Ajman,Cloud Storage,6,379.76,226.79,2278.59,917.83,40.3
7763,Dec,Dubai,CRM Platform,6,1998.02,1293.32,11988.12,4228.18,35.3
7764,Jun,Riyadh,Analytics Suite,48,596.39,327.27,28626.89,12918.1,45.1
7765,Dec,Ajman,Cloud Storage,8,1713.84,795.07,13710.74,7350.21,53.6
7766,Aug,Dubai,Cloud Storage,32,1320.98,849.57,42271.49,15085.32,35.7
7767,Aug,Dubai,Cloud Storage,37,1335.84,604.87,49426.24,27045.94,54.7
7768,Sep,Ajman,Enterprise Software,38,446.83,184.41,16979.44,9971.84,58.7
7769,Jun,Dubai,Analytics Suite,34,433.26,224.95,14730.93,7082.56,48.1
7770,Mar,Dubai,CRM Platform,18,1007.78,577.65,18140.01,7742.28,42.7
7771,Jul,Abu Dhabi,Analytics Suite,36,686.03,356.42,24697.06,11865.82,48.0
7772,Jun,Abu Dhabi,Analytics Suite,4,1581.99,1006.55,6327.95,2301.75,36.4
7773,Nov,Abu Dhabi,Security Package,39,243.34,140.92,9490.24,3994.19,42.1
7774,Aug,Abu Dhabi,CRM Platform,40,1344.32,581.21,53772.97,30524.42,56.8
7775,Dec,Ajman,Cloud Storage,47,261.57,127.23,12293.83,6314.16,51.4
7776,Jan,Riyadh,Security Package,15,764.8,492.4,11471.96,4086.02,35.6
7777,Sep,Sharjah,Enterprise Software,7,1223.07,719.63,8561.46,3524.05,41.2
7778,Dec,Ajman,Security Package,17,699.82,356.11,11896.99,5843.1,49.1
7779,Feb,Ajman,Security Package,47,1005.07,476.01,47238.42,24866.03,52.6
7780,Jun,Abu Dhabi,Enterprise Software,17,299.96,191.8,5099.27,1838.61,36.1
7781,Jun,Sharjah,Enterprise Software,45,1398.77,706.32,62944.48,31160.24,49.5
7782,Oct,Sharjah,Enterprise Software,12,287.31,167.31,3447.67,1439.97,41.8
7783,Oct,Ajman,Analytics Suite,48,1274.15,586.98,61159.42,32984.28,53.9
7784,Apr,Dubai,Enterprise Software,17,1755.37,736.57,29841.31,17319.61,58.0
7785,Dec,Dubai,Analytics Suite,41,1169.92,581.33,47966.7,24132.07,50.3
7786,Oct,Ajman,Enterprise Software,5,1717.23,1023.22,8586.14,3470.03,40.4
7787,Jun,Sharjah,CRM Platform,20,1134.46,455.36,22689.3,13582.06,59.9
7788,Jan,Dubai,Enterprise Software,19,267.34,126.51,5079.43,2675.73,52.7
7789,Jun,Ajman,Analytics Suite,17,1321.89,656.0,22472.07,11320.06,50.4
7790,Dec,Abu Dhabi,Analytics Suite,35,1657.51,808.45,58012.91,29717.01,51.2
7791,Jan,Sharjah,CRM Platform,19,1988.34,1069.53,37778.49,17457.47,46.2
7792,May,Riyadh,Cloud Storage,26,965.0,462.3,25089.95,13070.26,52.1
7793,Feb,Ajman,Enterprise Software,13,1154.62,662.95,15010.06,6391.73,42.6
7794,Dec,Riyadh,Analytics Suite,6,360.52,189.92,2163.11,1023.61,47.3
7795,Jul,Abu Dhabi,Enterprise Software,23,518.39,292.61,11922.95,5192.81,43.6
7796,Nov,Dubai,Security Package,8,862.64,416.2,6901.15,3571.52,51.8
7797,Apr,Dubai,Analytics Suite,7,808.76,327.86,5661.3,3366.3,59.5
7798,May,Dubai,CRM Platform,5,1337.52,763.64,6687.58,2869.37,42.9
7799,Dec,Ajman,CRM Platform,43,897.1,401.16,38575.41,21325.54,55.3
7800,Dec,Dubai,Enterprise Software,15,1598.41,701.82,23976.12,13448.75,56.1
7801,Oct,Abu Dhabi,Enterprise Software,30,923.6,382.81,27708.03,16223.67,58.6
7802,Jul,Sharjah,Analytics Suite,7,943.93,437.51,6607.51,3544.97,53.7
7803,Jul,Sharjah,Analytics Suite,38,954.96,469.24,36288.35,18457.4,50.9
7804,Mar,Riyadh,Security Package,17,1429.73,601.92,24305.43,14072.86,57.9
7805,Mar,Riyadh,Cloud Storage,33,1810.52,754.67,59747.08,34842.84,58.3
7806,Aug,Dubai,Cloud Storage,41,428.59,272.34,17572.25,6406.29,36.5
7807,Dec,Sharjah,CRM Platform,39,1670.64,733.88,65154.86,36533.65,56.1
7808,Dec,Riyadh,CRM Platform,46,784.31,426.41,36078.1,16463.39,45.6
7809,Sep,Sharjah,Analytics Suite,37,1986.42,804.51,73497.39,43730.67,59.5
7810,Nov,Dubai,Security Package,20,892.08,546.56,17841.6,6910.34,38.7
7811,Jul,Riyadh,Analytics Suite,16,1787.54,1070.54,28600.72,11472.05,40.1
7812,Sep,Abu Dhabi,Analytics Suite,48,1717.4,902.98,82435.26,39092.08,47.4
7813,Nov,Riyadh,Enterprise Software,31,1553.5,807.21,48158.48,23135.11,48.0
7814,May,Ajman,CRM Platform,37,1046.04,472.23,38703.42,21230.97,54.9
7815,Jun,Riyadh,Enterprise Software,16,693.53,303.08,11096.56,6247.32,56.3
7816,Feb,Dubai,Security Package,35,1018.24,515.09,35638.44,17610.25,49.4
7817,Aug,Riyadh,Security Package,20,994.77,598.54,19895.44,7924.69,39.8
7818,Dec,Ajman,CRM Platform,26,1556.39,891.84,40466.12,17278.3,42.7
7819,Feb,Dubai,Security Package,39,541.51,265.99,21118.81,10745.35,50.9
7820,Mar,Ajman,Analytics Suite,22,1238.36,696.16,27243.89,11928.44,43.8
7821,Aug,Abu Dhabi,Enterprise Software,28,1756.41,920.45,49179.43,23406.74,47.6
7822,Jun,Dubai,Security Package,27,1553.64,795.27,41948.4,20476.07,48.8
7823,Jan,Riyadh,Enterprise Software,41,874.58,492.52,35857.87,15664.5,43.7
7824,Nov,Abu Dhabi,Security Package,43,1683.63,848.41,72396.2,35914.49,49.6
7825,May,Dubai,Analytics Suite,29,1059.44,551.26,30723.85,14737.32,48.0
7826,Jan,Dubai,Analytics Suite,23,1648.93,1008.26,37925.3,14735.21,38.9
7827,Mar,Ajman,Enterprise Software,24,1992.84,1170.73,47828.15,19730.69,41.3
7828,Jun,Dubai,Analytics Suite,19,660.89,310.98,12556.82,6648.29,52.9
7829,Sep,Riyadh,Security Package,21,1024.92,492.93,21523.4,11171.89,51.9
7830,Nov,Sharjah,CRM Platform,14,1083.1,690.42,15163.41,5497.58,36.3
7831,May,Sharjah,Security Package,23,805.94,390.24,18536.57,9561.03,51.6
7832,Nov,Ajman,CRM Platform,27,578.94,351.43,15631.35,6142.83,39.3
7833,Jan,Sharjah,Cloud Storage,46,1828.43,884.03,84107.69,43442.36,51.7
7834,Apr,Riyadh,Analytics Suite,50,217.76,111.56,10887.79,5309.66,48.8
7835,Mar,Ajman,CRM Platform,34,1325.05,760.42,45051.69,19197.41,42.6
7836,Jul,Abu Dhabi,CRM Platform,37,788.57,415.48,29177.18,13804.38,47.3
7837,Jan,Riyadh,CRM Platform,46,1199.58,777.02,55180.71,19437.71,35.2
7838,Jul,Abu Dhabi,CRM Platform,2,622.56,393.01,1245.12,459.1,36.9
7839,Jan,Riyadh,Security Package,41,537.32,277.35,22030.16,10658.83,48.4
7840,Sep,Sharjah,Analytics Suite,12,1354.56,802.67,16254.78,6622.71,40.7
7841,Dec,Sharjah,Cloud Storage,24,283.13,181.24,6795.12,2445.38,36.0
7842,Feb,Riyadh,CRM Platform,28,838.8,435.8,23486.31,11284.0,48.0
7843,May,Ajman,Security Package,9,700.75,298.9,6306.73,3616.64,57.3
7844,Feb,Sharjah,Security Package,38,401.05,179.78,15240.03,8408.51,55.2
7845,Jun,Ajman,Security Package,2,1738.15,993.61,3476.31,1489.08,42.8
7846,Oct,Abu Dhabi,Analytics Suite,12,819.68,348.18,9836.2,5658.01,57.5
7847,Jun,Riyadh,Enterprise Software,28,1303.49,694.16,36497.67,17061.18,46.7
7848,Sep,Ajman,Security Package,10,574.69,298.59,5746.87,2761.02,48.0
7849,Sep,Dubai,Enterprise Software,5,554.02,326.07,2770.09,1139.74,41.1
7850,Jan,Sharjah,Security Package,10,575.3,340.98,5753.01,2343.22,40.7
7851,Mar,Sharjah,Cloud Storage,28,1233.59,714.28,34540.6,14540.65,42.1
7852,May,Sharjah,Security Package,7,1193.96,504.53,8357.73,4825.99,57.7
7853,Nov,Ajman,Security Package,23,1833.73,1014.59,42175.74,18840.19,44.7
7854,Oct,Dubai,Cloud Storage,20,956.95,445.66,19139.08,10225.81,53.4
7855,Feb,Abu Dhabi,Enterprise Software,35,480.24,247.58,16808.46,8143.08,48.4
7856,May,Riyadh,Enterprise Software,28,1846.72,1011.13,51708.08,23396.31,45.2
7857,Nov,Dubai,Enterprise Software,10,249.49,111.56,2494.9,1379.33,55.3
7858,Dec,Abu Dhabi,Security Package,4,1987.0,1094.21,7948.01,3571.16,44.9
7859,Nov,Ajman,CRM Platform,28,1363.35,631.85,38173.69,20482.02,53.7
7860,May,Abu Dhabi,Security Package,13,1203.72,544.03,15648.41,8576.08,54.8
7861,Nov,Ajman,Analytics Suite,48,1793.25,845.96,86076.04,45469.84,52.8
7862,Sep,Abu Dhabi,Security Package,20,892.83,462.94,17856.66,8597.78,48.1
7863,May,Ajman,Cloud Storage,41,1189.81,707.34,48782.1,19781.34,40.6
7864,Jan,Dubai,Cloud Storage,47,522.76,267.72,24569.68,11986.61,48.8
7865,Aug,Abu Dhabi,Enterprise Software,37,567.83,237.72,21009.62,12213.84,58.1
7866,Jan,Abu Dhabi,Analytics Suite,22,834.5,366.75,18359.01,10290.5,56.1
7867,Oct,Ajman,Security Package,10,700.26,427.49,7002.57,2727.68,39.0
7868,Apr,Sharjah,Security Package,45,1038.54,517.86,46734.08,23430.42,50.1
7869,Dec,Riyadh,CRM Platform,32,1260.53,580.03,40336.98,21776.0,54.0
7870,Oct,Riyadh,Security Package,18,1749.11,734.3,31483.91,18266.51,58.0
7871,Jul,Abu Dhabi,Security Package,29,498.33,260.08,14451.71,6909.39,47.8
7872,Sep,Sharjah,CRM Platform,25,1854.78,780.62,46369.56,26854.18,57.9
7873,Aug,Sharjah,Enterprise Software,25,1468.93,902.26,36723.19,14166.61,38.6
7874,Jul,Abu Dhabi,Security Package,40,1922.96,952.3,76918.24,38826.43,50.5
7875,Feb,Abu Dhabi,Analytics Suite,48,770.14,350.49,36966.64,20143.11,54.5
7876,Mar,Riyadh,Enterprise Software,2,714.19,332.79,1428.38,762.8,53.4
7877,Feb,Dubai,CRM Platform,37,324.31,177.98,11999.48,5414.34,45.1
7878,Dec,Sharjah,Cloud Storage,16,1021.5,661.01,16344.06,5767.91,35.3
7879,Jun,Abu Dhabi,CRM Platform,29,1152.4,489.68,33419.49,19218.79,57.5
7880,Apr,Riyadh,CRM Platform,23,772.13,324.09,17759.0,10304.89,58.0
7881,Apr,Abu Dhabi,Analytics Suite,5,1391.1,567.0,6955.5,4120.52,59.2
7882,Sep,Dubai,Analytics Suite,20,864.88,441.72,17297.63,8463.21,48.9
7883,Apr,Abu Dhabi,Enterprise Software,31,303.57,124.94,9410.55,5537.36,58.8
7884,May,Dubai,CRM Platform,37,543.0,340.08,20091.17,7508.12,37.4
7885,Jul,Ajman,Analytics Suite,2,1643.44,1067.79,3286.87,1151.29,35.0
7886,Feb,Dubai,Cloud Storage,46,1879.83,1221.06,86472.22,30303.63,35.0
7887,Aug,Ajman,Cloud Storage,14,624.89,342.99,8748.42,3946.49,45.1
7888,Jan,Dubai,Enterprise Software,7,1388.95,883.4,9722.66,3538.83,36.4
7889,Jul,Riyadh,Cloud Storage,11,338.15,202.8,3719.63,1488.88,40.0
7890,Mar,Riyadh,Security Package,11,1908.73,1086.67,20996.08,9042.66,43.1
7891,Jan,Sharjah,Enterprise Software,27,339.22,180.15,9158.99,4295.07,46.9
7892,Dec,Sharjah,Analytics Suite,38,967.44,484.41,36762.76,18355.09,49.9
7893,Feb,Abu Dhabi,Analytics Suite,18,649.19,347.72,11685.46,5426.48,46.4
7894,Aug,Dubai,Analytics Suite,6,315.46,170.12,1892.76,872.04,46.1
7895,May,Dubai,Enterprise Software,22,294.66,183.74,6482.63,2440.41,37.6
7896,Dec,Abu Dhabi,Enterprise Software,8,1229.91,592.81,9839.31,5096.82,51.8
7897,Mar,Ajman,Enterprise Software,31,931.22,554.18,28867.89,11688.18,40.5
7898,Aug,Sharjah,CRM Platform,39,986.64,406.91,38478.9,22609.38,58.8
7899,Sep,Sharjah,Analytics Suite,22,876.84,420.19,19290.55,10046.4,52.1
7900,May,Sharjah,Enterprise Software,11,523.03,261.61,5753.35,2875.65,50.0
7901,Jul,Sharjah,Enterprise Software,38,1778.11,1005.93,67568.15,29342.74,43.4
7902,Feb,Riyadh,CRM Platform,50,1512.04,790.8,75601.77,36061.55,47.7
7903,Dec,Sharjah,Enterprise Software,34,486.85,289.33,16552.84,6715.59,40.6
7904,May,Dubai,Enterprise Software,36,1204.54,719.33,43363.27,17467.41,40.3
7905,Jun,Ajman,Enterprise Software,36,237.91,99.66,8564.77,4976.9,58.1
7906,Jun,Ajman,Analytics Suite,32,275.67,122.01,8821.42,4917.05,55.7
7907,Jul,Ajman,Security Package,21,1797.65,837.1,37750.73,20171.6,53.4
7908,May,Sharjah,Enterprise Software,18,1543.88,858.45,27789.82,12337.77,44.4
7909,Dec,Sharjah,Cloud Storage,26,1088.63,606.68,28304.47,12530.7,44.3
7910,Jan,Riyadh,Security Package,45,823.79,338.5,37070.44,21837.94,58.9
7911,Apr,Sharjah,Enterprise Software,29,1404.35,792.73,40726.06,17736.95,43.6
7912,Sep,Abu Dhabi,CRM Platform,17,1779.98,1133.56,30259.64,10989.05,36.3
7913,May,Ajman,Enterprise Software,10,658.62,331.12,6586.16,3275.0,49.7
7914,Feb,Riyadh,Security Package,19,469.76,294.36,8925.47,3332.54,37.3
7915,Jul,Dubai,CRM Platform,43,1170.15,596.53,50316.53,24665.94,49.0
7916,Jul,Dubai,Enterprise Software,35,340.06,158.52,11901.96,6353.63,53.4
7917,Oct,Ajman,Analytics Suite,31,477.49,302.24,14802.21,5432.83,36.7
7918,Jul,Riyadh,CRM Platform,27,1526.96,871.58,41227.86,17695.3,42.9
7919,Feb,Sharjah,Analytics Suite,30,1610.17,773.87,48305.12,25089.12,51.9
7920,Jul,Dubai,CRM Platform,1,344.59,209.49,344.59,135.1,39.2
7921,Feb,Ajman,Analytics Suite,46,1536.66,952.95,70686.32,26850.59,38.0
7922,Aug,Dubai,CRM Platform,36,650.76,342.77,23427.3,11087.53,47.3
7923,Aug,Sharjah,Analytics Suite,28,384.76,214.04,10773.37,4780.33,44.4
7924,Jan,Ajman,CRM Platform,28,970.17,419.89,27164.63,15407.59,56.7
7925,Dec,Dubai,Security Package,11,1637.09,727.22,18007.94,10008.47,55.6
7926,Oct,Abu Dhabi,Analytics Suite,8,666.1,268.22,5328.81,3183.06,59.7
7927,Feb,Riyadh,Cloud Storage,24,485.19,309.56,11644.62,4215.19,36.2
7928,Aug,Sharjah,Security Package,35,599.69,303.27,20989.02,10374.74,49.4
7929,Dec,Ajman,Analytics Suite,4,1811.55,1031.62,7246.21,3119.73,43.1
7930,Nov,Dubai,Cloud Storage,50,280.89,154.0,14044.5,6344.57,45.2
7931,Dec,Sharjah,Analytics Suite,30,1330.49,789.4,39914.7,16232.78,40.7
7932,Sep,Riyadh,Security Package,2,363.09,206.16,726.17,313.86,43.2
7933,Jul,Abu Dhabi,Analytics Suite,9,309.49,140.52,2785.42,1520.71,54.6
7934,Sep,Dubai,Enterprise Software,35,268.94,131.63,9413.01,4806.1,51.1
7935,Jul,Dubai,Enterprise Software,42,503.12,207.19,21131.23,12429.04,58.8
7936,Aug,Ajman,Cloud Storage,4,607.67,299.53,2430.69,1232.57,50.7
7937,Jun,Sharjah,Security Package,40,390.1,168.06,15603.84,8881.51,56.9
7938,Feb,Ajman,CRM Platform,28,1469.51,643.52,41146.21,23127.53,56.2
7939,Jun,Riyadh,CRM Platform,35,1747.37,1102.46,61158.07,22572.04,36.9
7940,Jan,Abu Dhabi,CRM Platform,9,1604.99,739.69,14444.88,7787.71,53.9
7941,Aug,Ajman,Security Package,13,1867.03,1124.6,24271.42,9651.62,39.8
7942,Mar,Riyadh,Cloud Storage,21,1771.57,867.88,37202.87,18977.31,51.0
7943,Jul,Riyadh,Enterprise Software,40,682.82,377.69,27312.7,12205.14,44.7
7944,Apr,Riyadh,CRM Platform,42,1751.77,918.81,73574.26,34984.23,47.5
7945,Apr,Dubai,Security Package,41,1799.8,1121.29,73791.86,27818.9,37.7
7946,Nov,Dubai,Enterprise Software,1,986.63,474.23,986.63,512.4,51.9
7947,May,Sharjah,Security Package,16,1732.97,1020.39,27727.52,11401.23,41.1
7948,Jan,Riyadh,Cloud Storage,49,210.47,106.84,10312.95,5077.6,49.2
7949,Nov,Abu Dhabi,Analytics Suite,46,945.36,545.69,43486.55,18384.81,42.3
7950,Jan,Riyadh,CRM Platform,25,696.66,428.83,17416.39,6695.72,38.4
7951,Jun,Abu Dhabi,CRM Platform,40,1634.24,769.99,65369.76,34570.34,52.9
7952,Jan,Ajman,Security Package,41,1694.62,811.25,69479.23,36218.12,52.1
7953,Jan,Riyadh,Cloud Storage,17,1045.8,451.39,17778.63,10104.98,56.8
7954,Jan,Riyadh,Security Package,11,1727.77,874.88,19005.49,9381.81,49.4
7955,Apr,Sharjah,Enterprise Software,1,1434.13,848.99,1434.13,585.15,40.8
7956,Feb,Sharjah,Enterprise Software,40,1181.75,753.63,47270.17,17124.82,36.2
7957,May,Ajman,Analytics Suite,31,577.55,309.3,17904.1,8315.94,46.4
7958,May,Dubai,Security Package,12,1072.49,435.53,12869.84,7643.52,59.4
7959,Mar,Abu Dhabi,Security Package,33,785.91,314.89,25934.87,15543.62,59.9
7960,Jun,Abu Dhabi,Analytics Suite,15,530.81,261.48,7962.18,4039.91,50.7
7961,Jun,Abu Dhabi,Security Package,5,775.29,381.79,3876.43,1967.49,50.8
7962,Apr,Dubai,Enterprise Software,22,482.6,249.52,10617.24,5127.82,48.3
7963,Sep,Dubai,CRM Platform,33,1053.17,621.57,34754.61,14242.71,41.0
7964,Dec,Sharjah,Enterprise Software,24,419.75,271.1,10074.06,3567.77,35.4
7965,Sep,Riyadh,Enterprise Software,41,681.02,359.73,27921.81,13172.94,47.2
7966,May,Sharjah,Enterprise Software,7,428.92,275.34,3002.41,1075.03,35.8
7967,May,Dubai,CRM Platform,41,1865.05,1201.81,76467.02,27192.91,35.6
7968,Jun,Sharjah,Enterprise Software,28,1244.86,782.46,34856.05,12947.28,37.1
7969,Mar,Abu Dhabi,Cloud Storage,31,932.9,518.92,28919.85,12833.42,44.4
7970,Oct,Ajman,Security Package,38,677.41,309.26,25741.62,13989.76,54.3
7971,Apr,Ajman,Security Package,3,1221.23,534.55,3663.7,2060.05,56.2
7972,Apr,Sharjah,Cloud Storage,39,287.19,185.15,11200.28,3979.57,35.5
7973,Apr,Sharjah,CRM Platform,27,1660.16,846.24,44824.25,21975.78,49.0
7974,Feb,Abu Dhabi,Analytics Suite,14,1058.93,584.99,14824.98,6635.13,44.8
7975,Feb,Sharjah,Security Package,9,1361.32,726.68,12251.92,5711.84,46.6
7976,Apr,Dubai,Security Package,28,900.87,425.02,25224.31,13323.7,52.8
7977,May,Abu Dhabi,CRM Platform,14,1942.26,946.82,27191.61,13936.08,51.3
7978,Nov,Abu Dhabi,Enterprise Software,20,1822.03,1170.07,36440.59,13039.09,35.8
7979,Jun,Riyadh,Analytics Suite,27,1193.46,512.4,32223.47,18388.8,57.1
7980,Oct,Dubai,Security Package,21,1986.02,1249.28,41706.41,15471.55,37.1
7981,Nov,Ajman,Cloud Storage,7,1161.4,643.81,8129.78,3623.1,44.6
7982,Jul,Riyadh,CRM Platform,50,610.88,393.36,30543.85,10875.67,35.6
7983,Apr,Dubai,Cloud Storage,1,706.14,425.53,706.14,280.61,39.7
7984,Apr,Abu Dhabi,Cloud Storage,45,1132.66,631.84,50969.86,22536.9,44.2
7985,Nov,Abu Dhabi,Enterprise Software,37,895.85,530.46,33146.58,13519.52,40.8
7986,Oct,Sharjah,Enterprise Software,47,1484.67,650.87,69779.62,39188.93,56.2
7987,Jan,Dubai,Analytics Suite,2,1600.78,738.42,3201.56,1724.72,53.9
7988,Jul,Riyadh,CRM Platform,28,1127.18,582.55,31560.9,15249.42,48.3
7989,Jul,Ajman,Cloud Storage,3,1528.8,788.9,4586.4,2219.69,48.4
7990,Oct,Ajman,Security Package,27,1914.25,862.63,51684.88,28393.9,54.9
7991,Jun,Riyadh,Enterprise Software,14,1947.75,1015.52,27268.52,13051.18,47.9
7992,Sep,Riyadh,Enterprise Software,50,1146.55,734.11,57327.49,20622.19,36.0
7993,Jan,Abu Dhabi,Cloud Storage,37,1028.71,435.5,38062.25,21948.9,57.7
7994,Mar,Riyadh,Security Package,19,1035.45,427.22,19673.64,11556.41,58.7
7995,Feb,Ajman,Analytics Suite,34,1446.31,721.77,49174.65,24634.37,50.1
7996,Oct,Dubai,Enterprise Software,33,1388.41,859.52,45817.56,17453.48,38.1
7997,Jul,Ajman,Cloud Storage,30,1149.32,742.81,34479.69,12195.5,35.4
7998,Nov,Abu Dhabi,Security Package,42,322.44,163.12,13542.4,6691.24,49.4
7999,Jan,Riyadh,CRM Platform,1,881.12,547.22,881.12,333.9,37.9
8000,Nov,Ajman,Security Package,34,313.93,196.75,10673.69,3984.28,37.3
8001,Jan,Ajman,Security Package,20,1508.44,665.01,30168.84,16868.68,55.9
8002,Nov,Abu Dhabi,Security Package,18,879.38,462.46,15828.82,7504.52,47.4
8003,Sep,Dubai,CRM Platform,50,335.14,171.73,16757.07,8170.8,48.8
8004,Nov,Abu Dhabi,Cloud Storage,19,381.55,210.92,7249.52,3242.08,44.7
8005,Aug,Ajman,Security Package,1,590.5,242.29,590.5,348.2,59.0
8006,Apr,Dubai,Security Package,17,1205.78,483.63,20498.2,12276.45,59.9
8007,Dec,Riyadh,Analytics Suite,17,663.34,353.35,11276.8,5269.91,46.7
8008,Oct,Ajman,Security Package,3,1899.42,1138.86,5698.26,2281.68,40.0
8009,Apr,Sharjah,Security Package,13,658.96,411.86,8566.48,3212.28,37.5
8010,Jul,Sharjah,Security Package,45,1024.17,598.17,46087.43,19169.73,41.6
8011,Jan,Abu Dhabi,CRM Platform,12,379.93,158.64,4559.11,2655.4,58.2
8012,Jul,Riyadh,Enterprise Software,46,960.5,558.8,44182.79,18478.02,41.8
8013,Jun,Sharjah,Enterprise Software,41,1290.51,702.67,52911.03,24101.49,45.6
8014,Nov,Sharjah,Cloud Storage,2,1156.17,671.96,2312.34,968.41,41.9
8015,Aug,Dubai,Cloud Storage,34,511.36,329.27,17386.25,6191.12,35.6
8016,Aug,Sharjah,Cloud Storage,7,428.1,249.9,2996.71,1247.42,41.6
8017,Aug,Riyadh,Security Package,2,717.2,447.41,1434.39,539.57,37.6
8018,Aug,Sharjah,Analytics Suite,35,1910.82,811.35,66878.76,38481.53,57.5
8019,Dec,Ajman,Cloud Storage,5,710.67,313.95,3553.35,1983.58,55.8
8020,Nov,Dubai,CRM Platform,22,897.86,390.01,19752.82,11172.56,56.6
8021,Oct,Ajman,Security Package,18,1937.86,897.24,34881.48,18731.08,53.7
8022,Aug,Abu Dhabi,Enterprise Software,35,486.29,222.0,17020.15,9250.31,54.3
8023,Nov,Dubai,Analytics Suite,40,1059.67,539.03,42386.68,20825.63,49.1
8024,May,Dubai,Security Package,1,1858.86,948.26,1858.86,910.59,49.0
8025,May,Sharjah,CRM Platform,1,1575.15,760.82,1575.15,814.33,51.7
8026,Jul,Ajman,Analytics Suite,25,450.05,247.51,11251.15,5063.3,45.0
8027,Nov,Ajman,Security Package,21,1716.5,833.77,36046.47,18537.4,51.4
8028,Jun,Abu Dhabi,Analytics Suite,43,1737.27,759.92,74702.42,42025.92,56.3
8029,Jul,Sharjah,Security Package,26,1017.95,562.45,26466.72,11842.98,44.7
8030,Jan,Riyadh,Security Package,30,491.63,317.43,14748.93,5226.0,35.4
8031,Oct,Ajman,CRM Platform,18,278.61,157.85,5014.95,2173.72,43.3
8032,May,Dubai,Analytics Suite,7,609.8,268.87,4268.57,2386.52,55.9
8033,Jul,Abu Dhabi,Security Package,43,1167.58,530.85,50206.11,27379.51,54.5
8034,Mar,Abu Dhabi,Security Package,13,1701.77,964.23,22123.0,9588.06,43.3
8035,Jul,Riyadh,Security Package,9,479.24,269.2,4313.19,1890.37,43.8
8036,Nov,Sharjah,CRM Platform,33,1531.35,684.02,50534.66,27961.89,55.3
8037,Feb,Ajman,CRM Platform,4,607.98,304.21,2431.92,1215.08,50.0
8038,Nov,Ajman,Analytics Suite,36,293.25,184.3,10557.01,3922.15,37.2
8039,Nov,Abu Dhabi,CRM Platform,6,1470.86,894.44,8825.16,3458.51,39.2
8040,Jul,Riyadh,Cloud Storage,10,1065.87,593.4,10658.72,4724.75,44.3
8041,Jan,Dubai,CRM Platform,4,1513.54,661.66,6054.17,3407.52,56.3
8042,May,Ajman,CRM Platform,25,1346.05,550.66,33651.36,19884.79,59.1
8043,May,Ajman,Enterprise Software,39,1609.74,871.9,62779.82,28775.65,45.8
8044,Jan,Dubai,Enterprise Software,39,391.48,194.98,15267.85,7663.59,50.2
8045,May,Riyadh,Analytics Suite,22,1896.98,1202.45,41733.59,15279.8,36.6
8046,Jan,Abu Dhabi,Enterprise Software,7,1054.23,558.46,7379.59,3470.38,47.0
8047,Mar,Sharjah,CRM Platform,42,1523.35,796.3,63980.6,30536.1,47.7
8048,Jan,Sharjah,Cloud Storage,42,766.62,464.07,32198.22,12707.48,39.5
8049,Nov,Abu Dhabi,Analytics Suite,44,1189.86,626.6,52353.91,24783.73,47.3
8050,Jan,Ajman,Cloud Storage,32,1592.71,716.04,50966.81,28053.47,55.0
8051,Jul,Dubai,CRM Platform,24,1677.73,1048.99,40265.43,15089.67,37.5
8052,Jan,Riyadh,Enterprise Software,48,1005.38,559.8,48258.34,21388.12,44.3
8053,Feb,Ajman,Enterprise Software,32,367.77,208.61,11768.7,5093.06,43.3
8054,Nov,Sharjah,Enterprise Software,10,843.68,537.95,8436.79,3057.34,36.2
8055,Mar,Ajman,Analytics Suite,10,1961.74,1272.16,19617.42,6895.78,35.2
8056,May,Sharjah,Cloud Storage,37,1363.45,805.38,50447.56,20648.36,40.9
8057,Mar,Ajman,Analytics Suite,28,1412.67,888.05,39554.69,14689.22,37.1
8058,Apr,Dubai,Analytics Suite,19,1098.36,573.99,20868.79,9963.05,47.7
8059,Feb,Sharjah,Enterprise Software,27,226.77,119.53,6122.87,2895.59,47.3
8060,Apr,Riyadh,Analytics Suite,46,1709.28,1069.67,78626.66,29421.73,37.4
8061,Dec,Riyadh,Security Package,32,818.05,449.83,26177.64,11783.17,45.0
8062,Jun,Riyadh,CRM Platform,37,1877.59,838.95,69470.77,38429.58,55.3
8063,Nov,Sharjah,Enterprise Software,23,1786.89,787.86,41098.4,22977.59,55.9
8064,Apr,Riyadh,Cloud Storage,4,1650.48,701.03,6601.93,3797.81,57.5
8065,Jan,Sharjah,Cloud Storage,43,642.98,412.5,27647.96,9910.42,35.8
8066,Aug,Abu Dhabi,Security Package,30,1468.83,695.83,44065.01,23190.18,52.6
8067,Apr,Sharjah,Cloud Storage,50,1491.61,650.89,74580.48,42035.8,56.4
8068,Nov,Sharjah,Analytics Suite,30,1145.54,729.91,34366.2,12468.92,36.3
8069,Dec,Ajman,Analytics Suite,4,730.88,448.9,2923.53,1127.92,38.6
8070,Mar,Ajman,CRM Platform,17,1345.32,795.26,22870.49,9351.07,40.9
8071,Aug,Sharjah,Security Package,10,1616.77,965.71,16167.75,6510.7,40.3
8072,Nov,Riyadh,Cloud Storage,50,732.47,396.07,36623.72,16820.17,45.9
8073,Aug,Dubai,CRM Platform,41,1816.2,1025.75,74464.28,32408.62,43.5
8074,Jan,Dubai,Enterprise Software,39,1230.15,663.98,47975.86,22080.46,46.0
8075,Oct,Sharjah,Cloud Storage,33,497.08,269.65,16403.58,7504.97,45.8
8076,Nov,Dubai,CRM Platform,17,436.04,188.44,7412.71,4209.17,56.8
8077,Jun,Abu Dhabi,CRM Platform,33,827.58,456.09,27310.02,12259.17,44.9
8078,May,Dubai,Cloud Storage,34,1265.85,506.9,43038.94,25804.37,60.0
8079,Oct,Sharjah,CRM Platform,37,1222.18,599.37,45220.53,23043.7,51.0
8080,Apr,Riyadh,Analytics Suite,17,1421.38,693.19,24163.53,12379.32,51.2
8081,Feb,Ajman,Analytics Suite,42,465.3,275.76,19542.46,7960.7,40.7
8082,May,Sharjah,Cloud Storage,18,300.57,185.54,5410.31,2070.57,38.3
8083,Jan,Dubai,Security Package,27,1735.97,788.33,46871.3,25586.39,54.6
8084,Jun,Abu Dhabi,Security Package,40,1367.24,628.47,54689.68,29550.89,54.0
8085,Dec,Ajman,Security Package,42,1849.48,1135.99,77678.34,29966.7,38.6
8086,Dec,Riyadh,Enterprise Software,31,576.69,330.29,17877.33,7638.23,42.7
8087,Sep,Dubai,Cloud Storage,11,331.98,141.16,3651.82,2099.11,57.5
8088,Jul,Dubai,Cloud Storage,20,1347.3,570.8,26945.94,15529.88,57.6
8089,Jun,Riyadh,Enterprise Software,17,672.64,352.43,11434.82,5443.59,47.6
8090,Oct,Riyadh,Security Package,14,1580.99,883.63,22133.81,9762.96,44.1
8091,Aug,Ajman,Enterprise Software,4,865.86,352.46,3463.44,2053.59,59.3
8092,Jun,Dubai,Security Package,42,1498.76,838.73,62947.9,27721.3,44.0
8093,Nov,Abu Dhabi,CRM Platform,14,533.9,267.57,7474.66,3728.61,49.9
8094,Mar,Sharjah,Cloud Storage,28,802.48,351.67,22469.39,12622.62,56.2
8095,Sep,Ajman,Security Package,4,659.6,344.82,2638.41,1259.12,47.7
8096,Oct,Ajman,Security Package,48,1725.88,794.6,82842.42,44701.41,54.0
8097,Aug,Riyadh,Security Package,32,1394.41,614.61,44621.05,24953.41,55.9
8098,Oct,Abu Dhabi,Security Package,40,982.38,597.86,39295.38,15380.86,39.1
8099,Feb,Ajman,Security Package,34,740.98,347.72,25193.16,13370.57,53.1
8100,Sep,Dubai,Security Package,44,604.16,318.23,26582.85,12580.72,47.3
8101,Dec,Sharjah,CRM Platform,37,476.5,210.33,17630.56,9848.53,55.9
8102,Jan,Abu Dhabi,Security Package,7,954.94,601.12,6684.56,2476.73,37.1
8103,Oct,Dubai,Analytics Suite,47,1239.12,547.06,58238.69,32527.08,55.9
8104,Sep,Sharjah,CRM Platform,48,1989.02,1271.85,95472.84,34424.12,36.1
8105,Dec,Sharjah,Analytics Suite,15,547.52,247.04,8212.81,4507.24,54.9
8106,Apr,Ajman,Security Package,5,1627.36,737.67,8136.81,4448.47,54.7
8107,Jun,Sharjah,CRM Platform,25,1783.75,988.31,44593.65,19885.86,44.6
8108,Aug,Ajman,Enterprise Software,25,849.4,350.5,21234.89,12472.38,58.7
8109,Jan,Dubai,Enterprise Software,3,508.75,270.7,1526.26,714.16,46.8
8110,Oct,Sharjah,Security Package,23,1798.05,1088.58,41355.12,16317.86,39.5
8111,Jan,Ajman,Enterprise Software,23,417.12,179.91,9593.86,5455.94,56.9
8112,Sep,Sharjah,Cloud Storage,42,296.13,166.55,12437.58,5442.48,43.8
8113,Feb,Ajman,Cloud Storage,40,1460.32,704.93,58412.72,30215.36,51.7
8114,Jul,Abu Dhabi,CRM Platform,39,574.75,334.82,22415.21,9357.32,41.7
8115,Nov,Ajman,Security Package,11,1476.05,931.95,16236.57,5985.11,36.9
8116,Nov,Ajman,Analytics Suite,25,1594.47,709.14,39861.86,22133.44,55.5
8117,Aug,Riyadh,Security Package,21,549.98,230.54,11549.64,6708.29,58.1
8118,Nov,Sharjah,Cloud Storage,17,1567.38,707.83,26645.38,14612.28,54.8
8119,Nov,Ajman,Cloud Storage,2,1000.05,511.54,2000.1,977.02,48.8
8120,May,Abu Dhabi,Enterprise Software,42,739.62,416.8,31063.84,13558.28,43.6
8121,Oct,Sharjah,Enterprise Software,46,1216.07,687.01,55939.39,24337.0,43.5
8122,Nov,Sharjah,Security Package,25,516.46,240.5,12911.48,6898.93,53.4
8123,May,Abu Dhabi,Security Package,1,1938.54,1234.78,1938.54,703.76,36.3
8124,Aug,Abu Dhabi,CRM Platform,43,334.03,163.24,14363.4,7344.2,51.1
8125,Sep,Abu Dhabi,CRM Platform,22,209.97,107.33,4619.35,2258.06,48.9
8126,Sep,Sharjah,Enterprise Software,10,829.23,465.68,8292.34,3635.54,43.8
8127,Apr,Dubai,Enterprise Software,6,1375.45,699.61,8252.73,4055.05,49.1
8128,Aug,Abu Dhabi,Enterprise Software,23,1242.29,581.98,28572.76,15187.21,53.2
8129,Jul,Sharjah,CRM Platform,5,1314.63,790.76,6573.17,2619.37,39.8
8130,Jan,Ajman,CRM Platform,6,1495.86,618.76,8975.14,5262.59,58.6
8131,May,Sharjah,Cloud Storage,1,1583.66,633.86,1583.66,949.8,60.0
8132,Nov,Abu Dhabi,CRM Platform,24,815.9,403.56,19581.52,9896.06,50.5
8133,Jun,Sharjah,CRM Platform,27,1719.48,1051.46,46426.04,18036.61,38.9
8134,Dec,Ajman,Analytics Suite,30,1788.33,1039.52,53649.87,22464.31,41.9
8135,Aug,Riyadh,CRM Platform,20,350.46,145.32,7009.21,4102.74,58.5
8136,Sep,Dubai,CRM Platform,21,1305.75,780.93,27420.83,11021.3,40.2
8137,Apr,Abu Dhabi,Cloud Storage,4,1301.52,617.24,5206.1,2737.15,52.6
8138,Feb,Ajman,Cloud Storage,20,1465.35,819.3,29307.05,12920.98,44.1
8139,Jul,Ajman,Enterprise Software,22,596.54,363.51,13123.93,5126.69,39.1
8140,Jan,Ajman,Cloud Storage,21,566.91,350.8,11905.15,4538.25,38.1
8141,Sep,Sharjah,Cloud Storage,39,200.13,104.6,7804.91,3725.4,47.7
8142,Nov,Riyadh,Enterprise Software,27,468.08,210.92,12638.14,6943.42,54.9
8143,Feb,Riyadh,CRM Platform,23,1761.78,915.69,40520.95,19460.16,48.0
8144,Jul,Dubai,CRM Platform,8,915.15,378.55,7321.23,4292.84,58.6
8145,Jan,Ajman,CRM Platform,22,1237.12,578.11,27216.73,14498.39,53.3
8146,Nov,Dubai,CRM Platform,37,1351.61,770.77,50009.71,21491.04,43.0
8147,Jul,Ajman,Security Package,44,564.92,309.92,24856.36,11220.02,45.1
8148,Aug,Sharjah,CRM Platform,3,1221.89,678.74,3665.66,1629.45,44.5
8149,Aug,Dubai,Security Package,18,1308.6,794.12,23554.76,9260.57,39.3
8150,Oct,Abu Dhabi,Cloud Storage,33,594.18,313.89,19607.88,9249.45,47.2
8151,Sep,Ajman,Security Package,20,1481.87,760.32,29637.39,14431.05,48.7
8152,Sep,Riyadh,Security Package,33,475.64,282.73,15695.96,6365.95,40.6
8153,Oct,Ajman,Analytics Suite,26,1975.18,1155.88,51354.61,21301.74,41.5
8154,Mar,Riyadh,CRM Platform,29,1975.72,1245.0,57295.97,21190.96,37.0
8155,Jan,Abu Dhabi,Cloud Storage,50,1901.07,1031.27,95053.27,43489.71,45.8
8156,Jun,Ajman,Enterprise Software,17,1078.63,521.23,18336.68,9475.71,51.7
8157,Feb,Sharjah,Enterprise Software,13,1733.65,1040.99,22537.4,9004.47,40.0
8158,Aug,Abu Dhabi,CRM Platform,10,1508.28,636.44,15082.82,8718.44,57.8
8159,Aug,Sharjah,CRM Platform,49,1517.37,973.8,74351.3,26635.2,35.8
8160,Sep,Sharjah,Enterprise Software,11,1831.33,816.09,20144.62,11167.62,55.4
8161,May,Sharjah,CRM Platform,39,1356.61,825.0,52907.75,20732.95,39.2
8162,Aug,Dubai,Cloud Storage,6,956.25,460.45,5737.52,2974.83,51.8
8163,Nov,Riyadh,Analytics Suite,41,501.81,302.37,20574.09,8176.96,39.7
8164,Jun,Abu Dhabi,Enterprise Software,37,934.96,429.1,34593.66,18716.81,54.1
8165,Apr,Riyadh,Enterprise Software,8,1787.58,1085.81,14300.61,5614.14,39.3
8166,Feb,Dubai,Analytics Suite,33,1508.83,871.03,49791.27,21047.23,42.3
8167,Jan,Ajman,Security Package,2,696.38,355.17,1392.77,682.42,49.0
8168,Jul,Dubai,Analytics Suite,47,749.5,411.93,35226.34,15865.72,45.0
8169,Nov,Dubai,Analytics Suite,35,316.84,134.52,11089.34,6381.25,57.5
8170,May,Abu Dhabi,Security Package,10,1090.12,589.93,10901.25,5001.95,45.9
8171,Oct,Dubai,Enterprise Software,44,488.96,292.11,21514.31,8661.63,40.3
8172,Jan,Riyadh,Security Package,2,1322.54,808.03,2645.07,1029.01,38.9
8173,Nov,Ajman,Enterprise Software,28,1688.36,895.94,47274.0,22187.62,46.9
8174,Feb,Sharjah,Analytics Suite,28,1813.66,918.91,50782.59,25053.07,49.3
8175,Feb,Ajman,Enterprise Software,31,1566.63,894.87,48565.6,20824.49,42.9
8176,Mar,Riyadh,Analytics Suite,1,936.61,577.29,936.61,359.32,38.4
8177,Jan,Dubai,Security Package,22,1532.68,898.17,33719.02,13959.36,41.4
8178,Mar,Sharjah,Security Package,18,1998.07,805.05,35965.31,21474.45,59.7
8179,Aug,Riyadh,CRM Platform,46,1431.5,921.52,65848.87,23459.16,35.6
8180,Mar,Sharjah,CRM Platform,19,1997.24,815.61,37947.51,22450.87,59.2
8181,Feb,Dubai,Cloud Storage,24,316.1,188.58,7586.4,3060.4,40.3
8182,Aug,Ajman,Enterprise Software,23,1261.06,696.38,29004.42,12987.73,44.8
8183,Nov,Abu Dhabi,Cloud Storage,20,1299.39,725.6,25987.82,11475.78,44.2
8184,May,Ajman,CRM Platform,42,1927.46,1064.93,80953.28,36226.16,44.7
8185,Sep,Riyadh,Analytics Suite,14,526.07,258.16,7364.97,3750.8,50.9
8186,Jan,Riyadh,Security Package,6,218.04,134.14,1308.24,503.39,38.5
8187,Apr,Ajman,Cloud Storage,17,1878.08,1143.31,31927.29,12491.07,39.1
8188,Aug,Abu Dhabi,CRM Platform,45,1567.62,648.55,70543.08,41358.26,58.6
8189,May,Sharjah,Security Package,44,497.76,262.09,21901.63,10369.58,47.3
8190,Nov,Abu Dhabi,Security Package,48,848.74,418.16,40739.45,20667.82,50.7
8191,May,Abu Dhabi,Analytics Suite,35,1618.11,684.22,56633.91,32686.21,57.7
8192,Feb,Riyadh,Enterprise Software,8,764.03,469.44,6112.23,2356.73,38.6
8193,Oct,Ajman,CRM Platform,18,1601.62,909.8,28829.13,12452.74,43.2
8194,Apr,Sharjah,Enterprise Software,40,1182.2,736.78,47288.0,17816.77,37.7
8195,Mar,Sharjah,Cloud Storage,14,1046.99,422.44,14657.92,8743.72,59.7
8196,Aug,Abu Dhabi,Security Package,16,411.33,197.4,6581.31,3422.91,52.0
8197,Mar,Abu Dhabi,Analytics Suite,44,1965.17,894.33,86467.3,47116.79,54.5
8198,May,Sharjah,Cloud Storage,45,460.54,269.27,20724.36,8607.02,41.5
8199,Dec,Riyadh,Analytics Suite,31,1624.88,1009.8,50371.35,19067.47,37.9
8200,Mar,Sharjah,CRM Platform,36,211.68,95.11,7620.4,4196.4,55.1
8201,Jan,Abu Dhabi,Analytics Suite,1,956.57,444.57,956.57,512.0,53.5
8202,Dec,Sharjah,Analytics Suite,34,279.74,174.36,9511.11,3582.71,37.7
8203,Oct,Riyadh,Cloud Storage,19,275.0,168.98,5225.02,2014.35,38.6
8204,Sep,Riyadh,Cloud Storage,25,536.93,313.39,13423.19,5588.51,41.6
8205,Dec,Riyadh,CRM Platform,12,1237.77,763.49,14853.27,5691.43,38.3
8206,Jul,Ajman,Enterprise Software,49,483.01,270.46,23667.4,10414.87,44.0
8207,Dec,Riyadh,CRM Platform,14,884.95,469.82,12389.34,5811.91,46.9
8208,Sep,Sharjah,Analytics Suite,9,1687.56,732.35,15188.0,8596.85,56.6
8209,Dec,Abu Dhabi,Cloud Storage,43,348.85,175.19,15000.59,7467.41,49.8
8210,Jan,Ajman,Analytics Suite,5,351.84,158.15,1759.21,968.46,55.1
8211,Dec,Abu Dhabi,CRM Platform,2,1978.77,897.88,3957.54,2161.78,54.6
8212,May,Sharjah,Enterprise Software,29,1058.24,512.58,30688.93,15824.22,51.6
8213,Sep,Ajman,Security Package,45,1416.16,641.36,63727.24,34866.07,54.7
8214,Apr,Ajman,Enterprise Software,29,1977.68,1081.72,57352.71,25982.92,45.3
8215,Sep,Ajman,Enterprise Software,2,1751.11,1002.64,3502.21,1496.94,42.7
8216,Sep,Sharjah,Cloud Storage,12,1171.32,639.34,14055.89,6383.75,45.4
8217,Dec,Dubai,Cloud Storage,10,1378.49,819.03,13784.9,5594.57,40.6
8218,Jun,Riyadh,CRM Platform,29,1438.28,706.11,41710.09,21232.86,50.9
8219,Jul,Abu Dhabi,CRM Platform,18,1651.58,797.79,29728.53,15368.35,51.7
8220,Jul,Abu Dhabi,Analytics Suite,10,1890.8,828.73,18907.95,10620.64,56.2
8221,May,Riyadh,Cloud Storage,50,934.13,433.53,46706.25,25029.99,53.6
8222,Oct,Sharjah,Cloud Storage,37,1436.99,713.7,53168.74,26761.9,50.3
8223,Jan,Abu Dhabi,Security Package,29,335.31,190.94,9723.97,4186.71,43.1
8224,Dec,Ajman,Enterprise Software,28,1226.54,735.14,34343.18,13759.2,40.1
8225,Oct,Abu Dhabi,Security Package,17,811.76,332.2,13800.0,8152.56,59.1
8226,Apr,Ajman,Security Package,34,1496.8,829.36,50891.04,22692.91,44.6
8227,Mar,Dubai,CRM Platform,38,1129.33,658.02,42914.69,17910.08,41.7
8228,Dec,Dubai,Analytics Suite,12,1072.54,529.1,12870.46,6521.28,50.7
8229,Jan,Ajman,Enterprise Software,16,958.72,429.18,15339.47,8472.56,55.2
8230,Jul,Dubai,Analytics Suite,39,799.5,510.37,31180.46,11275.91,36.2
8231,Jun,Ajman,Cloud Storage,41,262.21,142.99,10750.67,4888.14,45.5
8232,Feb,Riyadh,Analytics Suite,9,585.66,258.88,5270.97,2941.05,55.8
8233,Oct,Riyadh,Security Package,38,1415.2,857.24,53777.66,21202.59,39.4
8234,Sep,Riyadh,Security Package,25,1572.55,835.53,39313.7,18425.5,46.9
8235,Aug,Dubai,Enterprise Software,7,708.22,415.11,4957.53,2051.73,41.4
8236,Jan,Abu Dhabi,CRM Platform,16,1603.92,807.57,25662.76,12741.58,49.7
8237,Nov,Dubai,Security Package,22,1966.81,1112.4,43269.75,18796.98,43.4
8238,May,Sharjah,Analytics Suite,14,1643.99,858.15,23015.9,11001.75,47.8
8239,Mar,Dubai,Cloud Storage,28,1745.99,1010.04,48887.71,20606.7,42.2
8240,Jul,Ajman,CRM Platform,14,1755.18,1044.92,24572.57,9943.67,40.5
8241,Dec,Abu Dhabi,Enterprise Software,38,336.66,212.28,12793.13,4726.31,36.9
8242,Apr,Dubai,Analytics Suite,33,1805.43,1037.41,59579.3,25344.61,42.5
8243,Aug,Dubai,Security Package,37,1943.42,937.43,71906.36,37221.43,51.8
8244,Dec,Ajman,Security Package,17,517.84,279.03,8803.24,4059.78,46.1
8245,Feb,Riyadh,Enterprise Software,34,1726.81,894.71,58711.58,28291.29,48.2
8246,Oct,Ajman,Cloud Storage,6,1484.12,850.59,8904.73,3801.2,42.7
8247,Feb,Abu Dhabi,Enterprise Software,11,1936.14,947.16,21297.57,10878.77,51.1
8248,Jul,Ajman,Analytics Suite,1,590.97,255.76,590.97,335.2,56.7
8249,Mar,Abu Dhabi,Enterprise Software,5,1080.78,462.93,5403.89,3089.23,57.2
8250,Mar,Dubai,Analytics Suite,46,640.1,278.53,29444.42,16632.01,56.5
8251,Sep,Sharjah,Security Package,36,365.41,153.41,13154.63,7631.81,58.0
8252,Mar,Sharjah,Security Package,2,946.11,384.19,1892.22,1123.83,59.4
8253,Jul,Sharjah,Enterprise Software,23,434.52,223.07,9993.93,4863.23,48.7
8254,Sep,Ajman,Enterprise Software,37,385.26,209.47,14254.63,6504.41,45.6
8255,Jan,Abu Dhabi,Enterprise Software,2,1952.43,1183.95,3904.86,1536.96,39.4
8256,Nov,Ajman,Security Package,12,1563.93,650.76,18767.13,10957.96,58.4
8257,Mar,Ajman,Cloud Storage,13,1177.79,476.42,15311.32,9117.87,59.5
8258,Jan,Abu Dhabi,CRM Platform,12,253.82,137.42,3045.82,1396.75,45.9
8259,Oct,Riyadh,Enterprise Software,20,208.79,128.7,4175.87,1601.89,38.4
8260,Oct,Sharjah,CRM Platform,25,348.26,200.64,8706.44,3690.4,42.4
8261,Aug,Ajman,Enterprise Software,32,457.09,238.93,14626.76,6980.89,47.7
8262,Jun,Dubai,Analytics Suite,4,1452.99,788.76,5811.98,2656.93,45.7
8263,Jul,Riyadh,Enterprise Software,48,1716.48,774.43,82390.84,45218.21,54.9
8264,Apr,Sharjah,Cloud Storage,14,852.36,364.82,11932.98,6825.56,57.2
8265,Jul,Ajman,Cloud Storage,9,785.83,327.74,7072.43,4122.81,58.3
8266,May,Sharjah,Security Package,25,1889.05,984.83,47226.26,22605.45,47.9
8267,Nov,Dubai,Analytics Suite,5,1658.24,1056.14,8291.22,3010.52,36.3
8268,Apr,Dubai,Cloud Storage,43,426.04,233.43,18319.53,8281.88,45.2
8269,Jan,Ajman,Cloud Storage,38,1702.83,1033.2,64707.52,25445.77,39.3
8270,Jan,Abu Dhabi,Analytics Suite,31,756.92,423.44,23464.49,10337.72,44.1
8271,Oct,Abu Dhabi,Analytics Suite,41,1424.49,717.54,58404.27,28984.97,49.6
8272,Oct,Abu Dhabi,Cloud Storage,4,600.13,297.65,2400.53,1209.93,50.4
8273,Aug,Riyadh,Analytics Suite,18,561.1,309.31,10099.85,4532.28,44.9
8274,Sep,Riyadh,Analytics Suite,2,1464.63,595.98,2929.25,1737.29,59.3
8275,Feb,Riyadh,Analytics Suite,26,454.9,224.86,11827.49,5981.18,50.6
8276,Feb,Sharjah,Enterprise Software,46,758.14,401.72,34874.63,16395.31,47.0
8277,Jul,Dubai,Analytics Suite,24,209.79,127.47,5034.97,1975.77,39.2
8278,Oct,Dubai,Cloud Storage,17,1583.37,991.2,26917.27,10066.91,37.4
8279,Sep,Sharjah,Analytics Suite,46,1415.93,820.73,65132.98,27379.29,42.0
8280,Dec,Sharjah,CRM Platform,19,1357.1,562.74,25784.88,15092.83,58.5
8281,Nov,Riyadh,Enterprise Software,39,238.26,108.03,9292.21,5079.1,54.7
8282,Jul,Dubai,Enterprise Software,23,389.29,206.55,8953.65,4203.06,46.9
8283,Jul,Riyadh,Enterprise Software,48,228.48,125.31,10967.12,4952.11,45.2
8284,Jan,Ajman,Analytics Suite,30,1944.26,836.03,58327.93,33247.15,57.0
8285,Jul,Riyadh,Cloud Storage,30,1051.69,513.83,31550.66,16135.64,51.1
8286,Jul,Dubai,Analytics Suite,7,1793.71,1007.84,12556.0,5501.09,43.8
8287,Nov,Abu Dhabi,Security Package,19,1984.89,1157.87,37712.86,15713.36,41.7
8288,Jul,Ajman,Analytics Suite,35,1783.57,1101.53,62424.93,23871.38,38.2
8289,Mar,Riyadh,CRM Platform,1,455.93,182.77,455.93,273.16,59.9
8290,Feb,Riyadh,CRM Platform,2,1691.13,838.57,3382.26,1705.12,50.4
8291,May,Sharjah,Cloud Storage,32,877.87,415.97,28091.86,14780.85,52.6
8292,Mar,Sharjah,Analytics Suite,47,1934.88,1190.19,90939.47,35000.54,38.5
8293,Nov,Ajman,Enterprise Software,38,1884.09,1195.3,71595.49,26174.2,36.6
8294,Feb,Sharjah,Cloud Storage,19,853.99,420.21,16225.82,8241.89,50.8
8295,Jan,Dubai,Security Package,4,461.27,255.68,1845.06,822.34,44.6
8296,Dec,Dubai,CRM Platform,38,830.17,429.71,31546.29,15217.37,48.2
8297,May,Sharjah,CRM Platform,9,1660.61,949.84,14945.5,6396.94,42.8
8298,Apr,Riyadh,Analytics Suite,27,1332.54,545.68,35978.53,21245.13,59.0
8299,Oct,Riyadh,Enterprise Software,34,1892.74,880.63,64353.21,34411.74,53.5
8300,Feb,Dubai,Security Package,17,1477.58,836.68,25118.83,10895.2,43.4
8301,Mar,Ajman,Enterprise Software,13,953.02,485.96,12389.21,6071.67,49.0
8302,Jan,Dubai,CRM Platform,28,222.96,98.85,6242.81,3474.96,55.7
8303,Jun,Abu Dhabi,Analytics Suite,13,1389.34,583.61,18061.36,10474.41,58.0
8304,Aug,Sharjah,Enterprise Software,27,535.66,239.27,14462.69,8002.54,55.3
8305,Jun,Dubai,Security Package,20,1866.99,976.34,37339.79,17813.07,47.7
8306,Feb,Sharjah,Enterprise Software,25,645.18,415.79,16129.59,5734.84,35.6
8307,Jun,Riyadh,Enterprise Software,50,1188.86,640.34,59442.83,27425.92,46.1
8308,Aug,Riyadh,Enterprise Software,13,1304.42,590.67,16957.42,9278.73,54.7
8309,Oct,Riyadh,CRM Platform,41,1826.85,742.75,74900.83,44448.02,59.3
8310,Oct,Riyadh,Cloud Storage,28,1373.1,884.14,38446.87,13690.92,35.6
8311,Mar,Ajman,Enterprise Software,4,1606.59,1021.21,6426.38,2341.55,36.4
8312,May,Sharjah,CRM Platform,47,935.83,594.82,43983.91,16027.34,36.4
8313,May,Ajman,CRM Platform,30,1199.01,586.2,35970.2,18384.35,51.1
8314,Jan,Abu Dhabi,Analytics Suite,36,670.67,327.45,24144.12,12355.81,51.2
8315,Apr,Dubai,Analytics Suite,37,1244.63,546.16,46051.25,25843.47,56.1
8316,Oct,Ajman,Enterprise Software,38,1791.46,947.07,68075.44,32086.65,47.1
8317,Mar,Dubai,Enterprise Software,34,819.83,396.58,27874.3,14390.48,51.6
8318,Apr,Dubai,Analytics Suite,34,1417.13,621.1,48182.47,27064.96,56.2
8319,Jan,Sharjah,Cloud Storage,16,534.18,337.27,8546.95,3150.62,36.9
8320,Jun,Riyadh,CRM Platform,37,412.08,243.39,15246.86,6241.48,40.9
8321,Sep,Dubai,Security Package,3,1602.11,715.21,4806.34,2660.7,55.4
8322,Jan,Abu Dhabi,Security Package,22,550.57,353.85,12112.56,4327.94,35.7
8323,Jan,Ajman,Cloud Storage,47,1407.34,642.09,66144.96,35966.65,54.4
8324,Sep,Dubai,Cloud Storage,34,721.12,307.3,24517.96,14069.61,57.4
8325,Aug,Ajman,CRM Platform,26,1266.45,726.96,32927.63,14026.74,42.6
8326,Nov,Dubai,Security Package,8,1522.02,733.76,12176.15,6306.08,51.8
8327,Oct,Ajman,Enterprise Software,30,263.01,128.48,7890.21,4035.85,51.2
8328,May,Ajman,Analytics Suite,23,1885.17,884.78,43358.96,23009.01,53.1
8329,Feb,Ajman,Security Package,20,645.02,331.31,12900.41,6274.12,48.6
8330,Apr,Ajman,CRM Platform,36,1358.33,626.76,48899.86,26336.45,53.9
8331,Jul,Sharjah,Analytics Suite,32,964.3,461.53,30857.57,16088.65,52.1
8332,Mar,Ajman,Security Package,37,878.84,513.43,32517.07,13520.1,41.6
8333,Dec,Abu Dhabi,Cloud Storage,31,593.19,380.13,18388.96,6604.9,35.9
8334,Jan,Abu Dhabi,CRM Platform,13,1417.5,791.92,18427.51,8132.52,44.1
8335,Nov,Dubai,Security Package,3,787.64,394.9,2362.91,1178.21,49.9
8336,May,Sharjah,Enterprise Software,5,1433.41,683.81,7167.05,3748.03,52.3
8337,Jul,Dubai,CRM Platform,34,1373.38,628.55,46694.89,25324.08,54.2
8338,Aug,Riyadh,Security Package,25,1659.19,890.7,41479.68,19212.25,46.3
8339,Jun,Ajman,Enterprise Software,47,1329.08,725.35,62466.81,28375.34,45.4
8340,Mar,Ajman,Enterprise Software,44,682.45,420.68,30027.67,11517.88,38.4
8341,Aug,Ajman,Cloud Storage,17,1512.0,686.08,25703.92,14040.63,54.6
8342,Jan,Abu Dhabi,Security Package,5,592.14,247.99,2960.69,1720.72,58.1
8343,May,Sharjah,Cloud Storage,5,539.2,331.54,2695.98,1038.3,38.5
8344,Jul,Ajman,Enterprise Software,48,1210.77,609.64,58116.86,28854.23,49.6
8345,Dec,Dubai,Enterprise Software,19,1030.28,650.42,19575.31,7217.41,36.9
8346,Aug,Abu Dhabi,Enterprise Software,14,659.61,352.67,9234.53,4297.11,46.5
8347,May,Abu Dhabi,Analytics Suite,8,705.03,451.95,5640.22,2024.6,35.9
8348,May,Sharjah,CRM Platform,29,1824.88,1181.53,52921.63,18657.25,35.3
8349,Jul,Dubai,Enterprise Software,33,1160.83,636.26,38307.24,17310.53,45.2
8350,Apr,Ajman,CRM Platform,31,1346.76,545.04,41749.51,24853.13,59.5
8351,Oct,Riyadh,Security Package,18,602.47,270.26,10844.41,5979.76,55.1
8352,Sep,Dubai,Analytics Suite,43,858.64,452.31,36921.31,17472.06,47.3
8353,Jun,Dubai,CRM Platform,28,217.59,115.84,6092.59,2849.02,46.8
8354,Feb,Dubai,Analytics Suite,33,1430.82,585.83,47216.97,27884.61,59.1
8355,May,Abu Dhabi,Analytics Suite,26,1651.57,736.84,42940.88,23782.99,55.4
8356,Jul,Riyadh,Cloud Storage,5,1041.12,484.72,5205.6,2782.0,53.4
8357,Sep,Ajman,Enterprise Software,30,591.55,356.17,17746.62,7061.56,39.8
8358,May,Abu Dhabi,Enterprise Software,37,551.26,233.42,20396.77,11760.33,57.7
8359,Aug,Dubai,Cloud Storage,9,1573.61,861.34,14162.45,6410.38,45.3
8360,Dec,Abu Dhabi,Security Package,1,749.95,301.25,749.95,448.7,59.8
8361,Nov,Abu Dhabi,Enterprise Software,34,1616.81,739.63,54971.41,29823.96,54.3
8362,Nov,Riyadh,Enterprise Software,6,923.31,482.45,5539.88,2645.18,47.7
8363,Mar,Sharjah,Security Package,47,1059.1,572.14,49777.66,22886.96,46.0
8364,Feb,Ajman,Security Package,14,1780.02,1124.01,24920.3,9184.12,36.9
8365,Dec,Ajman,Cloud Storage,11,1344.17,809.8,14785.84,5878.0,39.8
8366,Sep,Riyadh,Enterprise Software,5,854.8,533.84,4274.01,1604.81,37.5
8367,Jun,Riyadh,Cloud Storage,45,1106.94,511.7,49812.1,26785.58,53.8
8368,Apr,Abu Dhabi,Enterprise Software,26,1076.03,540.19,27976.73,13931.79,49.8
8369,Sep,Abu Dhabi,Cloud Storage,20,330.81,192.36,6616.13,2768.89,41.9
8370,Jul,Riyadh,CRM Platform,1,478.17,250.22,478.17,227.95,47.7
8371,Aug,Riyadh,Enterprise Software,11,944.55,540.97,10390.02,4439.34,42.7
8372,Sep,Sharjah,Security Package,5,206.84,118.67,1034.21,440.87,42.6
8373,Feb,Abu Dhabi,Security Package,27,1065.39,446.01,28765.52,16723.29,58.1
8374,Nov,Riyadh,Security Package,16,999.61,558.21,15993.81,7062.45,44.2
8375,Jun,Riyadh,Security Package,41,1221.18,775.99,50068.55,18252.89,36.5
8376,Mar,Dubai,Security Package,12,1616.86,907.97,19402.38,8506.74,43.8
8377,May,Riyadh,Enterprise Software,28,1229.91,568.81,34437.51,18510.79,53.8
8378,Jul,Sharjah,Cloud Storage,38,1129.85,493.93,42934.26,24165.07,56.3
8379,Aug,Abu Dhabi,Enterprise Software,11,1338.21,807.68,14720.32,5835.8,39.6
8380,Nov,Ajman,Enterprise Software,6,813.19,487.87,4879.13,1951.93,40.0
8381,Jan,Abu Dhabi,Cloud Storage,45,899.85,484.24,40493.03,18702.31,46.2
8382,May,Dubai,Security Package,25,1084.18,703.36,27104.59,9520.67,35.1
8383,Mar,Sharjah,Enterprise Software,36,1797.28,719.3,64701.97,38807.02,60.0
8384,Feb,Sharjah,CRM Platform,11,266.87,144.23,2935.54,1349.0,46.0
8385,May,Ajman,Cloud Storage,36,1003.58,527.83,36128.99,17127.03,47.4
8386,Apr,Ajman,Cloud Storage,29,1180.17,759.78,34224.9,12191.25,35.6
8387,Aug,Ajman,Enterprise Software,15,1645.37,711.6,24680.58,14006.63,56.8
8388,Jul,Ajman,CRM Platform,2,1466.3,943.64,2932.59,1045.3,35.6
8389,Nov,Abu Dhabi,Security Package,44,797.28,332.12,35080.53,20467.14,58.3
8390,Sep,Abu Dhabi,CRM Platform,37,1747.66,720.58,64663.5,38002.14,58.8
8391,May,Sharjah,CRM Platform,5,1456.47,798.75,7282.34,3288.59,45.2
8392,Jul,Sharjah,Cloud Storage,26,1876.68,865.0,48793.7,26303.67,53.9
8393,Dec,Abu Dhabi,CRM Platform,24,949.67,400.2,22792.19,13187.43,57.9
8394,Jun,Riyadh,Analytics Suite,15,816.78,419.19,12251.65,5963.84,48.7
8395,Jun,Ajman,Security Package,37,448.57,247.77,16597.2,7429.8,44.8
8396,Apr,Sharjah,Security Package,27,332.68,213.99,8982.33,3204.54,35.7
8397,Aug,Riyadh,Cloud Storage,19,761.7,471.52,14472.27,5513.3,38.1
8398,Oct,Abu Dhabi,Cloud Storage,25,267.56,115.75,6688.92,3795.08,56.7
8399,Jan,Sharjah,Analytics Suite,12,832.53,509.35,9990.4,3878.18,38.8
8400,Mar,Ajman,Enterprise Software,8,1974.97,1190.91,15799.76,6272.46,39.7
8401,Jun,Abu Dhabi,Security Package,38,1199.7,753.71,45588.76,16947.79,37.2
8402,Dec,Ajman,Enterprise Software,1,1932.56,984.72,1932.56,947.84,49.0
8403,Mar,Ajman,Cloud Storage,38,725.15,330.45,27555.88,14998.71,54.4
8404,May,Riyadh,Enterprise Software,14,1083.52,457.8,15169.34,8760.19,57.7
8405,Oct,Abu Dhabi,CRM Platform,36,1888.07,997.14,67970.38,32073.4,47.2
8406,Jun,Ajman,Analytics Suite,8,227.32,114.41,1818.59,903.29,49.7
8407,Oct,Dubai,Security Package,30,1852.3,742.34,55568.85,33298.51,59.9
8408,Apr,Ajman,Security Package,40,1623.27,924.62,64930.6,27945.85,43.0
8409,Oct,Abu Dhabi,Cloud Storage,20,258.1,146.88,5162.03,2224.52,43.1
8410,May,Sharjah,Security Package,12,846.14,347.51,10153.66,5983.54,58.9
8411,Aug,Ajman,Analytics Suite,24,856.8,444.42,20563.15,9897.16,48.1
8412,Apr,Riyadh,CRM Platform,41,467.23,195.21,19156.45,11152.69,58.2
8413,Nov,Dubai,CRM Platform,48,1558.06,928.69,74786.76,30209.81,40.4
8414,Jun,Ajman,Enterprise Software,21,1061.92,563.71,22300.34,10462.37,46.9
8415,Jan,Sharjah,Enterprise Software,37,928.51,552.19,34354.79,13923.9,40.5
8416,Feb,Ajman,CRM Platform,27,1781.49,1070.71,48100.14,19190.94,39.9
8417,Apr,Dubai,Analytics Suite,6,992.91,497.91,5957.46,2969.98,49.9
8418,May,Abu Dhabi,Analytics Suite,45,874.15,480.96,39336.55,17693.32,45.0
8419,Sep,Riyadh,Enterprise Software,6,728.03,333.1,4368.2,2369.59,54.2
8420,Aug,Ajman,Security Package,22,1024.71,626.85,22543.56,8752.78,38.8
8421,Jul,Sharjah,Analytics Suite,2,892.11,399.34,1784.22,985.54,55.2
8422,Jan,Abu Dhabi,CRM Platform,24,549.84,339.67,13196.18,5044.0,38.2
8423,Nov,Riyadh,Cloud Storage,20,1294.4,708.3,25888.02,11721.96,45.3
8424,Jul,Ajman,Security Package,25,1506.68,808.61,37667.06,17451.76,46.3
8425,Aug,Dubai,Security Package,49,776.4,418.47,38043.59,17538.34,46.1
8426,May,Sharjah,Enterprise Software,41,235.37,118.81,9650.25,4779.2,49.5
8427,Sep,Abu Dhabi,Analytics Suite,29,668.18,284.86,19377.27,11116.27,57.4
8428,Oct,Ajman,Enterprise Software,16,1759.84,973.4,28157.47,12583.11,44.7
8429,Nov,Abu Dhabi,Cloud Storage,48,1808.92,817.76,86828.3,47575.66,54.8
8430,Nov,Dubai,Security Package,45,724.2,328.68,32588.8,17797.98,54.6
8431,Feb,Dubai,Cloud Storage,13,694.42,425.31,9027.46,3498.45,38.8
8432,Aug,Sharjah,Analytics Suite,39,1299.49,529.72,50680.3,30021.04,59.2
8433,Mar,Dubai,CRM Platform,22,921.94,548.93,20282.58,8206.12,40.5
8434,Mar,Riyadh,CRM Platform,16,303.32,169.91,4853.15,2134.62,44.0
8435,Aug,Ajman,Analytics Suite,34,1955.37,998.25,66482.63,32542.24,48.9
8436,Feb,Dubai,Analytics Suite,4,712.67,327.14,2850.69,1542.12,54.1
8437,Aug,Ajman,CRM Platform,25,1994.19,1099.9,49854.64,22357.24,44.8
8438,Dec,Riyadh,Cloud Storage,9,1495.12,647.61,13456.11,7627.6,56.7
8439,Aug,Riyadh,CRM Platform,14,1042.25,570.46,14591.45,6604.99,45.3
8440,Jun,Ajman,Analytics Suite,50,1012.79,653.71,50639.64,17954.21,35.5
8441,Oct,Abu Dhabi,Enterprise Software,20,802.07,455.18,16041.38,6937.83,43.2
8442,Dec,Abu Dhabi,Security Package,40,1790.12,840.39,71604.9,37989.43,53.1
8443,Sep,Sharjah,Cloud Storage,48,1150.98,568.89,55247.02,27940.24,50.6
8444,Jul,Riyadh,CRM Platform,37,701.89,302.0,25970.09,14795.93,57.0
8445,Aug,Ajman,CRM Platform,18,1579.76,837.63,28435.65,13358.31,47.0
8446,Oct,Riyadh,Security Package,26,1284.54,516.44,33398.11,19970.77,59.8
8447,Jul,Ajman,Security Package,15,1216.72,510.63,18250.82,10591.31,58.0
8448,Sep,Sharjah,Enterprise Software,45,630.83,344.45,28387.33,12887.24,45.4
8449,Oct,Riyadh,Analytics Suite,4,1436.6,858.35,5746.39,2312.99,40.3
8450,May,Sharjah,CRM Platform,12,1024.47,525.74,12293.7,5984.78,48.7
8451,May,Sharjah,Analytics Suite,22,1507.42,784.02,33163.16,15914.81,48.0
8452,Jan,Ajman,Enterprise Software,39,801.28,412.67,31250.02,15155.74,48.5
8453,Aug,Abu Dhabi,Security Package,18,1828.7,940.12,32916.52,15994.35,48.6
8454,Apr,Dubai,Security Package,40,423.03,195.92,16921.27,9084.39,53.7
8455,Aug,Dubai,Cloud Storage,35,503.01,271.48,17605.42,8103.55,46.0
8456,Jun,Dubai,Cloud Storage,27,1141.75,627.49,30827.25,13885.13,45.0
8457,Sep,Dubai,Enterprise Software,42,1364.11,728.07,57292.71,26713.57,46.6
8458,Jan,Ajman,CRM Platform,47,1045.45,425.86,49135.94,29120.38,59.3
8459,Nov,Abu Dhabi,Security Package,44,1323.35,806.6,58227.51,22737.28,39.0
8460,Jun,Riyadh,Cloud Storage,26,1943.14,996.76,50521.56,24605.89,48.7
8461,Dec,Riyadh,CRM Platform,50,748.07,425.74,37403.3,16116.11,43.1
8462,Feb,Ajman,Cloud Storage,49,1968.36,1170.05,96449.76,39117.45,40.6
8463,Jul,Dubai,Security Package,12,931.4,542.8,11176.76,4663.17,41.7
8464,Feb,Riyadh,CRM Platform,26,1823.67,1092.16,47415.31,19019.1,40.1
8465,Apr,Riyadh,CRM Platform,35,414.88,167.03,14520.94,8674.99,59.7
8466,Dec,Abu Dhabi,Cloud Storage,27,433.69,247.73,11709.53,5020.93,42.9
8467,Jul,Riyadh,Security Package,20,249.01,115.34,4980.13,2673.25,53.7
8468,May,Ajman,Analytics Suite,37,1075.72,438.44,39801.63,23579.33,59.2
8469,Jul,Sharjah,Cloud Storage,20,684.24,437.14,13684.87,4942.09,36.1
8470,Oct,Abu Dhabi,Analytics Suite,42,805.67,343.05,33838.24,19430.04,57.4
8471,Jul,Dubai,CRM Platform,11,287.11,153.67,3158.25,1467.9,46.5
8472,Dec,Dubai,Enterprise Software,12,1755.27,972.3,21063.2,9395.54,44.6
8473,Mar,Sharjah,Security Package,35,216.47,87.86,7576.56,4501.3,59.4
8474,Jan,Riyadh,Cloud Storage,23,642.97,319.13,14788.34,7448.44,50.4
8475,Nov,Dubai,Analytics Suite,23,918.9,465.49,21134.62,10428.26,49.3
8476,Jan,Ajman,Security Package,3,1869.3,1028.63,5607.89,2521.99,45.0
8477,Feb,Abu Dhabi,Cloud Storage,21,439.46,208.79,9228.64,4843.96,52.5
8478,Jun,Sharjah,Enterprise Software,41,1021.11,539.66,41865.5,19739.28,47.1
8479,Aug,Sharjah,Cloud Storage,28,1131.09,728.44,31670.39,11274.18,35.6
8480,Aug,Dubai,Cloud Storage,29,1665.51,969.42,48299.8,20186.54,41.8
8481,Apr,Riyadh,Cloud Storage,15,630.24,303.89,9453.62,4895.26,51.8
8482,Mar,Riyadh,Analytics Suite,2,368.62,172.12,737.24,393.0,53.3
8483,Jul,Sharjah,CRM Platform,25,351.15,216.73,8778.84,3360.52,38.3
8484,Dec,Abu Dhabi,Security Package,50,855.2,498.44,42759.93,17837.76,41.7
8485,Jan,Sharjah,Enterprise Software,14,340.06,162.12,4760.89,2491.23,52.3
8486,Nov,Ajman,Cloud Storage,12,1349.19,664.01,16190.32,8222.24,50.8
8487,May,Abu Dhabi,Cloud Storage,41,1998.5,983.99,81938.31,41594.86,50.8
8488,Jul,Sharjah,Analytics Suite,48,314.39,190.06,15090.52,5967.52,39.5
8489,Sep,Dubai,Cloud Storage,18,1527.37,768.02,27492.65,13668.24,49.7
8490,May,Abu Dhabi,CRM Platform,20,1414.76,592.83,28295.18,16438.61,58.1
8491,Oct,Riyadh,Security Package,12,1469.65,775.29,17635.79,8332.32,47.2
8492,May,Riyadh,Enterprise Software,44,578.28,279.59,25444.41,13142.38,51.7
8493,Nov,Abu Dhabi,Analytics Suite,17,1685.99,818.91,28661.87,14740.43,51.4
8494,Sep,Ajman,Cloud Storage,43,1754.3,1055.26,75434.81,30058.82,39.8
8495,Dec,Dubai,CRM Platform,33,352.38,207.78,11628.66,4771.79,41.0
8496,Dec,Riyadh,Analytics Suite,30,1631.16,997.79,48934.81,19001.23,38.8
8497,Jan,Abu Dhabi,Analytics Suite,30,1410.79,782.44,42323.65,18850.56,44.5
8498,Jan,Riyadh,Analytics Suite,24,1457.84,778.37,34988.28,16307.37,46.6
8499,Jan,Abu Dhabi,Analytics Suite,49,822.38,520.93,40296.69,14771.05,36.7
8500,Dec,Sharjah,CRM Platform,23,340.54,141.28,7832.51,4583.08,58.5
8501,Nov,Riyadh,Enterprise Software,41,1360.43,581.12,55777.51,31951.46,57.3
8502,Oct,Riyadh,Analytics Suite,30,593.34,302.55,17800.34,8723.82,49.0
8503,Jan,Sharjah,Cloud Storage,15,413.9,220.93,6208.5,2894.49,46.6
8504,Apr,Ajman,Analytics Suite,49,1272.68,588.7,62361.33,33515.15,53.7
8505,Jan,Abu Dhabi,Security Package,45,776.75,441.34,34953.78,15093.38,43.2
8506,Mar,Dubai,Security Package,50,1839.83,1082.82,91991.3,37850.06,41.1
8507,Jun,Dubai,Security Package,4,1920.51,1037.17,7682.03,3533.35,46.0
8508,Jun,Abu Dhabi,Enterprise Software,44,540.11,219.69,23764.78,14098.63,59.3
8509,May,Dubai,Cloud Storage,41,1516.04,846.12,62157.8,27466.75,44.2
8510,Mar,Abu Dhabi,Security Package,25,455.94,284.23,11398.47,4292.64,37.7
8511,Dec,Sharjah,Analytics Suite,23,1890.83,1098.96,43489.08,18212.94,41.9
8512,Sep,Ajman,Cloud Storage,20,1292.6,637.08,25851.99,13110.4,50.7
8513,Sep,Sharjah,CRM Platform,45,595.35,384.63,26790.86,9482.58,35.4
8514,Apr,Abu Dhabi,Security Package,39,1244.81,587.95,48547.68,25617.58,52.8
8515,Oct,Dubai,Enterprise Software,44,831.99,534.78,36607.4,13077.15,35.7
8516,Jun,Riyadh,Security Package,49,1000.86,510.41,49041.94,24031.89,49.0
8517,Jan,Abu Dhabi,Security Package,44,1723.67,836.02,75841.36,39056.3,51.5
8518,Apr,Abu Dhabi,Security Package,39,1002.26,450.66,39087.99,21512.3,55.0
8519,Oct,Dubai,Security Package,36,977.9,479.5,35204.28,17942.16,51.0
8520,May,Riyadh,Security Package,26,1560.57,871.98,40574.82,17903.26,44.1
8521,May,Dubai,CRM Platform,22,1764.39,775.17,38816.62,21762.88,56.1
8522,Nov,Sharjah,CRM Platform,30,206.38,93.35,6191.39,3391.03,54.8
8523,Feb,Abu Dhabi,CRM Platform,35,1653.02,870.97,57855.7,27371.9,47.3
8524,Aug,Sharjah,Security Package,22,296.22,161.42,6516.8,2965.53,45.5
8525,Jan,Dubai,Cloud Storage,32,814.52,525.67,26064.72,9243.13,35.5
8526,May,Abu Dhabi,Enterprise Software,26,1627.67,889.29,42319.41,19197.98,45.4
8527,May,Dubai,CRM Platform,14,1245.83,695.42,17441.55,7705.73,44.2
8528,May,Sharjah,Security Package,31,1992.1,891.54,61755.11,34117.48,55.2
8529,Mar,Abu Dhabi,Enterprise Software,20,1332.42,618.04,26648.34,14287.51,53.6
8530,Nov,Sharjah,Enterprise Software,31,623.95,265.37,19342.41,11115.88,57.5
8531,Sep,Ajman,Enterprise Software,42,1323.46,751.94,55585.19,24003.66,43.2
8532,Mar,Dubai,Enterprise Software,4,1563.12,921.19,6252.49,2567.72,41.1
8533,Oct,Ajman,Cloud Storage,44,1946.72,813.73,85655.47,49851.18,58.2
8534,Nov,Ajman,Security Package,17,1870.06,1165.61,31791.03,11975.63,37.7
8535,Jul,Dubai,CRM Platform,43,956.53,498.21,41130.9,19707.71,47.9
8536,Dec,Dubai,CRM Platform,37,595.78,265.56,22043.68,12217.98,55.4
8537,Jun,Sharjah,CRM Platform,9,1979.57,1141.84,17816.09,7539.55,42.3
8538,Feb,Riyadh,Cloud Storage,44,1821.96,1075.81,80166.29,32830.56,41.0
8539,Nov,Abu Dhabi,Enterprise Software,1,335.42,166.56,335.42,168.86,50.3
8540,Mar,Riyadh,Cloud Storage,6,794.95,514.57,4769.72,1682.32,35.3
8541,Aug,Dubai,Enterprise Software,19,325.04,190.01,6175.72,2565.48,41.5
8542,Apr,Ajman,Analytics Suite,3,1189.71,483.08,3569.14,2119.89,59.4
8543,Sep,Sharjah,Cloud Storage,43,623.25,311.29,26799.93,13414.56,50.1
8544,Mar,Abu Dhabi,Cloud Storage,20,887.57,519.12,17751.45,7369.14,41.5
8545,Feb,Sharjah,CRM Platform,3,885.4,529.19,2656.21,1068.64,40.2
8546,Aug,Dubai,CRM Platform,42,626.42,392.74,26309.44,9814.16,37.3
8547,Oct,Riyadh,Security Package,11,330.32,142.22,3633.51,2069.06,56.9
8548,Jan,Dubai,Enterprise Software,30,489.69,270.32,14690.82,6581.21,44.8
8549,Aug,Riyadh,Analytics Suite,40,1657.91,1007.89,66316.5,26000.94,39.2
8550,Nov,Dubai,Enterprise Software,7,1020.98,595.96,7146.86,2975.15,41.6
8551,Aug,Ajman,Analytics Suite,41,1765.81,895.51,72398.28,35682.18,49.3
8552,Nov,Sharjah,Security Package,24,1018.18,500.09,24436.25,12434.02,50.9
8553,Apr,Riyadh,Enterprise Software,47,604.85,336.97,28428.13,12590.59,44.3
8554,Dec,Sharjah,Security Package,18,1582.78,1001.77,28490.05,10458.23,36.7
8555,Oct,Dubai,Enterprise Software,49,1312.38,728.0,64306.69,28634.67,44.5
8556,Sep,Abu Dhabi,CRM Platform,19,1171.88,718.69,22265.74,8610.69,38.7
8557,Apr,Sharjah,Cloud Storage,50,277.37,111.26,13868.5,8305.64,59.9
8558,Apr,Sharjah,Cloud Storage,17,1778.56,722.45,30235.5,17953.8,59.4
8559,Mar,Riyadh,Security Package,2,1617.55,990.21,3235.1,1254.69,38.8
8560,Mar,Dubai,Enterprise Software,26,1915.33,990.52,49798.58,24045.1,48.3
8561,Aug,Sharjah,Analytics Suite,23,564.18,325.66,12976.07,5485.95,42.3
8562,May,Riyadh,CRM Platform,46,360.85,182.62,16599.03,8198.31,49.4
8563,Jun,Riyadh,Cloud Storage,6,387.37,237.63,2324.25,898.45,38.7
8564,Jan,Abu Dhabi,Cloud Storage,13,1716.84,836.51,22318.88,11444.24,51.3
8565,Aug,Abu Dhabi,Enterprise Software,12,1967.32,1257.44,23607.88,8518.57,36.1
8566,Sep,Abu Dhabi,Enterprise Software,50,1832.39,1091.54,91619.41,37042.43,40.4
8567,Nov,Sharjah,Security Package,41,223.42,139.03,9160.26,3460.23,37.8
8568,Dec,Riyadh,CRM Platform,6,393.17,233.12,2358.99,960.24,40.7
8569,May,Riyadh,Enterprise Software,20,1463.76,670.28,29275.16,15869.58,54.2
8570,Nov,Ajman,Analytics Suite,50,1035.97,539.66,51798.29,24815.16,47.9
8571,Mar,Dubai,Enterprise Software,29,392.63,196.77,11386.32,5679.87,49.9
8572,Oct,Dubai,Enterprise Software,34,1819.97,1166.85,61879.0,22205.99,35.9
8573,Jul,Ajman,CRM Platform,15,1843.15,796.56,27647.2,15698.8,56.8
8574,Jul,Sharjah,Cloud Storage,31,563.56,317.49,17470.29,7628.17,43.7
8575,Jan,Dubai,Enterprise Software,29,1576.69,999.62,45724.11,16735.08,36.6
8576,Sep,Riyadh,CRM Platform,42,979.66,494.53,41145.69,20375.5,49.5
8577,May,Sharjah,Enterprise Software,31,1795.47,875.25,55659.57,28526.67,51.3
8578,Jul,Riyadh,Analytics Suite,36,1224.69,548.49,44088.81,24343.3,55.2
8579,Mar,Ajman,Analytics Suite,22,510.31,262.73,11226.82,5446.79,48.5
8580,Oct,Ajman,Security Package,37,1352.14,706.94,50029.28,23872.56,47.7
8581,Nov,Ajman,Cloud Storage,37,873.07,433.92,32303.55,16248.45,50.3
8582,Apr,Ajman,Enterprise Software,47,489.95,277.81,23027.85,9970.65,43.3
8583,Dec,Abu Dhabi,CRM Platform,2,379.73,216.1,759.46,327.26,43.1
8584,Jun,Dubai,Security Package,46,1363.67,566.53,62728.67,36668.44,58.5
8585,Jun,Ajman,Enterprise Software,42,1992.07,845.43,83666.82,48158.71,57.6
8586,Dec,Riyadh,CRM Platform,43,1336.11,608.76,57452.57,31275.74,54.4
8587,Nov,Abu Dhabi,Enterprise Software,20,1077.8,563.5,21555.91,10285.89,47.7
8588,Jul,Sharjah,Security Package,5,1463.63,717.69,7318.16,3729.71,51.0
8589,Nov,Riyadh,Analytics Suite,44,1332.1,609.41,58612.27,31798.07,54.3
8590,Feb,Riyadh,Analytics Suite,26,426.27,251.15,11082.99,4553.0,41.1
8591,Jul,Riyadh,Enterprise Software,12,1185.58,700.66,14226.9,5819.01,40.9
8592,Dec,Dubai,Analytics Suite,45,1512.53,755.36,68064.06,34072.78,50.1
8593,Oct,Abu Dhabi,Enterprise Software,35,304.37,193.4,10653.06,3883.98,36.5
8594,May,Riyadh,Cloud Storage,13,693.4,375.72,9014.21,4129.8,45.8
8595,Jun,Ajman,Cloud Storage,28,1149.41,658.72,32183.42,13739.23,42.7
8596,Aug,Riyadh,CRM Platform,40,1332.19,785.07,53287.7,21885.08,41.1
8597,Aug,Abu Dhabi,Analytics Suite,10,730.63,420.35,7306.28,3102.83,42.5
8598,Aug,Dubai,CRM Platform,25,459.64,275.87,11491.05,4594.3,40.0
8599,Apr,Ajman,Analytics Suite,2,1311.02,618.16,2622.04,1385.72,52.8
8600,Oct,Sharjah,Cloud Storage,41,561.87,279.65,23036.65,11571.08,50.2
8601,Sep,Abu Dhabi,Analytics Suite,31,243.53,141.2,7549.3,3172.15,42.0
8602,Jun,Abu Dhabi,Security Package,7,957.12,423.24,6699.87,3737.2,55.8
8603,Sep,Riyadh,Enterprise Software,20,827.21,439.71,16544.18,7750.06,46.8
8604,Mar,Abu Dhabi,CRM Platform,29,1058.2,477.71,30687.74,16834.28,54.9
8605,Jun,Dubai,Cloud Storage,34,373.12,211.78,12686.04,5485.43,43.2
8606,Jul,Riyadh,CRM Platform,26,601.29,241.57,15633.64,9352.75,59.8
8607,Aug,Dubai,Security Package,48,654.16,412.12,31399.56,11617.62,37.0
8608,Jun,Ajman,CRM Platform,46,527.79,312.6,24278.29,9898.52,40.8
8609,Oct,Sharjah,CRM Platform,26,1128.88,544.99,29350.86,15181.2,51.7
8610,Oct,Dubai,CRM Platform,12,319.76,157.54,3837.07,1946.63,50.7
8611,Apr,Ajman,Enterprise Software,24,1437.81,626.74,34507.52,19465.84,56.4
8612,Jun,Riyadh,Analytics Suite,17,1356.31,552.42,23057.35,13666.29,59.3
8613,Nov,Sharjah,Enterprise Software,2,838.0,520.53,1676.01,634.95,37.9
8614,Dec,Sharjah,Analytics Suite,34,1919.0,1000.13,65245.83,31241.4,47.9
8615,Sep,Ajman,Analytics Suite,30,1131.78,485.26,33953.48,19395.66,57.1
8616,Feb,Riyadh,Cloud Storage,12,1021.05,420.28,12252.56,7209.22,58.8
8617,Apr,Riyadh,Cloud Storage,23,1291.97,691.41,29715.21,13812.68,46.5
8618,Jun,Abu Dhabi,Analytics Suite,9,716.49,457.38,6448.39,2331.94,36.2
8619,Feb,Riyadh,Security Package,25,1770.77,1001.97,44269.32,19219.97,43.4
8620,May,Sharjah,Cloud Storage,7,1076.97,619.3,7538.76,3203.66,42.5
8621,Jul,Sharjah,Analytics Suite,7,1653.34,702.13,11573.38,6658.44,57.5
8622,Jan,Riyadh,Enterprise Software,42,379.67,215.8,15946.17,6882.43,43.2
8623,Oct,Ajman,Cloud Storage,42,1388.82,863.42,58330.49,22066.73,37.8
8624,Sep,Abu Dhabi,Security Package,42,623.54,374.9,26188.52,10442.64,39.9
8625,May,Riyadh,Analytics Suite,36,1969.84,1137.6,70914.38,29960.78,42.2
8626,Aug,Dubai,Cloud Storage,31,332.27,206.56,10300.52,3897.09,37.8
8627,Jun,Ajman,Enterprise Software,25,1364.91,885.69,34122.86,11980.56,35.1
8628,Jan,Abu Dhabi,Security Package,38,373.0,191.25,14174.02,6906.67,48.7
8629,Oct,Sharjah,CRM Platform,17,225.22,119.71,3828.68,1793.58,46.8
8630,Sep,Abu Dhabi,Enterprise Software,39,1520.52,671.53,59300.44,33110.78,55.8
8631,May,Dubai,CRM Platform,7,1289.04,761.77,9023.28,3690.87,40.9
8632,Dec,Sharjah,Security Package,19,259.29,148.74,4926.43,2100.46,42.6
8633,Jul,Abu Dhabi,CRM Platform,17,779.51,471.88,13251.74,5229.71,39.5
8634,Aug,Sharjah,Security Package,9,1144.42,723.5,10299.8,3788.27,36.8
8635,Jul,Abu Dhabi,Security Package,21,955.61,618.92,20067.74,7070.41,35.2
8636,Sep,Dubai,Enterprise Software,1,857.1,459.35,857.1,397.75,46.4
8637,Sep,Dubai,Security Package,33,224.32,128.93,7402.4,3147.86,42.5
8638,Jun,Dubai,Enterprise Software,13,1020.92,447.61,13271.91,7452.92,56.2
8639,Dec,Ajman,Security Package,31,1333.33,795.32,41333.29,16678.22,40.4
8640,Apr,Abu Dhabi,Enterprise Software,1,1017.75,422.72,1017.75,595.02,58.5
8641,Jul,Riyadh,Enterprise Software,37,1528.29,970.29,56546.79,20646.11,36.5
8642,Aug,Abu Dhabi,Security Package,25,1900.57,946.29,47514.25,23857.05,50.2
8643,May,Dubai,Analytics Suite,5,827.11,533.05,4135.57,1470.32,35.6
8644,Sep,Dubai,Security Package,4,1001.61,610.58,4006.45,1564.13,39.0
8645,Dec,Abu Dhabi,CRM Platform,9,1315.37,580.95,11838.34,6609.75,55.8
8646,Mar,Riyadh,Analytics Suite,43,1205.49,547.49,51836.11,28293.96,54.6
8647,May,Riyadh,Cloud Storage,38,501.49,311.18,19056.58,7231.85,37.9
8648,Oct,Abu Dhabi,Security Package,50,1812.18,1096.38,90608.79,35789.68,39.5
8649,Oct,Ajman,Analytics Suite,21,832.07,351.22,17473.37,10097.66,57.8
8650,Dec,Riyadh,Cloud Storage,15,1892.26,926.95,28383.94,14479.67,51.0
8651,Jun,Riyadh,Security Package,30,1721.42,752.48,51642.57,29068.2,56.3
8652,May,Riyadh,Cloud Storage,26,1378.63,774.67,35844.39,15703.07,43.8
8653,Jul,Riyadh,Enterprise Software,6,1392.7,566.39,8356.21,4957.86,59.3
8654,Aug,Sharjah,Security Package,24,574.32,329.98,13783.71,5864.28,42.5
8655,Jul,Abu Dhabi,Security Package,6,689.37,376.6,4136.24,1876.63,45.4
8656,May,Dubai,Security Package,5,971.47,526.13,4857.36,2226.73,45.8
8657,Mar,Abu Dhabi,Enterprise Software,30,1272.44,800.5,38173.12,14158.03,37.1
8658,May,Riyadh,Enterprise Software,22,1731.46,1091.74,38092.06,14073.7,36.9
8659,Sep,Dubai,Enterprise Software,40,1925.12,997.79,77004.82,37093.11,48.2
8660,May,Abu Dhabi,Security Package,22,1609.76,764.98,35414.8,18585.23,52.5
8661,Oct,Ajman,Analytics Suite,17,277.27,113.96,4713.56,2776.15,58.9
8662,Mar,Abu Dhabi,CRM Platform,36,1840.37,973.9,66253.27,31192.7,47.1
8663,Dec,Ajman,Analytics Suite,35,1712.52,1104.6,59938.34,21277.35,35.5
8664,Jan,Ajman,Cloud Storage,4,1203.41,680.53,4813.62,2091.52,43.4
8665,Jan,Sharjah,CRM Platform,6,1225.72,642.81,7354.33,3497.46,47.6
8666,Aug,Abu Dhabi,Analytics Suite,21,1434.1,809.41,30116.16,13118.63,43.6
8667,Jun,Riyadh,Cloud Storage,23,1990.02,1246.07,45770.57,17110.86,37.4
8668,Sep,Sharjah,CRM Platform,2,1463.96,785.87,2927.93,1356.19,46.3
8669,Dec,Ajman,Security Package,1,202.59,98.23,202.59,104.36,51.5
8670,Mar,Riyadh,Enterprise Software,50,579.92,356.24,28995.75,11183.74,38.6
8671,May,Sharjah,Cloud Storage,40,1361.94,777.52,54477.56,23376.77,42.9
8672,Jan,Ajman,Enterprise Software,9,1951.57,948.93,17564.11,9023.77,51.4
8673,Jul,Riyadh,Enterprise Software,42,1007.25,437.9,42304.52,23912.84,56.5
8674,Jan,Sharjah,CRM Platform,40,1889.75,1138.02,75590.17,30069.41,39.8
8675,Mar,Ajman,CRM Platform,19,1158.78,603.84,22016.91,10543.91,47.9
8676,Apr,Ajman,CRM Platform,4,1899.07,1011.93,7596.26,3548.55,46.7
8677,Mar,Sharjah,CRM Platform,43,1165.88,474.98,50132.64,29708.41,59.3
8678,Nov,Riyadh,Enterprise Software,4,266.52,152.63,1066.07,455.53,42.7
8679,May,Ajman,Cloud Storage,42,1028.37,572.69,43191.4,19138.61,44.3
8680,Jan,Dubai,Security Package,17,1800.88,780.96,30614.93,17338.66,56.6
8681,Apr,Abu Dhabi,Cloud Storage,1,768.86,474.37,768.86,294.48,38.3
8682,Aug,Ajman,Analytics Suite,16,586.64,348.63,9386.2,3808.08,40.6
8683,Nov,Ajman,Security Package,49,537.02,282.1,26314.09,12490.97,47.5
8684,Jun,Ajman,CRM Platform,29,847.86,414.86,24587.81,12556.81,51.1
8685,Sep,Abu Dhabi,Analytics Suite,27,1203.41,764.38,32492.01,11853.67,36.5
8686,Jan,Riyadh,Analytics Suite,47,1921.68,1134.85,90319.01,36981.0,40.9
8687,Aug,Sharjah,Security Package,34,502.05,251.13,17069.59,8531.14,50.0
8688,Feb,Riyadh,CRM Platform,15,280.93,116.15,4213.98,2471.76,58.7
8689,May,Sharjah,Analytics Suite,26,1353.93,656.85,35202.28,18124.14,51.5
8690,May,Abu Dhabi,Cloud Storage,29,1319.07,642.76,38252.95,19613.04,51.3
8691,Nov,Riyadh,Analytics Suite,41,1956.4,922.52,80212.32,42389.08,52.8
8692,May,Ajman,Enterprise Software,8,1440.98,688.56,11527.85,6019.36,52.2
8693,Nov,Dubai,Analytics Suite,48,894.15,528.7,42919.03,17541.53,40.9
8694,Jul,Ajman,Enterprise Software,39,1837.12,1032.81,71647.81,31368.13,43.8
8695,Feb,Dubai,Security Package,38,909.02,391.02,34542.86,19684.03,57.0
8696,Jun,Riyadh,CRM Platform,42,1310.31,630.81,55033.14,28538.92,51.9
8697,Mar,Sharjah,Cloud Storage,37,1144.08,487.15,42331.1,24306.6,57.4
8698,Nov,Abu Dhabi,Cloud Storage,10,719.86,398.8,7198.6,3210.58,44.6
8699,Aug,Riyadh,CRM Platform,47,356.82,189.1,16770.48,7882.95,47.0
8700,Aug,Dubai,CRM Platform,45,1610.79,762.92,72485.71,38154.45,52.6
8701,Jan,Abu Dhabi,CRM Platform,17,1181.91,759.99,20092.42,7172.53,35.7
8702,Jun,Riyadh,Security Package,39,479.45,203.69,18698.58,10754.67,57.5
8703,Nov,Sharjah,Cloud Storage,27,1232.2,576.45,33269.27,17705.04,53.2
8704,Apr,Sharjah,Security Package,41,750.38,390.19,30765.57,14767.76,48.0
8705,Oct,Riyadh,Security Package,14,1487.59,750.46,20826.3,10319.89,49.6
8706,Dec,Ajman,Enterprise Software,34,1397.54,840.33,47516.51,18945.15,39.9
8707,Dec,Ajman,Analytics Suite,21,1142.31,472.85,23988.52,14058.69,58.6
8708,Feb,Sharjah,Cloud Storage,40,945.67,453.46,37826.69,19688.16,52.0
8709,Oct,Dubai,CRM Platform,48,265.31,158.4,12734.64,5131.66,40.3
8710,Nov,Sharjah,Cloud Storage,5,441.5,222.95,2207.48,1092.75,49.5
8711,Dec,Sharjah,Analytics Suite,32,738.55,321.26,23633.45,13353.24,56.5
8712,Jun,Riyadh,Analytics Suite,40,861.23,508.67,34449.36,14102.56,40.9
8713,Oct,Ajman,CRM Platform,21,873.79,539.78,18349.67,7014.31,38.2
8714,Jul,Dubai,Cloud Storage,34,362.84,148.29,12336.61,7294.81,59.1
8715,Aug,Riyadh,Cloud Storage,14,396.55,210.19,5551.73,2609.01,47.0
8716,Oct,Abu Dhabi,Analytics Suite,20,396.4,231.56,7928.07,3296.93,41.6
8717,Oct,Sharjah,Analytics Suite,46,510.37,226.66,23477.04,13050.65,55.6
8718,Jan,Sharjah,Security Package,48,526.02,256.11,25249.18,12955.8,51.3
8719,Feb,Ajman,Enterprise Software,50,889.78,395.76,44488.88,24700.9,55.5
8720,Apr,Ajman,Analytics Suite,22,384.83,229.29,8466.29,3421.85,40.4
8721,Sep,Riyadh,Cloud Storage,27,562.09,294.51,15176.46,7224.7,47.6
8722,Apr,Dubai,Cloud Storage,7,1036.41,578.82,7254.87,3203.12,44.2
8723,Sep,Dubai,Cloud Storage,48,333.68,213.75,16016.69,5756.84,35.9
8724,Jul,Dubai,CRM Platform,15,1694.75,793.9,25421.22,13512.68,53.2
8725,Nov,Abu Dhabi,Analytics Suite,27,203.71,114.56,5500.11,2406.91,43.8
8726,Apr,Ajman,Cloud Storage,47,859.95,403.69,40417.77,21444.33,53.1
8727,Oct,Ajman,Cloud Storage,36,1395.15,730.82,50225.24,23915.75,47.6
8728,Mar,Abu Dhabi,Analytics Suite,7,847.98,492.26,5935.83,2490.0,41.9
8729,Nov,Dubai,Analytics Suite,41,1921.83,878.16,78795.21,42790.47,54.3
8730,Aug,Sharjah,Enterprise Software,9,1369.32,776.59,12323.86,5334.54,43.3
8731,Jan,Riyadh,Analytics Suite,17,1514.4,906.48,25744.78,10334.7,40.1
8732,Jun,Sharjah,Security Package,11,899.23,502.11,9891.51,4368.34,44.2
8733,Jun,Abu Dhabi,Cloud Storage,19,1379.25,604.72,26205.72,14716.05,56.2
8734,Jan,Abu Dhabi,Analytics Suite,21,1869.68,1183.88,39263.3,14401.74,36.7
8735,Jul,Abu Dhabi,Enterprise Software,5,1930.16,1251.42,9650.79,3393.67,35.2
8736,Jan,Riyadh,Enterprise Software,18,858.03,457.08,15444.5,7217.11,46.7
8737,Aug,Riyadh,Cloud Storage,24,1722.16,759.96,41331.74,23092.76,55.9
8738,Sep,Sharjah,Enterprise Software,32,264.37,130.47,8459.82,4284.8,50.6
8739,Apr,Riyadh,Cloud Storage,22,858.77,420.31,18892.93,9646.21,51.1
8740,Jun,Abu Dhabi,Security Package,38,1198.67,637.04,45549.33,21341.96,46.9
8741,May,Abu Dhabi,Security Package,14,1302.54,774.33,18235.61,7394.95,40.6
8742,Jul,Sharjah,Security Package,38,1208.98,496.83,45941.36,27061.81,58.9
8743,Aug,Sharjah,Analytics Suite,46,1926.21,1168.06,88605.69,34874.87,39.4
8744,Jan,Abu Dhabi,Security Package,30,1322.75,771.95,39682.39,16523.86,41.6
8745,Nov,Abu Dhabi,CRM Platform,25,201.74,114.68,5043.61,2176.58,43.2
8746,May,Dubai,Analytics Suite,30,1792.06,882.71,53761.88,27280.52,50.7
8747,Jun,Dubai,CRM Platform,1,799.67,455.69,799.67,343.97,43.0
8748,Jun,Ajman,Analytics Suite,34,1271.46,703.1,43229.5,19324.17,44.7
8749,Jun,Dubai,CRM Platform,35,1879.96,1159.71,65798.67,25208.84,38.3
8750,Mar,Ajman,Cloud Storage,13,504.63,224.77,6560.22,3638.16,55.5
8751,Jan,Sharjah,Cloud Storage,4,918.73,526.02,3674.93,1570.85,42.7
8752,Jan,Riyadh,Enterprise Software,28,1734.64,897.39,48569.86,23443.07,48.3
8753,Jul,Dubai,Cloud Storage,49,635.92,348.44,31160.25,14086.5,45.2
8754,Dec,Dubai,Analytics Suite,10,1700.05,1094.79,17000.46,6052.54,35.6
8755,Jul,Abu Dhabi,Security Package,7,440.44,192.08,3083.06,1738.53,56.4
8756,Jul,Abu Dhabi,Security Package,44,1741.25,1119.56,76614.93,27354.36,35.7
8757,Jan,Dubai,Analytics Suite,46,1588.64,888.05,73077.24,32226.78,44.1
8758,Mar,Sharjah,Analytics Suite,10,670.25,367.73,6702.46,3025.12,45.1
8759,Apr,Abu Dhabi,Analytics Suite,2,467.59,267.86,935.19,399.48,42.7
8760,Jan,Dubai,Enterprise Software,7,543.23,278.08,3802.59,1856.05,48.8
8761,Sep,Riyadh,Cloud Storage,43,1409.74,657.21,60618.9,32359.02,53.4
8762,Jan,Abu Dhabi,Analytics Suite,42,1254.89,655.15,52705.5,25189.18,47.8
8763,Jun,Dubai,Cloud Storage,15,1566.08,862.97,23491.18,10546.56,44.9
8764,Nov,Ajman,Enterprise Software,32,1995.36,889.83,63851.48,35377.02,55.4
8765,May,Sharjah,Security Package,27,1523.45,914.01,41133.28,16454.9,40.0
8766,Sep,Sharjah,Enterprise Software,49,1939.72,1193.13,95046.39,36582.78,38.5
8767,Oct,Ajman,CRM Platform,24,587.96,245.34,14110.93,8222.74,58.3
8768,Sep,Sharjah,Enterprise Software,13,200.48,103.49,2606.25,1260.81,48.4
8769,Jul,Riyadh,Enterprise Software,16,1813.02,832.85,29008.34,15682.77,54.1
8770,Aug,Dubai,Cloud Storage,13,1837.81,1066.54,23891.59,10026.58,42.0
8771,Aug,Sharjah,CRM Platform,47,494.96,206.5,23263.07,13557.37,58.3
8772,Mar,Abu Dhabi,CRM Platform,38,462.04,221.93,17557.68,9124.5,52.0
8773,Oct,Riyadh,Security Package,31,1473.85,908.24,45689.3,17533.75,38.4
8774,Dec,Abu Dhabi,Security Package,48,528.15,250.97,25351.14,13304.75,52.5
8775,Feb,Riyadh,Cloud Storage,18,977.92,536.39,17602.52,7947.51,45.1
8776,Mar,Abu Dhabi,Cloud Storage,34,1737.46,780.46,59073.64,32537.86,55.1
8777,Sep,Dubai,Cloud Storage,21,517.88,228.3,10875.55,6081.23,55.9
8778,Jan,Sharjah,Security Package,25,460.19,262.49,11504.66,4942.3,43.0
8779,Jan,Riyadh,Analytics Suite,47,1437.39,933.83,67557.35,23667.52,35.0
8780,Mar,Sharjah,Enterprise Software,20,809.11,356.09,16182.18,9060.39,56.0
8781,May,Riyadh,Cloud Storage,24,898.17,510.91,21556.01,9294.14,43.1
8782,Apr,Riyadh,Security Package,37,1471.22,921.37,54435.06,20344.35,37.4
8783,May,Sharjah,Enterprise Software,27,1835.98,1053.0,49571.45,21140.52,42.6
8784,Apr,Riyadh,Cloud Storage,42,1918.02,900.67,80556.83,42728.66,53.0
8785,Jun,Sharjah,Cloud Storage,36,1674.2,974.14,60271.15,25202.27,41.8
8786,Dec,Abu Dhabi,Cloud Storage,34,1004.2,563.34,34142.92,14989.32,43.9
8787,Oct,Riyadh,Analytics Suite,6,1516.46,912.39,9098.74,3624.42,39.8
8788,Jun,Riyadh,Enterprise Software,16,1572.4,856.69,25158.4,11451.44,45.5
8789,Sep,Sharjah,Analytics Suite,31,850.54,413.69,26366.59,13542.11,51.4
8790,Jun,Riyadh,Cloud Storage,31,432.4,192.62,13404.37,7433.04,55.5
8791,Jan,Abu Dhabi,Enterprise Software,31,208.06,105.14,6449.9,3190.49,49.5
8792,Jul,Dubai,Security Package,39,1664.1,874.88,64899.81,30779.46,47.4
8793,Nov,Sharjah,CRM Platform,30,713.23,413.51,21396.95,8991.56,42.0
8794,Dec,Sharjah,Cloud Storage,40,376.35,202.07,15054.13,6971.15,46.3
8795,Jun,Sharjah,CRM Platform,3,1200.8,711.81,3602.39,1466.98,40.7
8796,Nov,Riyadh,Cloud Storage,9,1024.53,650.25,9220.81,3368.56,36.5
8797,Jun,Dubai,Cloud Storage,9,1419.48,698.73,12775.3,6486.71,50.8
8798,Feb,Sharjah,Enterprise Software,48,1402.3,873.69,67310.46,25373.38,37.7
8799,Dec,Sharjah,Analytics Suite,27,520.29,247.56,14047.85,7363.6,52.4
8800,Jul,Dubai,Cloud Storage,43,934.68,472.22,40191.36,19885.87,49.5
8801,Nov,Riyadh,Enterprise Software,37,1689.33,1076.8,62505.11,22663.34,36.3
8802,Jul,Sharjah,Security Package,20,1070.97,494.88,21419.42,11521.75,53.8
8803,Mar,Ajman,Analytics Suite,19,1716.3,825.93,32609.73,16917.04,51.9
8804,Jan,Abu Dhabi,Cloud Storage,28,776.3,475.55,21736.44,8420.99,38.7
8805,Jul,Abu Dhabi,Cloud Storage,41,320.87,207.65,13155.85,4642.22,35.3
8806,Dec,Sharjah,Enterprise Software,43,1830.23,1116.95,78699.92,30670.89,39.0
8807,Feb,Abu Dhabi,CRM Platform,23,468.84,286.21,10783.39,4200.45,39.0
8808,Feb,Sharjah,Cloud Storage,3,1295.65,626.82,3886.96,2006.5,51.6
8809,Apr,Ajman,Security Package,42,1838.63,1020.02,77222.5,34381.47,44.5
8810,Dec,Sharjah,Cloud Storage,5,1545.39,690.15,7726.96,4276.23,55.3
8811,Dec,Sharjah,Cloud Storage,50,923.33,504.71,46166.65,20931.23,45.3
8812,Sep,Sharjah,CRM Platform,30,311.13,158.54,9333.87,4577.52,49.0
8813,May,Ajman,Analytics Suite,11,1111.27,618.77,12224.01,5417.51,44.3
8814,Aug,Abu Dhabi,Enterprise Software,43,1526.69,786.32,65647.82,31835.86,48.5
8815,Dec,Dubai,Enterprise Software,5,1519.69,649.34,7598.46,4351.76,57.3
8816,Sep,Sharjah,Analytics Suite,50,216.68,107.89,10834.15,5439.48,50.2
8817,Feb,Sharjah,Cloud Storage,8,1530.0,796.51,12240.03,5867.97,47.9
8818,Jan,Riyadh,Enterprise Software,18,661.12,275.95,11900.14,6933.09,58.3
8819,Aug,Dubai,Enterprise Software,11,1457.54,833.61,16032.91,6863.24,42.8
8820,Mar,Sharjah,Security Package,2,709.81,390.57,1419.63,638.49,45.0
8821,May,Dubai,CRM Platform,4,1798.72,757.98,7194.87,4162.95,57.9
8822,Aug,Dubai,Enterprise Software,3,1408.24,659.94,4224.72,2244.92,53.1
8823,Jan,Abu Dhabi,Enterprise Software,23,866.84,348.76,19937.39,11915.92,59.8
8824,Dec,Dubai,Analytics Suite,34,1124.42,604.27,38230.12,17684.92,46.3
8825,Jul,Dubai,CRM Platform,1,1587.38,811.5,1587.38,775.88,48.9
8826,May,Sharjah,Enterprise Software,8,676.78,309.28,5414.26,2940.02,54.3
8827,Jul,Dubai,Analytics Suite,2,1220.25,524.84,2440.51,1390.82,57.0
8828,Aug,Abu Dhabi,CRM Platform,4,1433.54,596.72,5734.16,3347.26,58.4
8829,Jul,Abu Dhabi,Security Package,8,388.49,187.93,3107.93,1604.51,51.6
8830,Dec,Dubai,Enterprise Software,28,513.5,298.46,14377.96,6021.1,41.9
8831,Apr,Dubai,Analytics Suite,49,865.61,387.97,42415.03,23404.53,55.2
8832,Jul,Dubai,Enterprise Software,7,1364.88,689.9,9554.18,4724.87,49.5
8833,Nov,Sharjah,Enterprise Software,17,1916.8,1185.19,32585.58,12437.38,38.2
8834,Jun,Abu Dhabi,Analytics Suite,14,418.68,240.61,5861.46,2492.93,42.5
8835,Aug,Ajman,Cloud Storage,5,536.41,215.49,2682.03,1604.6,59.8
8836,Dec,Abu Dhabi,Analytics Suite,3,1182.33,765.1,3547.0,1251.69,35.3
8837,May,Sharjah,Cloud Storage,2,1187.83,604.89,2375.66,1165.88,49.1
8838,Jul,Dubai,Security Package,44,1267.37,607.58,55764.09,29030.77,52.1
8839,Jul,Abu Dhabi,Cloud Storage,3,378.44,152.79,1135.33,676.96,59.6
8840,Oct,Riyadh,Security Package,16,1607.85,978.04,25725.62,10077.04,39.2
8841,Dec,Riyadh,Enterprise Software,18,1590.67,646.5,28632.01,16994.95,59.4
8842,Nov,Riyadh,Security Package,33,405.67,246.92,13387.27,5238.98,39.1
8843,Dec,Riyadh,CRM Platform,8,1989.09,1087.65,15912.74,7211.53,45.3
8844,Sep,Abu Dhabi,Security Package,29,1743.72,830.84,50567.78,26473.45,52.4
8845,Dec,Dubai,Analytics Suite,38,1754.41,814.44,66667.65,35718.95,53.6
8846,May,Abu Dhabi,Analytics Suite,41,545.09,314.48,22348.8,9455.26,42.3
8847,Jul,Dubai,Cloud Storage,28,669.08,296.69,18734.18,10426.92,55.7
8848,Dec,Abu Dhabi,Security Package,28,1325.63,813.35,37117.71,14343.84,38.6
8849,Sep,Ajman,Analytics Suite,5,1781.71,729.4,8908.54,5261.55,59.1
8850,Oct,Dubai,Cloud Storage,41,1513.26,869.69,62043.75,26386.6,42.5
8851,May,Ajman,Cloud Storage,13,234.61,118.84,3049.98,1505.12,49.3
8852,Oct,Ajman,CRM Platform,34,620.44,307.96,21095.07,10624.46,50.4
8853,Feb,Ajman,Security Package,1,1087.7,573.95,1087.7,513.76,47.2
8854,Jan,Abu Dhabi,Analytics Suite,33,1297.42,591.33,42814.96,23301.12,54.4
8855,Dec,Sharjah,Enterprise Software,45,1750.23,795.91,78760.28,42944.4,54.5
8856,Aug,Dubai,Analytics Suite,37,521.15,281.67,19282.42,8860.63,46.0
8857,Jul,Abu Dhabi,CRM Platform,6,1691.53,840.43,10149.19,5106.63,50.3
8858,Feb,Abu Dhabi,Enterprise Software,29,1687.28,1061.74,48931.08,18140.59,37.1
8859,Dec,Riyadh,Analytics Suite,8,1422.58,704.66,11380.61,5743.35,50.5
8860,Nov,Ajman,Enterprise Software,36,1849.21,933.15,66571.61,32978.33,49.5
8861,Feb,Riyadh,CRM Platform,6,1731.54,701.23,10389.24,6181.86,59.5
8862,Nov,Sharjah,Enterprise Software,16,1324.61,775.65,21193.8,8783.33,41.4
8863,Jul,Abu Dhabi,CRM Platform,31,589.44,296.48,18272.52,9081.49,49.7
8864,Apr,Riyadh,CRM Platform,14,593.38,323.87,8307.31,3773.15,45.4
8865,Jul,Sharjah,Enterprise Software,26,1463.98,820.84,38063.39,16721.56,43.9
8866,Jan,Ajman,CRM Platform,46,812.66,329.09,37382.51,22244.46,59.5
8867,Jun,Dubai,Enterprise Software,4,1421.8,587.68,5687.19,3336.48,58.7
8868,Jul,Abu Dhabi,Enterprise Software,41,1319.42,646.75,54096.08,27579.44,51.0
8869,Jan,Riyadh,Security Package,23,1970.37,1262.7,45318.5,16276.45,35.9
8870,May,Ajman,Analytics Suite,5,1253.07,735.81,6265.35,2586.32,41.3
8871,May,Dubai,Cloud Storage,14,952.0,474.2,13328.06,6689.23,50.2
8872,Dec,Sharjah,Enterprise Software,12,1273.21,748.52,15278.48,6296.29,41.2
8873,Jan,Riyadh,Security Package,29,918.07,500.64,26624.06,12105.55,45.5
8874,Dec,Riyadh,Enterprise Software,20,1300.34,694.58,26006.76,12115.25,46.6
8875,Sep,Ajman,CRM Platform,17,1297.85,596.04,22063.37,11930.71,54.1
8876,Aug,Dubai,CRM Platform,18,1214.28,775.82,21857.13,7892.28,36.1
8877,Aug,Dubai,Enterprise Software,28,990.0,487.91,27719.87,14058.48,50.7
8878,Apr,Dubai,Analytics Suite,32,810.18,500.45,25925.86,9911.47,38.2
8879,Aug,Dubai,Analytics Suite,23,1360.32,770.22,31287.45,13572.33,43.4
8880,Oct,Abu Dhabi,Cloud Storage,21,294.39,157.38,6182.13,2877.19,46.5
8881,Jan,Riyadh,CRM Platform,13,1904.29,789.75,24755.78,14489.01,58.5
8882,May,Ajman,CRM Platform,36,972.82,595.93,35021.7,13568.07,38.7
8883,Jun,Ajman,CRM Platform,14,1589.64,765.01,22254.95,11544.8,51.9
8884,Apr,Dubai,Analytics Suite,17,1390.51,897.22,23638.6,8385.92,35.5
8885,Apr,Ajman,Analytics Suite,39,1881.35,986.05,73372.65,34916.78,47.6
8886,Mar,Riyadh,Enterprise Software,4,1024.75,421.37,4099.0,2413.52,58.9
8887,Aug,Dubai,Cloud Storage,35,360.2,144.27,12606.84,7557.39,59.9
8888,Nov,Dubai,Cloud Storage,10,1643.97,659.86,16439.66,9841.1,59.9
8889,May,Abu Dhabi,Cloud Storage,7,1662.94,833.55,11640.55,5805.68,49.9
8890,Jan,Riyadh,Security Package,37,1035.27,540.69,38304.94,18299.56,47.8
8891,Jun,Riyadh,Security Package,8,1795.92,897.33,14367.39,7188.78,50.0
8892,Aug,Riyadh,Enterprise Software,26,669.32,312.21,17402.21,9284.68,53.4
8893,May,Riyadh,Enterprise Software,15,1611.34,760.93,24170.07,12756.18,52.8
8894,Jul,Ajman,Enterprise Software,42,454.36,260.06,19083.05,8160.57,42.8
8895,Mar,Ajman,CRM Platform,28,388.38,188.41,10874.6,5599.12,51.5
8896,Dec,Dubai,Cloud Storage,25,234.79,143.77,5869.73,2275.52,38.8
8897,Jul,Riyadh,Analytics Suite,23,1497.86,818.1,34450.67,15634.36,45.4
8898,Oct,Dubai,Security Package,21,889.51,468.58,18679.66,8839.49,47.3
8899,Oct,Ajman,Analytics Suite,37,1815.79,1112.09,67184.26,26037.08,38.8
8900,May,Riyadh,CRM Platform,23,542.35,299.17,12473.99,5593.06,44.8
8901,Jan,Dubai,Security Package,12,619.9,293.53,7438.81,3916.47,52.6
8902,Feb,Ajman,CRM Platform,41,746.71,346.29,30615.16,16417.25,53.6
8903,Apr,Abu Dhabi,CRM Platform,25,1588.05,891.67,39701.16,17409.42,43.9
8904,Sep,Riyadh,Enterprise Software,22,989.04,450.69,21758.92,11843.79,54.4
8905,May,Ajman,Security Package,29,906.22,411.44,26280.44,14348.63,54.6
8906,Nov,Riyadh,Cloud Storage,17,523.5,284.32,8899.48,4066.11,45.7
8907,May,Dubai,Cloud Storage,38,498.69,260.22,18950.3,9062.02,47.8
8908,Apr,Sharjah,Cloud Storage,19,919.09,586.04,17462.72,6328.02,36.2
8909,Feb,Dubai,Analytics Suite,11,400.45,241.7,4404.96,1746.29,39.6
8910,Dec,Ajman,CRM Platform,1,1677.09,1061.34,1677.09,615.75,36.7
8911,Feb,Ajman,Enterprise Software,2,880.57,548.63,1761.14,663.88,37.7
8912,Oct,Sharjah,Security Package,29,1103.67,485.63,32006.34,17923.03,56.0
8913,Dec,Sharjah,Cloud Storage,24,1725.56,845.75,41413.36,21115.29,51.0
8914,Apr,Abu Dhabi,Security Package,36,1672.38,773.7,60205.5,32352.29,53.7
8915,Dec,Dubai,Analytics Suite,19,1326.81,536.62,25209.43,15013.71,59.6
8916,Sep,Abu Dhabi,Security Package,26,548.55,340.59,14262.28,5406.9,37.9
8917,Jul,Abu Dhabi,Analytics Suite,25,1284.81,521.2,32120.29,19090.19,59.4
8918,May,Dubai,Analytics Suite,39,1155.9,750.31,45080.25,15818.3,35.1
8919,Dec,Abu Dhabi,Security Package,26,1628.58,1053.78,42343.09,14944.84,35.3
8920,Dec,Abu Dhabi,Security Package,15,1758.42,854.83,26376.27,13553.75,51.4
8921,Aug,Abu Dhabi,Enterprise Software,2,1039.33,571.87,2078.66,934.92,45.0
8922,Jan,Dubai,Security Package,19,1469.84,843.69,27926.9,11896.7,42.6
8923,Jan,Riyadh,CRM Platform,5,846.04,447.48,4230.22,1992.84,47.1
8924,May,Abu Dhabi,Cloud Storage,21,326.79,180.24,6862.61,3077.57,44.8
8925,Nov,Abu Dhabi,Security Package,48,652.65,305.66,31327.04,16655.22,53.2
8926,Apr,Dubai,Security Package,13,1601.73,864.96,20822.51,9578.0,46.0
8927,Nov,Dubai,Analytics Suite,32,1554.97,897.41,49759.15,21042.13,42.3
8928,Jan,Abu Dhabi,Analytics Suite,30,1644.99,784.87,49349.67,25803.56,52.3
8929,Jan,Riyadh,Cloud Storage,13,1270.7,770.7,16519.09,6499.97,39.3
8930,Aug,Dubai,Enterprise Software,33,970.05,496.29,32011.5,15633.94,48.8
8931,Jan,Sharjah,Analytics Suite,3,1599.14,715.66,4797.43,2650.45,55.2
8932,Nov,Sharjah,CRM Platform,41,1806.91,896.13,74083.33,37341.91,50.4
8933,Jul,Dubai,Cloud Storage,29,576.16,374.14,16708.67,5858.75,35.1
8934,Mar,Dubai,Analytics Suite,17,1049.17,441.84,17835.94,10324.62,57.9
8935,Jul,Sharjah,Enterprise Software,48,603.01,334.04,28944.48,12910.54,44.6
8936,Dec,Ajman,CRM Platform,5,1354.28,713.81,6771.38,3202.35,47.3
8937,Nov,Abu Dhabi,Analytics Suite,16,949.84,509.51,15197.37,7045.21,46.4
8938,Sep,Dubai,CRM Platform,11,1451.7,827.9,15968.66,6861.78,43.0
8939,Apr,Ajman,CRM Platform,4,1572.45,655.84,6289.8,3666.46,58.3
8940,Feb,Ajman,Enterprise Software,32,1405.46,831.29,44974.66,18373.39,40.9
8941,May,Riyadh,CRM Platform,2,1816.68,754.01,3633.36,2125.33,58.5
8942,Jun,Riyadh,Cloud Storage,27,1417.89,847.21,38282.9,15408.19,40.2
8943,Nov,Sharjah,Security Package,28,1692.17,865.59,47380.82,23144.24,48.8
8944,Aug,Abu Dhabi,Security Package,31,1061.37,511.71,32902.58,17039.55,51.8
8945,Apr,Dubai,Cloud Storage,20,1890.02,978.6,37800.37,18228.29,48.2
8946,Jun,Dubai,Analytics Suite,8,1794.71,920.55,14357.65,6993.24,48.7
8947,Sep,Dubai,Cloud Storage,42,1607.3,810.95,67506.77,33447.06,49.5
8948,Jun,Sharjah,CRM Platform,12,1226.13,770.34,14713.52,5469.43,37.2
8949,Jun,Ajman,CRM Platform,25,521.74,256.94,13043.55,6620.14,50.8
8950,Nov,Sharjah,Analytics Suite,17,224.98,133.81,3824.61,1549.84,40.5
8951,Oct,Riyadh,Security Package,16,1289.1,632.06,20625.62,10512.63,51.0
8952,Apr,Sharjah,Analytics Suite,26,1382.06,769.94,35933.68,15915.21,44.3
8953,Nov,Abu Dhabi,Cloud Storage,4,1740.87,810.38,6963.47,3721.97,53.4
8954,May,Dubai,Analytics Suite,17,1090.78,544.77,18543.2,9282.17,50.1
8955,Oct,Riyadh,Cloud Storage,43,1961.18,1131.56,84330.88,35673.66,42.3
8956,Sep,Dubai,Enterprise Software,47,1379.1,684.41,64817.93,32650.57,50.4
8957,Aug,Riyadh,Cloud Storage,4,690.61,317.68,2762.43,1491.71,54.0
8958,Dec,Riyadh,Analytics Suite,10,1759.07,932.07,17590.69,8269.97,47.0
8959,Dec,Dubai,Analytics Suite,34,620.02,348.98,21080.62,9215.19,43.7
8960,Jan,Sharjah,Cloud Storage,9,1681.34,933.09,15132.1,6734.26,44.5
8961,Sep,Ajman,Cloud Storage,21,759.32,469.42,15945.67,6087.86,38.2
8962,Jan,Abu Dhabi,Analytics Suite,10,1307.52,848.41,13075.23,4591.18,35.1
8963,Jan,Sharjah,Security Package,20,1457.98,771.11,29159.67,13737.4,47.1
8964,Dec,Ajman,Security Package,36,1345.29,553.84,48430.36,28492.04,58.8
8965,Apr,Ajman,CRM Platform,17,1888.57,837.63,32105.71,17866.04,55.6
8966,Aug,Abu Dhabi,Analytics Suite,30,386.48,188.5,11594.38,5939.36,51.2
8967,Apr,Riyadh,CRM Platform,31,1607.69,858.91,49838.31,23211.98,46.6
8968,Feb,Sharjah,CRM Platform,26,482.35,282.24,12541.04,5202.79,41.5
8969,Aug,Abu Dhabi,CRM Platform,6,622.18,330.93,3733.11,1747.52,46.8
8970,Feb,Ajman,Cloud Storage,19,236.09,132.2,4485.8,1973.97,44.0
8971,Oct,Abu Dhabi,Enterprise Software,45,1718.26,858.19,77321.86,38703.43,50.1
8972,Jul,Ajman,Enterprise Software,11,759.29,431.72,8352.15,3603.27,43.1
8973,Dec,Ajman,Security Package,35,1140.9,620.99,39931.42,18196.93,45.6
8974,Jul,Ajman,CRM Platform,12,1884.28,789.51,22611.39,13137.24,58.1
8975,May,Abu Dhabi,Cloud Storage,30,1225.1,682.74,36752.88,16270.78,44.3
8976,May,Abu Dhabi,Cloud Storage,32,928.67,597.87,29717.57,10585.86,35.6
8977,Aug,Riyadh,CRM Platform,3,1976.42,1015.81,5929.27,2881.85,48.6
8978,Feb,Ajman,CRM Platform,41,681.81,386.17,27954.06,12120.95,43.4
8979,Oct,Sharjah,CRM Platform,10,801.17,427.98,8011.68,3731.89,46.6
8980,Jun,Abu Dhabi,Cloud Storage,10,1275.78,527.91,12757.8,7478.75,58.6
8981,Apr,Dubai,Security Package,19,1565.24,713.24,29739.51,16187.92,54.4
8982,May,Ajman,Cloud Storage,22,684.89,444.43,15067.69,5290.16,35.1
8983,Feb,Ajman,Enterprise Software,23,1776.45,940.58,40858.42,19224.97,47.1
8984,Feb,Abu Dhabi,Cloud Storage,36,403.89,218.69,14540.14,6667.42,45.9
8985,Feb,Dubai,CRM Platform,39,1942.31,995.89,75750.01,36910.2,48.7
8986,Aug,Dubai,CRM Platform,31,1375.69,885.65,42646.28,15191.21,35.6
8987,Feb,Riyadh,Cloud Storage,14,374.94,229.45,5249.22,2036.97,38.8
8988,Apr,Sharjah,Analytics Suite,36,553.6,276.83,19929.49,9963.51,50.0
8989,Jun,Sharjah,Cloud Storage,21,1977.89,1214.06,41535.79,16040.61,38.6
8990,Apr,Sharjah,Cloud Storage,45,1852.86,1087.33,83378.9,34449.06,41.3
8991,Jan,Abu Dhabi,Enterprise Software,7,488.89,311.42,3422.25,1242.33,36.3
8992,Jun,Ajman,CRM Platform,50,1740.48,726.22,87024.08,50713.06,58.3
8993,Nov,Riyadh,Security Package,39,844.7,458.43,32943.21,15064.59,45.7
8994,Jan,Ajman,CRM Platform,15,371.53,223.35,5572.9,2222.62,39.9
8995,Jul,Dubai,Analytics Suite,35,1384.3,597.31,48450.66,27544.85,56.9
8996,Mar,Riyadh,Cloud Storage,3,320.55,149.52,961.66,513.1,53.4
8997,May,Abu Dhabi,Analytics Suite,24,899.03,565.14,21576.82,8013.43,37.1
8998,Aug,Abu Dhabi,CRM Platform,40,1118.53,639.37,44741.06,19166.4,42.8
8999,Sep,Abu Dhabi,CRM Platform,28,623.49,348.02,17457.75,7713.24,44.2
9000,Dec,Sharjah,Analytics Suite,20,1815.96,956.9,36319.25,17181.19,47.3
9001,Nov,Dubai,Enterprise Software,26,1875.55,841.18,48764.3,26893.67,55.2
9002,Aug,Abu Dhabi,CRM Platform,49,547.19,237.98,26812.55,15151.66,56.5
9003,Dec,Dubai,CRM Platform,2,694.56,428.46,1389.11,532.19,38.3
9004,Mar,Riyadh,Analytics Suite,40,1297.69,564.54,51907.54,29325.98,56.5
9005,Oct,Dubai,Enterprise Software,12,679.44,316.39,8153.29,4356.62,53.4
9006,Jan,Abu Dhabi,Analytics Suite,28,1283.69,668.58,35943.38,17223.04,47.9
9007,Oct,Abu Dhabi,Enterprise Software,38,1528.15,803.29,58069.74,27544.81,47.4
9008,Feb,Abu Dhabi,Enterprise Software,9,1875.89,851.44,16883.04,9220.12,54.6
9009,Oct,Abu Dhabi,Security Package,33,545.55,321.42,18003.0,7396.06,41.1
9010,Feb,Riyadh,Enterprise Software,24,1799.79,1071.33,43194.9,17483.07,40.5
9011,Jun,Sharjah,Security Package,20,1082.13,548.05,21642.56,10681.62,49.4
9012,Jan,Ajman,Security Package,47,1330.52,661.35,62534.52,31450.98,50.3
9013,Jan,Dubai,Cloud Storage,20,1509.31,926.31,30186.17,11659.97,38.6
9014,Nov,Dubai,Analytics Suite,45,686.16,346.52,30877.34,15284.06,49.5
9015,Dec,Dubai,Enterprise Software,50,561.02,339.43,28051.04,11079.4,39.5
9016,Apr,Sharjah,Cloud Storage,27,201.75,98.74,5447.25,2781.19,51.1
9017,Mar,Sharjah,Cloud Storage,7,1523.66,650.5,10665.63,6112.14,57.3
9018,Oct,Sharjah,Analytics Suite,22,1315.01,769.0,28930.21,12012.25,41.5
9019,Oct,Riyadh,Cloud Storage,6,1565.44,811.67,9392.64,4522.61,48.2
9020,Jul,Dubai,Security Package,40,1638.79,674.85,65551.41,38557.47,58.8
9021,Jul,Dubai,Cloud Storage,19,318.37,178.56,6049.12,2656.41,43.9
9022,Mar,Sharjah,Security Package,2,1835.78,1113.72,3671.57,1444.13,39.3
9023,Sep,Riyadh,Analytics Suite,41,567.17,283.29,23254.08,11639.14,50.1
9024,Feb,Riyadh,Enterprise Software,27,1684.1,679.36,45470.63,27127.86,59.7
9025,Nov,Dubai,Analytics Suite,14,1982.05,999.13,27748.73,13760.92,49.6
9026,May,Riyadh,CRM Platform,14,1295.24,635.94,18133.34,9230.24,50.9
9027,Oct,Abu Dhabi,Analytics Suite,32,573.63,237.89,18356.26,10743.82,58.5
9028,Jan,Riyadh,CRM Platform,8,868.9,420.28,6951.24,3588.98,51.6
9029,Apr,Dubai,Analytics Suite,12,1629.9,792.08,19558.76,10053.75,51.4
9030,May,Ajman,Cloud Storage,44,1979.58,1069.26,87101.36,40053.74,46.0
9031,Jan,Riyadh,Security Package,20,1989.81,1042.39,39796.12,18948.37,47.6
9032,May,Sharjah,CRM Platform,36,1790.25,864.0,64448.98,33344.91,51.7
9033,Nov,Sharjah,Enterprise Software,26,1226.31,555.0,31883.99,17453.95,54.7
9034,Jun,Sharjah,Enterprise Software,49,1349.52,691.79,66126.66,32229.02,48.7
9035,Feb,Sharjah,Enterprise Software,41,1218.34,599.91,49952.07,25355.6,50.8
9036,Nov,Riyadh,Enterprise Software,1,622.0,348.94,622.0,273.07,43.9
9037,Dec,Riyadh,Enterprise Software,26,1665.78,833.05,43310.33,21651.08,50.0
9038,Oct,Ajman,Enterprise Software,44,1971.15,864.93,86730.72,48673.86,56.1
9039,Nov,Riyadh,Analytics Suite,33,1730.89,856.24,57119.38,28863.4,50.5
9040,Dec,Dubai,Analytics Suite,13,1290.99,563.0,16782.91,9463.86,56.4
9041,Sep,Dubai,Enterprise Software,44,1388.57,759.19,61096.98,27692.65,45.3
9042,Sep,Abu Dhabi,Analytics Suite,41,784.02,414.34,32144.96,15156.98,47.2
9043,Dec,Abu Dhabi,Security Package,35,281.15,146.08,9840.39,4727.67,48.0
9044,Aug,Abu Dhabi,CRM Platform,14,1552.74,680.65,21738.39,12209.34,56.2
9045,Sep,Sharjah,Security Package,27,1220.37,697.98,32949.95,14104.41,42.8
9046,Apr,Riyadh,Analytics Suite,45,310.79,143.9,13985.55,7510.21,53.7
9047,Feb,Ajman,Security Package,13,661.42,268.28,8598.47,5110.88,59.4
9048,Dec,Riyadh,Analytics Suite,42,411.67,192.84,17289.97,9190.48,53.2
9049,Dec,Sharjah,Enterprise Software,5,1196.39,551.17,5981.97,3226.15,53.9
9050,Aug,Ajman,Enterprise Software,3,204.24,131.14,612.72,219.3,35.8
9051,May,Riyadh,Analytics Suite,47,1382.91,803.38,64996.55,27237.88,41.9
9052,Nov,Abu Dhabi,Cloud Storage,17,1111.41,473.33,18893.89,10847.31,57.4
9053,Nov,Riyadh,Analytics Suite,21,497.74,239.77,10452.63,5417.52,51.8
9054,Jul,Abu Dhabi,Security Package,10,781.74,383.28,7817.44,3984.66,51.0
9055,May,Dubai,Analytics Suite,7,1886.18,1067.18,13203.27,5732.99,43.4
9056,Aug,Riyadh,Security Package,4,312.79,190.83,1251.17,487.85,39.0
9057,Nov,Riyadh,Cloud Storage,9,418.08,182.46,3762.75,2120.64,56.4
9058,Aug,Sharjah,Enterprise Software,28,397.26,168.46,11123.32,6406.37,57.6
9059,Apr,Sharjah,Security Package,11,650.89,374.82,7159.81,3036.81,42.4
9060,Dec,Riyadh,CRM Platform,22,1870.54,811.59,41151.91,23296.87,56.6
9061,Mar,Ajman,Enterprise Software,8,898.42,536.33,7187.33,2896.7,40.3
9062,Sep,Riyadh,Analytics Suite,6,1850.36,1131.18,11102.18,4315.09,38.9
9063,Feb,Dubai,Enterprise Software,5,496.45,224.28,2482.27,1360.89,54.8
9064,Jul,Dubai,Enterprise Software,30,1243.47,616.0,37304.0,18824.12,50.5
9065,Nov,Sharjah,CRM Platform,30,1830.23,817.55,54906.92,30380.55,55.3
9066,Jul,Riyadh,Cloud Storage,33,753.38,356.62,24861.4,13093.06,52.7
9067,Jul,Sharjah,Analytics Suite,11,515.39,271.26,5669.27,2685.38,47.4
9068,Nov,Ajman,Analytics Suite,39,1357.67,649.57,52949.17,27615.88,52.2
9069,Nov,Abu Dhabi,Security Package,47,1228.52,688.19,57740.54,25395.83,44.0
9070,Jun,Sharjah,Security Package,1,1306.57,817.77,1306.57,488.8,37.4
9071,Sep,Sharjah,Cloud Storage,42,323.64,173.42,13592.78,6309.09,46.4
9072,Jun,Ajman,Cloud Storage,29,1085.31,457.4,31473.86,18209.32,57.9
9073,Mar,Riyadh,CRM Platform,30,716.03,451.88,21481.05,7924.75,36.9
9074,Oct,Dubai,Analytics Suite,6,1849.45,1162.03,11096.67,4124.52,37.2
9075,Sep,Ajman,Security Package,48,1707.14,1056.4,81942.7,31235.4,38.1
9076,Jun,Sharjah,Analytics Suite,6,1193.26,654.19,7159.54,3234.4,45.2
9077,Oct,Sharjah,Cloud Storage,28,660.77,367.87,18501.67,8201.24,44.3
9078,Feb,Abu Dhabi,Cloud Storage,31,556.85,299.54,17262.27,7976.51,46.2
9079,Sep,Abu Dhabi,Analytics Suite,31,1867.13,1059.6,57881.03,25033.58,43.3
9080,Jan,Riyadh,Security Package,43,491.79,306.27,21146.83,7977.0,37.7
9081,Nov,Riyadh,Enterprise Software,30,1980.17,982.15,59405.18,29940.83,50.4
9082,Dec,Dubai,Cloud Storage,17,462.1,220.92,7855.65,4099.92,52.2
9083,Sep,Sharjah,CRM Platform,49,400.19,258.97,19609.09,6919.49,35.3
9084,Jun,Dubai,Analytics Suite,49,1754.05,761.78,85948.27,48621.23,56.6
9085,Jan,Sharjah,Cloud Storage,14,308.83,134.23,4323.66,2444.49,56.5
9086,Jan,Dubai,Cloud Storage,1,408.02,184.73,408.02,223.3,54.7
9087,May,Sharjah,CRM Platform,20,532.84,250.7,10656.89,5642.83,53.0
9088,Sep,Ajman,CRM Platform,44,1774.87,722.28,78094.15,46313.99,59.3
9089,Nov,Sharjah,Analytics Suite,40,448.57,194.36,17942.71,10168.41,56.7
9090,Jan,Ajman,CRM Platform,43,428.39,177.04,18420.97,10808.16,58.7
9091,Aug,Sharjah,Security Package,26,1321.31,743.4,34354.06,15025.59,43.7
9092,Dec,Riyadh,Security Package,34,1885.77,1082.35,64116.02,27316.13,42.6
9093,Nov,Sharjah,CRM Platform,38,984.86,585.94,37424.81,15159.15,40.5
9094,Apr,Dubai,Enterprise Software,23,227.75,116.6,5238.29,2556.5,48.8
9095,Oct,Ajman,Analytics Suite,40,884.56,390.95,35382.47,19744.37,55.8
9096,Apr,Ajman,CRM Platform,14,1216.53,640.51,17031.37,8064.23,47.3
9097,Feb,Dubai,CRM Platform,7,1308.72,615.98,9161.05,4849.22,52.9
9098,Nov,Sharjah,Enterprise Software,50,841.13,375.14,42056.27,23299.03,55.4
9099,Feb,Dubai,Enterprise Software,10,1791.85,1069.85,17918.47,7219.97,40.3
9100,Dec,Ajman,Enterprise Software,19,456.3,291.6,8669.71,3129.28,36.1
9101,Dec,Sharjah,Security Package,15,623.85,361.48,9357.68,3935.52,42.1
9102,Sep,Abu Dhabi,Cloud Storage,6,1654.75,758.0,9928.52,5380.52,54.2
9103,Feb,Dubai,CRM Platform,28,1972.71,1153.37,55235.91,22941.57,41.5
9104,May,Riyadh,CRM Platform,44,753.31,466.61,33145.77,12614.87,38.1
9105,Jan,Riyadh,CRM Platform,32,406.06,223.7,12993.77,5835.41,44.9
9106,Jun,Riyadh,Security Package,5,1625.25,697.93,8126.26,4636.63,57.1
9107,Aug,Ajman,Security Package,9,631.78,262.19,5686.0,3326.27,58.5
9108,Feb,Abu Dhabi,CRM Platform,21,1364.93,865.29,28663.5,10492.41,36.6
9109,Jan,Riyadh,CRM Platform,12,924.22,399.78,11090.62,6293.3,56.7
9110,Dec,Ajman,Cloud Storage,20,810.05,427.2,16201.06,7657.1,47.3
9111,Dec,Sharjah,CRM Platform,38,1731.22,885.51,65786.23,32136.9,48.9
9112,Nov,Sharjah,CRM Platform,36,1094.36,674.21,39396.86,15125.29,38.4
9113,Jun,Riyadh,Enterprise Software,42,1448.68,806.58,60844.67,26968.3,44.3
9114,Sep,Dubai,CRM Platform,17,1337.84,628.48,22743.25,12059.08,53.0
9115,Dec,Dubai,Cloud Storage,32,1685.54,1000.31,53937.27,21927.3,40.7
9116,Mar,Riyadh,Analytics Suite,18,752.31,344.38,13541.61,7342.74,54.2
9117,Jul,Riyadh,Cloud Storage,25,969.98,400.64,24249.43,14233.45,58.7
9118,Jul,Sharjah,Security Package,48,1025.37,440.79,49217.59,28059.82,57.0
9119,Jul,Riyadh,Enterprise Software,5,1146.95,670.91,5734.74,2380.17,41.5
9120,May,Ajman,Cloud Storage,29,1034.57,565.94,30002.57,13590.26,45.3
9121,Dec,Ajman,Security Package,19,874.82,377.36,16621.5,9451.7,56.9
9122,Nov,Abu Dhabi,Cloud Storage,41,1352.15,757.4,55438.29,24384.7,44.0
9123,Jun,Riyadh,Enterprise Software,27,1091.91,670.15,29481.68,11387.58,38.6
9124,Jun,Dubai,Cloud Storage,18,1330.17,822.87,23942.98,9131.37,38.1
9125,Nov,Sharjah,Analytics Suite,29,1274.91,712.92,36972.4,16297.67,44.1
9126,Oct,Dubai,CRM Platform,47,309.85,193.15,14562.98,5485.01,37.7
9127,Nov,Dubai,Analytics Suite,41,871.9,559.92,35748.1,12791.47,35.8
9128,Feb,Dubai,Enterprise Software,32,552.51,328.22,17680.37,7177.24,40.6
9129,Mar,Sharjah,Enterprise Software,31,509.76,248.69,15802.53,8093.1,51.2
9130,Nov,Abu Dhabi,Enterprise Software,12,1234.46,664.82,14813.51,6835.62,46.1
9131,Dec,Ajman,CRM Platform,9,665.0,326.97,5984.99,3042.28,50.8
9132,Jun,Sharjah,Cloud Storage,7,1096.52,517.75,7675.65,4051.37,52.8
9133,Jul,Riyadh,Analytics Suite,21,480.82,270.47,10097.29,4417.35,43.7
9134,Dec,Sharjah,Cloud Storage,18,588.85,280.85,10599.25,5543.93,52.3
9135,Mar,Riyadh,Cloud Storage,2,532.71,219.91,1065.41,625.59,58.7
9136,Jul,Dubai,Enterprise Software,19,1828.13,916.72,34734.44,17316.7,49.9
9137,Jul,Ajman,Cloud Storage,22,481.49,200.02,10592.83,6192.3,58.5
9138,Sep,Dubai,Analytics Suite,30,954.87,530.65,28646.16,12726.71,44.4
9139,Aug,Ajman,Cloud Storage,11,873.08,361.22,9603.86,5630.39,58.6
9140,Feb,Abu Dhabi,Cloud Storage,48,1231.31,612.49,59102.79,29703.24,50.3
9141,Mar,Riyadh,Cloud Storage,4,874.07,349.86,3496.28,2096.83,60.0
9142,Jul,Sharjah,Enterprise Software,37,898.88,500.76,33258.63,14730.53,44.3
9143,Sep,Sharjah,Security Package,17,690.55,336.86,11739.43,6012.83,51.2
9144,May,Abu Dhabi,CRM Platform,38,1832.54,766.09,69636.6,40525.19,58.2
9145,Nov,Dubai,Enterprise Software,11,259.74,140.89,2857.11,1307.32,45.8
9146,Dec,Ajman,CRM Platform,3,735.46,468.42,2206.37,801.11,36.3
9147,Apr,Ajman,Cloud Storage,12,373.86,183.43,4486.37,2285.16,50.9
9148,Feb,Ajman,Analytics Suite,39,877.35,480.4,34216.8,15481.04,45.2
9149,Jul,Abu Dhabi,Security Package,2,807.18,409.73,1614.36,794.91,49.2
9150,May,Abu Dhabi,Enterprise Software,44,1633.84,764.02,71888.91,38272.16,53.2
9151,Jan,Abu Dhabi,Cloud Storage,32,1688.26,1056.04,54024.18,20230.94,37.4
9152,Nov,Abu Dhabi,Enterprise Software,3,1877.19,965.54,5631.56,2734.95,48.6
9153,Sep,Abu Dhabi,Cloud Storage,30,656.84,415.64,19705.09,7235.83,36.7
9154,Sep,Riyadh,Analytics Suite,37,546.46,273.26,20219.07,10108.45,50.0
9155,Sep,Sharjah,Cloud Storage,47,915.51,384.98,43029.0,24934.86,57.9
9156,Nov,Ajman,CRM Platform,34,1010.39,458.07,34353.35,18779.05,54.7
9157,Jan,Riyadh,Security Package,8,386.9,232.77,3095.17,1233.0,39.8
9158,Mar,Dubai,Analytics Suite,44,1881.65,823.41,82792.61,46562.7,56.2
9159,Apr,Abu Dhabi,Security Package,24,1862.89,821.72,44709.41,24988.1,55.9
9160,Aug,Abu Dhabi,CRM Platform,22,279.62,131.88,6151.74,3250.39,52.8
9161,Jul,Riyadh,Enterprise Software,42,635.88,284.1,26706.86,14774.8,55.3
9162,Nov,Sharjah,Security Package,40,918.42,424.85,36736.8,19742.85,53.7
9163,Feb,Dubai,Analytics Suite,46,504.77,215.14,23219.32,13323.07,57.4
9164,Nov,Sharjah,Analytics Suite,20,433.63,236.93,8672.69,3934.06,45.4
9165,Oct,Abu Dhabi,Security Package,31,300.25,129.16,9307.6,5303.55,57.0
9166,Feb,Sharjah,CRM Platform,48,893.95,542.91,42909.61,16849.94,39.3
9167,Aug,Dubai,Analytics Suite,43,884.1,364.79,38016.27,22330.22,58.7
9168,Nov,Riyadh,CRM Platform,49,1367.28,884.52,66996.9,23655.46,35.3
9169,Feb,Sharjah,Analytics Suite,38,1546.82,911.69,58778.99,24134.91,41.1
9170,Aug,Sharjah,Cloud Storage,30,1760.37,777.62,52811.13,29482.38,55.8
9171,Jan,Ajman,CRM Platform,22,219.1,105.24,4820.17,2504.82,52.0
9172,Aug,Abu Dhabi,Cloud Storage,12,1964.65,920.55,23575.81,12529.19,53.1
9173,Jul,Sharjah,Analytics Suite,1,729.39,430.35,729.39,299.04,41.0
9174,Feb,Sharjah,Enterprise Software,38,1267.69,795.93,48172.36,17927.19,37.2
9175,Dec,Sharjah,CRM Platform,16,516.69,230.72,8267.12,4575.57,55.3
9176,Oct,Ajman,CRM Platform,5,1568.92,657.75,7844.61,4555.88,58.1
9177,Jun,Ajman,Security Package,8,523.47,288.27,4187.76,1881.58,44.9
9178,Mar,Abu Dhabi,CRM Platform,38,338.92,186.14,12878.99,5805.67,45.1
9179,Mar,Abu Dhabi,Cloud Storage,39,455.66,221.92,17770.66,9115.68,51.3
9180,Feb,Riyadh,Analytics Suite,36,997.54,596.19,35911.59,14448.64,40.2
9181,Feb,Ajman,CRM Platform,32,929.39,529.67,29740.35,12791.06,43.0
9182,Nov,Abu Dhabi,Cloud Storage,17,1753.09,1108.43,29802.59,10959.21,36.8
9183,Apr,Riyadh,Security Package,28,979.2,513.99,27417.61,13025.76,47.5
9184,Apr,Riyadh,Cloud Storage,43,708.74,374.53,30475.88,14371.08,47.2
9185,Sep,Abu Dhabi,CRM Platform,14,906.26,506.49,12687.61,5596.79,44.1
9186,Mar,Sharjah,Security Package,25,946.37,474.56,23659.16,11795.2,49.9
9187,Sep,Riyadh,Enterprise Software,2,1066.39,524.99,2132.79,1082.8,50.8
9188,Jan,Sharjah,Cloud Storage,2,289.03,174.25,578.06,229.55,39.7
9189,Jan,Ajman,Analytics Suite,40,563.08,282.83,22523.35,11210.07,49.8
9190,Aug,Dubai,Analytics Suite,1,1313.83,709.57,1313.83,604.26,46.0
9191,Aug,Abu Dhabi,Cloud Storage,6,676.76,386.13,4060.54,1743.78,42.9
9192,May,Abu Dhabi,CRM Platform,29,1683.23,883.2,48813.74,23200.91,47.5
9193,Oct,Riyadh,Cloud Storage,12,1335.55,763.01,16026.56,6870.43,42.9
9194,May,Riyadh,Security Package,37,789.91,347.13,29226.71,16383.01,56.1
9195,Oct,Ajman,Cloud Storage,16,1512.08,892.45,24193.31,9914.1,41.0
9196,Sep,Ajman,Security Package,14,454.36,216.88,6360.99,3324.61,52.3
9197,Sep,Ajman,Cloud Storage,6,1607.56,891.02,9645.39,4299.29,44.6
9198,Sep,Sharjah,Security Package,7,1335.12,756.71,9345.87,4048.92,43.3
9199,Jan,Dubai,Security Package,38,1638.97,991.11,62280.83,24618.69,39.5
9200,Sep,Dubai,Security Package,36,1502.9,699.89,54104.25,28908.26,53.4
9201,Apr,Riyadh,Cloud Storage,26,1501.72,764.97,39044.66,19155.39,49.1
9202,Jun,Sharjah,Analytics Suite,9,534.22,261.69,4807.99,2452.8,51.0
9203,Jul,Sharjah,Cloud Storage,32,618.62,268.15,19795.99,11215.17,56.7
9204,Mar,Ajman,Cloud Storage,10,383.44,183.61,3834.36,1998.3,52.1
9205,Mar,Sharjah,Cloud Storage,21,290.33,123.13,6096.98,3511.35,57.6
9206,Apr,Riyadh,Security Package,50,1772.76,960.26,88637.96,40625.03,45.8
9207,Jun,Ajman,Analytics Suite,7,353.62,200.25,2475.34,1073.62,43.4
9208,Jul,Sharjah,Enterprise Software,1,1183.96,524.94,1183.96,659.03,55.7
9209,Jun,Sharjah,Security Package,7,604.53,329.63,4231.7,1924.3,45.5
9210,Dec,Ajman,Enterprise Software,22,1690.29,812.91,37186.46,19302.5,51.9
9211,Jul,Abu Dhabi,Security Package,26,1538.97,964.46,40013.16,14937.31,37.3
9212,Nov,Ajman,Enterprise Software,6,1121.67,508.17,6729.99,3680.97,54.7
9213,Aug,Abu Dhabi,Enterprise Software,10,547.96,297.72,5479.55,2502.31,45.7
9214,Sep,Riyadh,Enterprise Software,17,1952.08,941.69,33185.32,17176.59,51.8
9215,Jul,Sharjah,Enterprise Software,14,978.74,561.56,13702.3,5840.4,42.6
9216,Feb,Riyadh,Analytics Suite,25,1024.63,598.74,25615.7,10647.07,41.6
9217,Jun,Ajman,Analytics Suite,40,1313.59,772.47,52543.7,21644.91,41.2
9218,Jul,Dubai,Security Package,27,1253.54,628.64,33845.65,16872.28,49.9
9219,Apr,Abu Dhabi,Cloud Storage,25,694.53,331.0,17363.25,9088.15,52.3
9220,Nov,Riyadh,Analytics Suite,7,1725.58,791.39,12079.08,6539.32,54.1
9221,Apr,Dubai,Analytics Suite,44,653.49,286.73,28753.78,16137.5,56.1
9222,Jul,Riyadh,Enterprise Software,10,973.69,418.6,9736.85,5550.88,57.0
9223,May,Ajman,CRM Platform,46,1821.23,795.84,83776.49,47167.96,56.3
9224,Mar,Abu Dhabi,Enterprise Software,44,742.73,476.66,32680.28,11707.2,35.8
9225,Aug,Dubai,Security Package,13,1951.92,825.98,25374.91,14637.24,57.7
9226,Apr,Riyadh,Enterprise Software,17,998.76,425.46,16978.96,9746.11,57.4
9227,Jan,Sharjah,Enterprise Software,43,517.98,327.38,22273.24,8195.92,36.8
9228,Dec,Riyadh,Cloud Storage,36,788.47,415.15,28384.93,13439.44,47.3
9229,Mar,Abu Dhabi,Cloud Storage,31,382.02,181.31,11842.58,6222.03,52.5
9230,Feb,Abu Dhabi,Analytics Suite,14,772.09,391.16,10809.24,5333.04,49.3
9231,Apr,Abu Dhabi,Analytics Suite,5,1454.19,931.79,7270.96,2612.02,35.9
9232,Jul,Riyadh,Enterprise Software,15,1873.58,841.05,28103.69,15487.97,55.1
9233,Aug,Sharjah,Analytics Suite,41,353.21,172.94,14481.43,7390.88,51.0
9234,Apr,Sharjah,Cloud Storage,41,1340.77,853.07,54971.43,19995.67,36.4
9235,May,Abu Dhabi,Analytics Suite,7,1072.58,539.01,7508.03,3734.93,49.7
9236,Dec,Riyadh,Cloud Storage,44,464.81,232.18,20451.59,10235.72,50.0
9237,Oct,Riyadh,Cloud Storage,42,1265.36,735.75,53145.19,22243.49,41.9
9238,Dec,Sharjah,Security Package,3,512.7,270.74,1538.11,725.9,47.2
9239,Aug,Sharjah,Analytics Suite,8,1413.71,713.08,11309.65,5605.01,49.6
9240,Nov,Dubai,Security Package,42,1125.61,474.24,47275.52,27357.43,57.9
9241,May,Abu Dhabi,Analytics Suite,39,1289.08,550.05,50274.29,28822.52,57.3
9242,Apr,Sharjah,Analytics Suite,47,952.81,404.9,44782.24,25751.88,57.5
9243,Jul,Abu Dhabi,Security Package,8,1616.05,813.79,12928.37,6418.05,49.6
9244,Feb,Sharjah,CRM Platform,28,380.84,230.98,10663.54,4196.01,39.3
9245,Apr,Sharjah,Analytics Suite,15,1014.82,410.96,15222.23,9057.84,59.5
9246,Aug,Abu Dhabi,CRM Platform,6,428.7,246.59,2572.18,1092.67,42.5
9247,Jul,Ajman,Enterprise Software,39,1555.2,954.28,60652.96,23435.92,38.6
9248,Mar,Abu Dhabi,Enterprise Software,7,1016.17,540.77,7113.21,3327.83,46.8
9249,Jan,Riyadh,Analytics Suite,43,1437.44,798.43,61810.05,27477.76,44.5
9250,Oct,Ajman,Cloud Storage,28,1003.35,436.66,28093.74,15867.28,56.5
9251,Feb,Dubai,Analytics Suite,36,974.06,538.86,35066.13,15667.05,44.7
9252,Feb,Dubai,Security Package,42,878.63,448.93,36902.27,18047.15,48.9
9253,Dec,Ajman,Analytics Suite,45,1884.81,935.4,84816.42,42723.59,50.4
9254,May,Sharjah,CRM Platform,1,1799.57,1117.31,1799.57,682.26,37.9
9255,Nov,Riyadh,Cloud Storage,24,820.14,507.87,19683.27,7494.3,38.1
9256,Jun,Ajman,Analytics Suite,1,668.89,407.68,668.89,261.22,39.1
9257,May,Ajman,Enterprise Software,46,621.15,379.78,28572.86,11102.86,38.9
9258,Apr,Sharjah,Enterprise Software,39,1771.48,764.26,69087.83,39281.61,56.9
9259,Jun,Ajman,CRM Platform,19,822.25,414.86,15622.74,7740.42,49.5
9260,Oct,Riyadh,Enterprise Software,19,360.22,155.75,6844.23,3884.91,56.8
9261,Jun,Dubai,Security Package,26,553.92,315.35,14401.87,6202.8,43.1
9262,Sep,Dubai,Cloud Storage,22,1363.39,600.05,29994.5,16793.44,56.0
9263,Apr,Riyadh,Cloud Storage,8,1892.99,827.51,15143.92,8523.87,56.3
9264,Aug,Riyadh,CRM Platform,33,589.14,356.86,19441.47,7664.93,39.4
9265,Jun,Sharjah,Cloud Storage,35,1458.7,828.23,51054.64,22066.53,43.2
9266,Feb,Riyadh,Security Package,39,1033.84,613.9,40319.57,16377.59,40.6
9267,Sep,Ajman,Cloud Storage,24,1121.27,558.34,26910.37,13510.29,50.2
9268,Mar,Riyadh,Cloud Storage,22,1482.73,851.69,32619.97,13882.69,42.6
9269,Aug,Sharjah,Cloud Storage,45,932.57,471.17,41965.83,20763.29,49.5
9270,Aug,Abu Dhabi,Security Package,7,338.29,204.02,2368.02,939.87,39.7
9271,Apr,Ajman,Analytics Suite,41,816.49,481.19,33475.95,13747.04,41.1
9272,Oct,Sharjah,Cloud Storage,18,1865.44,1122.43,33577.97,13374.2,39.8
9273,Sep,Ajman,Security Package,40,806.39,479.49,32255.76,13076.16,40.5
9274,May,Abu Dhabi,Security Package,35,943.41,561.75,33019.35,13358.02,40.5
9275,Oct,Dubai,Security Package,47,1031.09,451.22,48461.3,27253.8,56.2
9276,Dec,Sharjah,Analytics Suite,41,698.09,357.19,28621.53,13976.8,48.8
9277,May,Abu Dhabi,Security Package,15,353.27,220.54,5299.06,1991.0,37.6
9278,Mar,Dubai,Analytics Suite,5,841.2,401.68,4206.01,2197.62,52.2
9279,Jul,Dubai,Security Package,30,1716.74,749.8,51502.26,29008.23,56.3
9280,Jun,Abu Dhabi,Security Package,32,671.06,320.3,21474.01,11224.26,52.3
9281,Dec,Sharjah,Cloud Storage,43,1445.19,808.09,62143.35,27395.6,44.1
9282,Apr,Ajman,Enterprise Software,24,652.68,336.44,15664.26,7589.79,48.5
9283,Jan,Ajman,Cloud Storage,29,1620.84,915.33,47004.26,20459.77,43.5
9284,Oct,Ajman,Security Package,32,776.85,440.3,24859.16,10769.6,43.3
9285,Jan,Dubai,Security Package,26,1467.19,716.59,38146.88,19515.6,51.2
9286,May,Dubai,Security Package,2,1077.8,653.84,2155.6,847.92,39.3
9287,Jul,Abu Dhabi,Analytics Suite,7,852.59,349.94,5968.16,3518.59,59.0
9288,Aug,Dubai,Enterprise Software,4,1124.07,608.01,4496.29,2064.26,45.9
9289,Oct,Abu Dhabi,Enterprise Software,10,1681.27,709.51,16812.66,9717.55,57.8
9290,Jan,Abu Dhabi,Security Package,1,522.81,299.08,522.81,223.73,42.8
9291,Dec,Dubai,Enterprise Software,6,746.93,346.71,4481.58,2401.33,53.6
9292,Oct,Ajman,Cloud Storage,37,298.67,145.41,11050.62,5670.53,51.3
9293,Mar,Sharjah,Analytics Suite,16,1066.85,476.83,17069.61,9440.39,55.3
9294,May,Riyadh,Enterprise Software,40,1928.31,1009.73,77132.48,36743.3,47.6
9295,Jun,Ajman,Analytics Suite,25,1870.87,880.81,46771.86,24751.69,52.9
9296,Apr,Abu Dhabi,CRM Platform,13,579.33,368.38,7531.24,2742.29,36.4
9297,May,Riyadh,Security Package,47,1759.72,854.63,82706.87,42539.25,51.4
9298,Apr,Riyadh,Enterprise Software,46,723.72,325.64,33291.16,18311.55,55.0
9299,Mar,Dubai,Security Package,19,360.55,147.93,6850.49,4039.83,59.0
9300,Jul,Ajman,Enterprise Software,43,1587.72,736.18,68272.11,36616.42,53.6
9301,Jan,Sharjah,Security Package,13,859.05,503.46,11167.68,4622.66,41.4
9302,Feb,Abu Dhabi,Analytics Suite,32,1429.13,835.79,45732.16,18986.99,41.5
9303,May,Abu Dhabi,Cloud Storage,46,1437.08,658.8,66105.89,35800.93,54.2
9304,Feb,Dubai,CRM Platform,36,1495.48,654.97,53837.29,30258.45,56.2
9305,Mar,Dubai,Security Package,6,1641.51,931.78,9849.08,4258.4,43.2
9306,Oct,Ajman,Cloud Storage,11,1930.85,804.7,21239.34,12387.69,58.3
9307,Nov,Ajman,CRM Platform,43,1137.85,647.2,48927.5,21098.01,43.1
9308,Jan,Dubai,Security Package,10,1865.79,856.18,18657.95,10096.11,54.1
9309,Apr,Riyadh,Security Package,26,1995.01,1137.12,51870.14,22305.14,43.0
9310,Nov,Dubai,Cloud Storage,23,1009.52,626.59,23218.88,8807.2,37.9
9311,Jul,Abu Dhabi,Analytics Suite,20,686.78,285.67,13735.55,8022.12,58.4
9312,Nov,Dubai,Security Package,44,540.66,255.73,23788.98,12536.91,52.7
9313,Sep,Ajman,Cloud Storage,26,648.22,418.06,16853.83,5984.18,35.5
9314,May,Ajman,Cloud Storage,2,1394.41,638.48,2788.82,1511.86,54.2
9315,Mar,Sharjah,Security Package,4,605.86,314.27,2423.44,1166.35,48.1
9316,Feb,Sharjah,Security Package,17,777.4,428.97,13215.77,5923.29,44.8
9317,Nov,Riyadh,Enterprise Software,13,1319.78,648.41,17157.13,8727.76,50.9
9318,Sep,Ajman,Cloud Storage,25,1308.28,724.42,32707.12,14596.64,44.6
9319,Nov,Abu Dhabi,Security Package,6,244.21,149.59,1465.23,567.72,38.7
9320,Apr,Ajman,Cloud Storage,14,1855.42,827.66,25975.87,14388.61,55.4
9321,Apr,Ajman,Analytics Suite,49,731.88,415.31,35861.99,15511.7,43.3
9322,Oct,Abu Dhabi,Analytics Suite,25,904.18,500.85,22604.46,10083.09,44.6
9323,Sep,Abu Dhabi,Cloud Storage,24,1186.12,689.3,28466.77,11923.64,41.9
9324,Feb,Abu Dhabi,Enterprise Software,1,1424.17,609.51,1424.17,814.66,57.2
9325,May,Sharjah,Analytics Suite,50,754.71,462.11,37735.69,14629.96,38.8
9326,Mar,Ajman,Security Package,1,1003.85,415.83,1003.85,588.02,58.6
9327,Aug,Dubai,Security Package,1,1952.32,1112.1,1952.32,840.22,43.0
9328,Dec,Abu Dhabi,Enterprise Software,42,1013.72,488.66,42576.05,22052.21,51.8
9329,Mar,Riyadh,Enterprise Software,23,1599.27,938.86,36783.23,15189.51,41.3
9330,Apr,Riyadh,Security Package,37,333.99,213.85,12357.7,4445.18,36.0
9331,Jan,Abu Dhabi,Cloud Storage,45,693.75,402.91,31218.79,13087.66,41.9
9332,Mar,Abu Dhabi,CRM Platform,33,1571.49,650.12,51859.17,30405.16,58.6
9333,Aug,Abu Dhabi,Security Package,12,1271.79,768.65,15261.49,6037.65,39.6
9334,Jun,Ajman,Analytics Suite,8,480.37,217.92,3842.97,2099.6,54.6
9335,Aug,Dubai,Enterprise Software,49,1293.05,766.17,63359.39,25816.98,40.7
9336,Dec,Abu Dhabi,Cloud Storage,2,1634.16,718.36,3268.32,1831.6,56.0
9337,Jul,Dubai,CRM Platform,28,986.43,525.9,27620.01,12894.84,46.7
9338,Feb,Riyadh,Cloud Storage,11,1080.38,545.02,11884.22,5888.95,49.6
9339,Apr,Dubai,Cloud Storage,20,855.96,532.95,17119.18,6460.11,37.7
9340,Mar,Sharjah,Security Package,41,1320.61,649.59,54145.16,27512.15,50.8
9341,Jul,Ajman,Analytics Suite,11,315.08,201.21,3465.85,1252.57,36.1
9342,Oct,Riyadh,Analytics Suite,3,1250.24,729.5,3750.71,1562.2,41.7
9343,Feb,Sharjah,Analytics Suite,49,737.39,362.15,36132.25,18386.98,50.9
9344,Jul,Abu Dhabi,CRM Platform,13,1559.52,920.44,20273.71,8307.95,41.0
9345,Jul,Abu Dhabi,Analytics Suite,19,1585.37,774.41,30121.96,15408.18,51.2
9346,Aug,Ajman,Analytics Suite,28,951.85,465.95,26651.74,13605.03,51.0
9347,Aug,Sharjah,CRM Platform,47,208.06,89.34,9778.63,5579.66,57.1
9348,Jan,Ajman,Analytics Suite,26,1035.13,602.88,26913.29,11238.34,41.8
9349,May,Riyadh,CRM Platform,22,319.92,157.88,7038.17,3564.73,50.6
9350,Oct,Dubai,Analytics Suite,9,1772.31,1082.57,15950.8,6207.65,38.9
9351,Aug,Ajman,Security Package,1,758.73,334.92,758.73,423.81,55.9
9352,Oct,Sharjah,CRM Platform,32,1311.19,539.68,41958.2,24688.35,58.8
9353,May,Riyadh,Enterprise Software,45,915.37,558.21,41191.72,16072.37,39.0
9354,Sep,Ajman,Cloud Storage,46,1607.97,976.33,73966.79,29055.76,39.3
9355,Jan,Riyadh,Analytics Suite,46,732.35,369.38,33688.15,16696.44,49.6
9356,Jan,Ajman,Analytics Suite,41,1350.59,549.56,55374.29,32842.45,59.3
9357,Mar,Riyadh,Cloud Storage,22,514.61,229.57,11321.34,6270.77,55.4
9358,Jan,Abu Dhabi,Security Package,12,1245.53,707.46,14946.38,6456.9,43.2
9359,Dec,Sharjah,Analytics Suite,25,1962.32,1216.07,49057.88,18656.11,38.0
9360,Jul,Abu Dhabi,CRM Platform,16,783.53,454.24,12536.44,5268.63,42.0
9361,Aug,Sharjah,Security Package,17,1262.2,653.6,21457.41,10346.27,48.2
9362,Nov,Dubai,Analytics Suite,7,436.8,239.95,3057.58,1377.92,45.1
9363,Jun,Sharjah,Analytics Suite,49,1649.85,906.71,80842.74,36413.72,45.0
9364,Apr,Riyadh,Analytics Suite,41,1981.85,905.24,81255.86,44141.22,54.3
9365,Oct,Riyadh,Analytics Suite,39,1329.17,732.02,51837.53,23288.73,44.9
9366,Jul,Riyadh,Enterprise Software,38,825.41,524.96,31365.45,11417.12,36.4
9367,Mar,Riyadh,Analytics Suite,9,1190.22,616.98,10712.02,5159.23,48.2
9368,Mar,Sharjah,Enterprise Software,1,1228.42,504.93,1228.42,723.49,58.9
9369,Aug,Riyadh,Enterprise Software,43,743.47,404.29,31969.26,14584.65,45.6
9370,Feb,Abu Dhabi,Enterprise Software,6,716.84,395.56,4301.01,1927.67,44.8
9371,Jul,Abu Dhabi,Cloud Storage,2,1216.16,671.97,2432.31,1088.36,44.7
9372,Jun,Dubai,Enterprise Software,43,205.26,116.62,8826.26,3811.72,43.2
9373,Jul,Sharjah,Security Package,41,1729.28,959.08,70900.5,31578.17,44.5
9374,Jan,Ajman,Analytics Suite,2,1724.41,845.89,3448.83,1757.05,50.9
9375,Sep,Ajman,Analytics Suite,14,671.11,381.25,9395.47,4057.93,43.2
9376,Oct,Sharjah,Analytics Suite,48,690.59,291.61,33148.49,19151.44,57.8
9377,Jan,Sharjah,Cloud Storage,44,1116.06,528.57,49106.82,25849.73,52.6
9378,Mar,Dubai,Security Package,35,1328.93,846.94,46512.52,16869.75,36.3
9379,Oct,Sharjah,Analytics Suite,3,1699.69,912.39,5099.06,2361.9,46.3
9380,Jun,Abu Dhabi,Analytics Suite,3,1470.97,702.69,4412.9,2304.82,52.2
9381,Oct,Sharjah,Enterprise Software,4,1232.78,634.27,4931.11,2394.05,48.5
9382,Jan,Ajman,CRM Platform,29,1691.12,921.35,49042.43,22323.37,45.5
9383,Nov,Ajman,Enterprise Software,26,366.82,208.21,9537.24,4123.85,43.2
9384,Feb,Riyadh,Analytics Suite,14,1568.79,947.66,21963.07,8695.87,39.6
9385,May,Abu Dhabi,Security Package,36,568.96,348.18,20482.68,7948.14,38.8
9386,Oct,Sharjah,Analytics Suite,24,1168.57,514.21,28045.72,15704.76,56.0
9387,Dec,Ajman,Enterprise Software,27,1249.45,764.21,33735.07,13101.53,38.8
9388,Oct,Abu Dhabi,CRM Platform,43,398.75,196.84,17146.45,8682.15,50.6
9389,Oct,Riyadh,Analytics Suite,2,982.93,398.29,1965.86,1169.27,59.5
9390,Aug,Riyadh,Cloud Storage,28,423.95,170.72,11870.68,7090.45,59.7
9391,Feb,Abu Dhabi,Analytics Suite,43,447.51,282.26,19242.97,7105.98,36.9
9392,Oct,Sharjah,Analytics Suite,46,1599.79,873.3,73590.16,33418.44,45.4
9393,Apr,Sharjah,CRM Platform,46,669.66,311.62,30804.27,16469.86,53.5
9394,Jun,Abu Dhabi,Security Package,41,1388.8,625.11,56940.95,31311.29,55.0
9395,Oct,Ajman,Analytics Suite,33,1450.98,677.82,47882.42,25514.49,53.3
9396,Dec,Dubai,Cloud Storage,35,1523.85,948.82,53334.69,20125.85,37.7
9397,Jan,Riyadh,CRM Platform,8,1210.09,510.83,9680.73,5594.09,57.8
9398,Dec,Dubai,Enterprise Software,15,620.57,321.65,9308.53,4483.8,48.2
9399,Apr,Sharjah,Cloud Storage,13,368.77,169.19,4794.03,2594.62,54.1
9400,Nov,Sharjah,Enterprise Software,29,222.41,114.84,6450.0,3119.68,48.4
9401,Aug,Dubai,Cloud Storage,33,1073.29,590.76,35418.51,15923.34,45.0
9402,Dec,Abu Dhabi,Cloud Storage,33,1073.56,647.63,35427.6,14055.93,39.7
9403,Dec,Dubai,Security Package,5,545.57,347.46,2727.84,990.54,36.3
9404,Sep,Abu Dhabi,Enterprise Software,10,525.89,217.48,5258.89,3084.1,58.6
9405,May,Sharjah,Security Package,43,1665.42,765.77,71612.93,38684.9,54.0
9406,Oct,Sharjah,Enterprise Software,32,1126.83,697.72,36058.66,13731.52,38.1
9407,Jul,Riyadh,Enterprise Software,17,1255.03,651.3,21335.55,10263.41,48.1
9408,Mar,Dubai,Analytics Suite,43,1766.67,1144.64,75966.63,26747.31,35.2
9409,Jan,Riyadh,Enterprise Software,46,1607.13,896.78,73928.09,32676.27,44.2
9410,Mar,Riyadh,Analytics Suite,9,694.99,294.94,6254.89,3600.48,57.6
9411,Sep,Dubai,Enterprise Software,50,1376.26,876.1,68813.05,25008.0,36.3
9412,Apr,Abu Dhabi,Enterprise Software,32,1085.95,509.25,34750.4,18454.46,53.1
9413,Apr,Sharjah,Enterprise Software,4,1711.33,1000.64,6845.32,2842.76,41.5
9414,Mar,Ajman,Security Package,22,1472.98,824.54,32405.5,14265.56,44.0
9415,Apr,Ajman,Cloud Storage,16,1859.12,985.59,29745.95,13976.46,47.0
9416,Sep,Abu Dhabi,CRM Platform,11,1568.11,645.62,17249.16,10147.35,58.8
9417,Oct,Sharjah,Cloud Storage,45,1075.71,542.82,48407.16,23980.23,49.5
9418,Jul,Sharjah,Analytics Suite,12,346.4,171.93,4156.8,2093.6,50.4
9419,Nov,Ajman,Enterprise Software,4,950.71,390.64,3802.85,2240.3,58.9
9420,Mar,Abu Dhabi,Enterprise Software,18,217.74,132.81,3919.39,1528.79,39.0
9421,May,Ajman,CRM Platform,47,1346.09,652.13,63266.23,32616.11,51.6
9422,Mar,Abu Dhabi,CRM Platform,37,430.16,253.41,15916.09,6540.1,41.1
9423,Jan,Abu Dhabi,Analytics Suite,41,1736.63,740.18,71201.64,40854.21,57.4
9424,Oct,Sharjah,Analytics Suite,25,1175.18,672.41,29379.58,12569.4,42.8
9425,Jan,Riyadh,Analytics Suite,38,438.65,237.25,16668.79,7653.39,45.9
9426,Sep,Riyadh,Analytics Suite,38,1874.72,870.14,71239.21,38173.94,53.6
9427,May,Sharjah,Security Package,48,1268.84,552.2,60904.24,34398.72,56.5
9428,Mar,Sharjah,CRM Platform,43,1818.71,752.52,78204.33,45846.04,58.6
9429,May,Ajman,Analytics Suite,9,1422.0,727.98,12797.98,6246.16,48.8
9430,Apr,Sharjah,CRM Platform,37,662.84,265.45,24524.91,14703.32,60.0
9431,Jun,Sharjah,CRM Platform,7,1771.39,841.88,12399.74,6506.59,52.5
9432,Dec,Sharjah,CRM Platform,24,1072.98,567.83,25751.6,12123.78,47.1
9433,Mar,Sharjah,Analytics Suite,21,442.33,275.06,9289.03,3512.69,37.8
9434,Nov,Riyadh,Security Package,26,736.38,353.1,19145.98,9965.47,52.0
9435,Oct,Dubai,Security Package,15,1811.12,837.65,27166.83,14602.16,53.7
9436,Sep,Dubai,CRM Platform,19,479.46,220.26,9109.74,4924.73,54.1
9437,Apr,Riyadh,Enterprise Software,50,986.36,544.81,49317.95,22077.62,44.8
9438,May,Ajman,Analytics Suite,34,593.82,269.39,20189.88,11030.46,54.6
9439,Mar,Ajman,CRM Platform,48,1598.95,815.99,76749.76,37582.47,49.0
9440,May,Dubai,Analytics Suite,10,493.81,211.79,4938.13,2820.18,57.1
9441,Dec,Sharjah,Enterprise Software,14,1733.26,986.83,24265.61,10449.99,43.1
9442,Mar,Sharjah,Enterprise Software,19,1054.65,469.43,20038.39,11119.16,55.5
9443,Jan,Ajman,Cloud Storage,29,735.54,306.87,21330.66,12431.3,58.3
9444,Apr,Ajman,Analytics Suite,31,288.73,164.2,8950.77,3860.49,43.1
9445,Mar,Ajman,Cloud Storage,16,1272.37,803.08,20357.91,7508.64,36.9
9446,Aug,Riyadh,Security Package,30,577.53,369.05,17325.81,6254.43,36.1
9447,Jan,Abu Dhabi,Enterprise Software,34,814.65,433.69,27698.03,12952.68,46.8
9448,Jun,Ajman,Analytics Suite,44,1871.93,1166.47,82364.89,31040.35,37.7
9449,Apr,Abu Dhabi,CRM Platform,11,1905.49,1013.46,20960.44,9812.38,46.8
9450,Feb,Sharjah,Analytics Suite,47,309.69,164.39,14555.34,6828.93,46.9
9451,Dec,Riyadh,Security Package,45,1241.16,798.45,55852.31,19921.98,35.7
9452,Feb,Dubai,Security Package,7,1638.21,901.69,11467.5,5155.67,45.0
9453,Sep,Sharjah,Cloud Storage,8,1094.45,680.97,8755.59,3307.85,37.8
9454,May,Riyadh,Cloud Storage,9,1604.05,642.45,14436.45,8654.4,59.9
9455,Apr,Sharjah,Cloud Storage,43,1852.83,1086.31,79671.48,32959.94,41.4
9456,Apr,Sharjah,Analytics Suite,20,551.84,259.89,11036.79,5839.04,52.9
9457,Oct,Ajman,Enterprise Software,29,429.71,173.24,12461.67,7437.81,59.7
9458,Nov,Dubai,Security Package,14,533.44,233.16,7468.15,4203.98,56.3
9459,Jan,Abu Dhabi,Enterprise Software,40,1361.38,776.22,54455.33,23406.42,43.0
9460,Feb,Ajman,Cloud Storage,25,546.89,237.05,13672.19,7746.06,56.7
9461,Nov,Abu Dhabi,Enterprise Software,34,1379.6,781.18,46906.42,20346.33,43.4
9462,May,Abu Dhabi,Analytics Suite,31,1104.91,673.72,34252.14,13366.82,39.0
9463,Feb,Dubai,CRM Platform,9,350.41,219.44,3153.68,1178.76,37.4
9464,Oct,Sharjah,CRM Platform,35,1896.38,963.21,66373.35,32661.09,49.2
9465,Jan,Riyadh,Enterprise Software,10,745.92,319.16,7459.19,4267.61,57.2
9466,Aug,Riyadh,Cloud Storage,49,493.1,231.88,24161.99,12799.92,53.0
9467,Mar,Riyadh,Analytics Suite,3,993.18,538.93,2979.53,1362.73,45.7
9468,Mar,Dubai,Analytics Suite,35,578.91,244.59,20261.73,11701.03,57.7
9469,Aug,Riyadh,CRM Platform,33,1237.27,527.93,40830.01,23408.44,57.3
9470,Jan,Ajman,Analytics Suite,7,1782.61,734.58,12478.27,7336.23,58.8
9471,May,Sharjah,Analytics Suite,2,1552.57,802.2,3105.14,1500.74,48.3
9472,Feb,Ajman,Enterprise Software,43,1757.53,800.68,75573.85,41144.82,54.4
9473,Jun,Ajman,Cloud Storage,31,862.21,350.16,26728.38,15873.3,59.4
9474,Apr,Dubai,Enterprise Software,25,1748.49,1027.41,43712.21,18026.9,41.2
9475,May,Sharjah,CRM Platform,16,1254.06,793.59,20064.89,7367.45,36.7
9476,Sep,Ajman,Cloud Storage,18,1743.71,894.1,31386.7,15292.95,48.7
9477,May,Dubai,Security Package,24,1105.26,681.33,26526.14,10174.23,38.4
9478,Mar,Abu Dhabi,Enterprise Software,7,513.27,308.59,3592.86,1432.71,39.9
9479,Apr,Riyadh,Cloud Storage,27,548.65,336.5,14813.55,5728.13,38.7
9480,Feb,Abu Dhabi,Analytics Suite,6,450.82,255.14,2704.94,1174.1,43.4
9481,Dec,Dubai,Cloud Storage,6,294.89,146.02,1769.36,893.24,50.5
9482,Jan,Abu Dhabi,CRM Platform,24,266.7,158.84,6400.88,2588.63,40.4
9483,Dec,Sharjah,Security Package,12,1417.68,623.8,17012.16,9526.52,56.0
9484,Mar,Abu Dhabi,Security Package,21,706.43,439.74,14835.07,5600.64,37.8
9485,Dec,Ajman,Analytics Suite,44,701.43,346.52,30862.77,15616.1,50.6
9486,Oct,Dubai,CRM Platform,6,734.41,358.74,4406.46,2254.02,51.2
9487,Apr,Riyadh,Enterprise Software,25,808.99,395.39,20224.71,10339.89,51.1
9488,Apr,Sharjah,Cloud Storage,29,486.57,313.54,14110.62,5018.06,35.6
9489,Aug,Ajman,CRM Platform,25,1541.64,665.1,38541.02,21913.63,56.9
9490,Jul,Ajman,CRM Platform,5,1087.42,610.05,5437.1,2386.86,43.9
9491,May,Riyadh,Enterprise Software,23,1991.07,963.35,45794.61,23637.64,51.6
9492,May,Abu Dhabi,Cloud Storage,47,1562.27,895.21,73426.53,31351.58,42.7
9493,Jul,Sharjah,Security Package,17,1946.16,850.14,33084.74,18632.33,56.3
9494,Aug,Sharjah,Security Package,35,294.68,137.9,10313.72,5487.38,53.2
9495,Oct,Ajman,Enterprise Software,42,1868.51,766.09,78477.23,46301.53,59.0
9496,Sep,Abu Dhabi,Analytics Suite,40,1074.47,683.77,42978.94,15628.26,36.4
9497,Jul,Dubai,Enterprise Software,3,421.15,208.48,1263.45,638.02,50.5
9498,Oct,Sharjah,Cloud Storage,39,866.94,547.68,33810.59,12450.91,36.8
9499,May,Dubai,Analytics Suite,12,659.12,279.04,7909.46,4561.02,57.7
9500,Apr,Dubai,Analytics Suite,41,1037.56,668.12,42539.93,15147.09,35.6
9501,Jul,Dubai,Security Package,36,248.15,149.18,8933.41,3563.1,39.9
9502,Sep,Abu Dhabi,Analytics Suite,46,1547.03,963.96,71163.46,26821.27,37.7
9503,Jul,Riyadh,Cloud Storage,17,777.24,434.02,13213.01,5834.71,44.2
9504,Oct,Ajman,Analytics Suite,29,1234.03,731.76,35786.82,14565.71,40.7
9505,Mar,Ajman,Analytics Suite,23,1520.57,958.71,34973.14,12922.79,37.0
9506,Dec,Riyadh,Enterprise Software,50,1726.66,782.61,86332.98,47202.64,54.7
9507,Aug,Riyadh,Cloud Storage,21,926.46,429.83,19455.56,10429.07,53.6
9508,Jun,Ajman,Security Package,4,1652.24,1028.45,6608.95,2495.16,37.8
9509,Nov,Ajman,Security Package,28,1833.32,953.88,51333.05,24624.35,48.0
9510,Apr,Abu Dhabi,Analytics Suite,4,1566.87,668.66,6267.48,3592.84,57.3
9511,Sep,Riyadh,Enterprise Software,26,1934.15,1026.28,50287.84,23604.63,46.9
9512,Jun,Riyadh,Analytics Suite,7,393.54,251.29,2754.76,995.71,36.1
9513,Nov,Riyadh,Cloud Storage,11,1646.23,828.35,18108.51,8996.63,49.7
9514,Oct,Dubai,Security Package,38,477.74,231.25,18154.3,9366.7,51.6
9515,Feb,Abu Dhabi,CRM Platform,2,1778.61,1033.31,3557.23,1490.61,41.9
9516,Oct,Riyadh,Analytics Suite,42,894.17,428.79,37555.25,19545.93,52.0
9517,Jun,Riyadh,CRM Platform,29,300.06,135.32,8701.69,4777.43,54.9
9518,Oct,Abu Dhabi,Enterprise Software,46,642.23,269.15,29542.74,17162.07,58.1
9519,May,Dubai,Enterprise Software,20,1652.6,774.07,33051.94,17570.46,53.2
9520,Aug,Dubai,Security Package,11,1478.08,898.4,16258.87,6376.45,39.2
9521,Nov,Sharjah,Enterprise Software,4,580.39,303.7,2321.56,1106.76,47.7
9522,Jul,Riyadh,Enterprise Software,37,1605.17,731.21,59391.4,32336.62,54.4
9523,May,Riyadh,Security Package,3,327.52,138.49,982.57,567.09,57.7
9524,Jan,Dubai,Cloud Storage,49,647.17,373.24,31711.12,13422.5,42.3
9525,Aug,Dubai,Security Package,7,1152.25,579.61,8065.74,4008.45,49.7
9526,Jan,Ajman,Security Package,36,1037.47,622.4,37348.9,14942.49,40.0
9527,Apr,Abu Dhabi,CRM Platform,41,390.04,196.6,15991.67,7931.27,49.6
9528,Aug,Riyadh,Cloud Storage,23,1297.31,677.96,29838.17,14245.2,47.7
9529,Feb,Ajman,Enterprise Software,3,229.2,114.59,687.61,343.85,50.0
9530,Aug,Riyadh,CRM Platform,19,292.77,160.61,5562.56,2510.93,45.1
9531,Feb,Ajman,Enterprise Software,33,587.74,289.52,19395.5,9841.31,50.7
9532,Dec,Ajman,CRM Platform,5,1179.52,583.25,5897.61,2981.35,50.6
9533,Jun,Dubai,Security Package,16,1659.39,680.77,26550.26,15657.92,59.0
9534,Jan,Ajman,Enterprise Software,7,211.11,92.34,1477.76,831.36,56.3
9535,Dec,Abu Dhabi,Cloud Storage,8,504.69,251.81,4037.55,2023.05,50.1
9536,Jan,Abu Dhabi,Security Package,21,372.44,218.36,7821.18,3235.62,41.4
9537,Sep,Dubai,Enterprise Software,5,1521.09,823.78,7605.45,3486.54,45.8
9538,Feb,Sharjah,Security Package,1,1609.22,1012.16,1609.22,597.06,37.1
9539,Sep,Ajman,Security Package,31,1717.56,704.06,53244.29,31418.58,59.0
9540,Oct,Dubai,Analytics Suite,20,342.84,204.98,6856.84,2757.34,40.2
9541,Mar,Ajman,Cloud Storage,36,469.67,205.7,16908.3,9503.27,56.2
9542,Jul,Dubai,Security Package,17,1591.42,999.45,27054.09,10063.42,37.2
9543,Sep,Riyadh,Analytics Suite,41,895.06,454.83,36697.56,18049.36,49.2
9544,Feb,Abu Dhabi,Enterprise Software,32,235.57,140.33,7538.21,3047.76,40.4
9545,May,Sharjah,Analytics Suite,39,902.86,434.91,35211.35,18249.7,51.8
9546,Dec,Abu Dhabi,Analytics Suite,11,1821.89,766.85,20040.79,11605.48,57.9
9547,Jun,Riyadh,Cloud Storage,17,1345.72,555.25,22877.32,13438.13,58.7
9548,Oct,Ajman,Analytics Suite,22,203.55,126.21,4478.16,1701.55,38.0
9549,May,Sharjah,Cloud Storage,42,1581.23,798.1,66411.73,32891.56,49.5
9550,Mar,Abu Dhabi,Analytics Suite,15,407.66,210.25,6114.95,2961.25,48.4
9551,Sep,Sharjah,Analytics Suite,29,1095.93,472.6,31781.89,18076.37,56.9
9552,Jan,Abu Dhabi,Cloud Storage,10,229.94,97.15,2299.39,1327.84,57.7
9553,Nov,Abu Dhabi,Security Package,9,225.82,96.31,2032.41,1165.66,57.4
9554,Aug,Riyadh,CRM Platform,28,1697.06,1012.23,47517.79,19175.26,40.4
9555,May,Ajman,Analytics Suite,34,1791.95,796.47,60926.29,33846.28,55.6
9556,Jan,Ajman,Security Package,32,1841.64,1019.78,58932.33,26299.42,44.6
9557,Oct,Dubai,Analytics Suite,28,614.7,353.14,17211.72,7323.72,42.6
9558,Jul,Ajman,CRM Platform,29,1563.76,796.34,45348.99,22255.09,49.1
9559,Jan,Riyadh,CRM Platform,41,481.99,288.23,19761.42,7943.91,40.2
9560,Nov,Riyadh,CRM Platform,20,1719.82,945.13,34396.33,15493.67,45.0
9561,Dec,Dubai,Analytics Suite,32,421.42,212.29,13485.31,6691.99,49.6
9562,May,Riyadh,Analytics Suite,21,1348.31,825.4,28314.51,10981.05,38.8
9563,Jun,Sharjah,CRM Platform,30,1031.27,656.56,30938.12,11241.47,36.3
9564,Feb,Abu Dhabi,CRM Platform,23,555.54,245.45,12777.35,7131.96,55.8
9565,Apr,Riyadh,Security Package,41,1716.18,910.06,70363.38,33051.01,47.0
9566,Mar,Ajman,Cloud Storage,50,512.34,264.94,25617.13,12370.26,48.3
9567,Jun,Ajman,CRM Platform,17,1561.13,832.98,26539.24,12378.6,46.6
9568,Aug,Sharjah,Cloud Storage,20,1583.26,938.26,31665.26,12900.08,40.7
9569,Dec,Sharjah,CRM Platform,20,816.97,382.98,16339.43,8679.76,53.1
9570,Dec,Dubai,Cloud Storage,2,1496.14,656.55,2992.29,1679.18,56.1
9571,Apr,Dubai,Analytics Suite,25,948.29,558.73,23707.26,9738.91,41.1
9572,Jun,Riyadh,Analytics Suite,13,1197.43,644.56,15566.6,7187.36,46.2
9573,Apr,Abu Dhabi,Cloud Storage,20,1621.03,783.32,32420.65,16754.18,51.7
9574,Jun,Abu Dhabi,Cloud Storage,25,951.02,572.77,23775.56,9456.39,39.8
9575,Oct,Abu Dhabi,Security Package,47,1577.32,952.69,74134.09,29357.69,39.6
9576,May,Ajman,Analytics Suite,39,1822.93,796.97,71094.44,40012.68,56.3
9577,Dec,Dubai,Cloud Storage,40,1184.92,507.46,47396.88,27098.67,57.2
9578,Nov,Abu Dhabi,CRM Platform,26,331.81,183.45,8626.93,3857.34,44.7
9579,Aug,Sharjah,CRM Platform,1,378.74,180.91,378.74,197.82,52.2
9580,Feb,Dubai,Enterprise Software,23,1547.65,823.48,35595.97,16656.0,46.8
9581,Apr,Ajman,Cloud Storage,5,836.58,462.12,4182.91,1872.32,44.8
9582,Feb,Abu Dhabi,Security Package,8,844.74,435.6,6757.93,3273.12,48.4
9583,Jan,Ajman,Analytics Suite,37,1596.41,788.77,59067.09,29882.44,50.6
9584,Nov,Riyadh,CRM Platform,24,240.82,149.73,5779.78,2186.23,37.8
9585,Feb,Riyadh,Cloud Storage,24,315.84,178.1,7580.1,3305.8,43.6
9586,Feb,Riyadh,Security Package,4,254.77,138.74,1019.08,464.13,45.5
9587,Apr,Sharjah,Analytics Suite,1,263.89,135.86,263.89,128.02,48.5
9588,Jan,Abu Dhabi,Cloud Storage,44,875.13,436.9,38505.57,19281.86,50.1
9589,Aug,Sharjah,Cloud Storage,42,943.52,421.92,39627.7,21907.22,55.3
9590,Mar,Dubai,Security Package,25,1754.31,1111.46,43857.8,16071.26,36.6
9591,Jul,Ajman,CRM Platform,48,607.39,340.34,29154.63,12818.24,44.0
9592,Apr,Dubai,Analytics Suite,6,1543.89,794.64,9263.32,4495.5,48.5
9593,Sep,Abu Dhabi,Security Package,31,1986.5,931.83,61581.6,32694.89,53.1
9594,Jul,Sharjah,Cloud Storage,47,1811.31,785.21,85131.43,48226.36,56.6
9595,Jul,Abu Dhabi,Enterprise Software,43,1990.69,924.32,85599.86,45854.2,53.6
9596,May,Ajman,Enterprise Software,13,1111.18,500.53,14445.36,7938.53,55.0
9597,Jul,Riyadh,Enterprise Software,32,740.83,430.46,23706.72,9931.85,41.9
9598,Jun,Riyadh,Security Package,20,1769.73,865.29,35394.61,18088.74,51.1
9599,May,Sharjah,CRM Platform,16,1203.76,657.24,19260.21,8744.34,45.4
9600,Mar,Ajman,Analytics Suite,33,1907.56,993.99,62949.48,30147.73,47.9
9601,Jun,Abu Dhabi,Analytics Suite,39,1024.85,554.42,39969.05,18346.58,45.9
9602,Mar,Riyadh,Security Package,12,1866.38,880.81,22396.59,11826.88,52.8
9603,Jan,Sharjah,Analytics Suite,47,1372.21,644.79,64493.96,34188.79,53.0
9604,Jan,Dubai,Enterprise Software,8,740.37,405.64,5922.98,2677.85,45.2
9605,Feb,Ajman,Enterprise Software,49,1693.37,877.68,82975.18,39968.67,48.2
9606,May,Riyadh,Analytics Suite,24,575.74,336.65,13817.69,5738.11,41.5
9607,Aug,Dubai,Analytics Suite,46,1315.9,651.46,60531.5,30564.22,50.5
9608,Oct,Abu Dhabi,CRM Platform,12,1729.26,784.63,20751.09,11335.52,54.6
9609,Apr,Riyadh,Analytics Suite,47,1703.07,695.08,80044.37,47375.68,59.2
9610,Dec,Abu Dhabi,Analytics Suite,23,1896.19,1040.46,43612.36,19681.75,45.1
9611,Jul,Abu Dhabi,Analytics Suite,45,571.06,348.73,25697.75,10004.97,38.9
9612,Feb,Ajman,Cloud Storage,12,1670.85,734.39,20050.21,11237.55,56.0
9613,Dec,Sharjah,Security Package,32,1652.06,711.63,52866.03,30093.82,56.9
9614,Feb,Dubai,Enterprise Software,29,831.9,434.78,24125.1,11516.52,47.7
9615,Sep,Abu Dhabi,Analytics Suite,13,940.26,585.69,12223.39,4609.4,37.7
9616,Feb,Riyadh,Cloud Storage,22,355.78,180.45,7827.12,3857.32,49.3
9617,Apr,Sharjah,Analytics Suite,36,1091.85,586.22,39306.58,18202.5,46.3
9618,Feb,Dubai,CRM Platform,15,782.58,446.87,11738.76,5035.65,42.9
9619,Jun,Riyadh,Cloud Storage,45,1404.28,800.74,63192.82,27159.39,43.0
9620,Jun,Dubai,Enterprise Software,18,1169.33,693.2,21047.95,8570.36,40.7
9621,Jul,Abu Dhabi,Analytics Suite,11,1498.85,780.87,16487.37,7897.82,47.9
9622,May,Riyadh,CRM Platform,13,1411.97,636.13,18355.59,10085.94,54.9
9623,Feb,Dubai,CRM Platform,50,477.57,267.93,23878.67,10482.03,43.9
9624,Sep,Riyadh,Cloud Storage,27,1389.69,785.59,37521.55,16310.49,43.5
9625,May,Ajman,Security Package,10,1399.96,725.22,13999.56,6747.38,48.2
9626,Jun,Sharjah,Enterprise Software,15,914.63,466.4,13719.46,6723.43,49.0
9627,Dec,Abu Dhabi,Enterprise Software,38,991.25,630.42,37667.58,13711.45,36.4
9628,Jul,Sharjah,Enterprise Software,25,1308.72,557.46,32718.1,18781.48,57.4
9629,Jun,Abu Dhabi,Security Package,48,912.41,440.15,43795.71,22668.33,51.8
9630,Feb,Sharjah,Analytics Suite,27,714.14,387.75,19281.84,8812.49,45.7
9631,Feb,Abu Dhabi,Enterprise Software,6,775.72,457.05,4654.29,1912.0,41.1
9632,May,Riyadh,Analytics Suite,2,506.27,297.24,1012.53,418.05,41.3
9633,Sep,Abu Dhabi,Enterprise Software,3,907.72,520.4,2723.17,1161.99,42.7
9634,Jul,Dubai,Cloud Storage,16,505.61,288.8,8089.7,3468.98,42.9
9635,Jun,Dubai,Security Package,11,460.31,259.98,5063.36,2203.61,43.5
9636,Jul,Ajman,Analytics Suite,6,558.69,348.48,3352.12,1261.22,37.6
9637,Oct,Ajman,Cloud Storage,33,1918.56,805.09,63312.53,36744.47,58.0
9638,May,Sharjah,Security Package,44,778.36,364.07,34247.97,18228.95,53.2
9639,Jan,Abu Dhabi,Enterprise Software,30,1362.32,811.45,40869.51,16525.95,40.4
9640,Aug,Ajman,CRM Platform,19,417.99,260.06,7941.82,3000.74,37.8
9641,Feb,Ajman,Analytics Suite,33,577.94,289.17,19072.06,9529.47,50.0
9642,Jun,Abu Dhabi,Cloud Storage,15,1746.86,1114.32,26202.83,9488.05,36.2
9643,Apr,Abu Dhabi,CRM Platform,3,798.53,466.06,2395.6,997.41,41.6
9644,Jul,Ajman,Security Package,26,1774.57,910.89,46138.8,22455.59,48.7
9645,Jun,Dubai,Cloud Storage,2,1021.67,661.15,2043.34,721.04,35.3
9646,Jan,Ajman,CRM Platform,25,1236.04,702.62,30901.06,13335.49,43.2
9647,Jun,Dubai,Security Package,46,466.37,196.09,21452.98,12432.66,58.0
9648,Sep,Dubai,CRM Platform,40,937.56,456.16,37502.5,19256.2,51.3
9649,Jul,Abu Dhabi,Cloud Storage,49,1960.29,1027.42,96054.42,45711.04,47.6
9650,Feb,Dubai,Analytics Suite,12,1410.48,569.13,16925.74,10096.2,59.6
9651,Oct,Sharjah,Cloud Storage,28,1136.7,600.97,31827.47,15000.31,47.1
9652,Oct,Abu Dhabi,Analytics Suite,50,898.0,360.8,44899.85,26859.95,59.8
9653,Nov,Dubai,Security Package,44,479.69,300.01,21106.22,7905.99,37.5
9654,Jul,Ajman,Enterprise Software,41,590.12,366.96,24194.75,9149.32,37.8
9655,Apr,Dubai,Security Package,46,1418.6,791.37,65255.81,28852.78,44.2
9656,Feb,Abu Dhabi,CRM Platform,37,371.16,203.44,13732.99,6205.89,45.2
9657,Feb,Abu Dhabi,Security Package,40,1161.71,718.88,46468.58,17713.26,38.1
9658,Jul,Abu Dhabi,Enterprise Software,22,204.91,125.39,4508.01,1749.49,38.8
9659,Dec,Dubai,CRM Platform,24,1021.88,598.94,24525.12,10150.53,41.4
9660,Jan,Dubai,Security Package,34,975.87,497.58,33179.7,16261.9,49.0
9661,Mar,Sharjah,Cloud Storage,27,436.1,239.54,11774.74,5307.16,45.1
9662,Mar,Dubai,Analytics Suite,44,1133.0,516.89,49851.82,27108.85,54.4
9663,Jul,Riyadh,Enterprise Software,28,806.59,473.77,22584.59,9319.17,41.3
9664,Apr,Ajman,CRM Platform,5,571.21,349.26,2856.04,1109.75,38.9
9665,Oct,Ajman,Analytics Suite,16,408.3,196.61,6532.76,3386.98,51.8
9666,Mar,Ajman,CRM Platform,23,816.84,377.18,18787.23,10112.05,53.8
9667,Nov,Ajman,CRM Platform,24,312.7,192.42,7504.73,2886.76,38.5
9668,Jul,Abu Dhabi,Analytics Suite,49,1779.4,990.26,87190.69,38668.16,44.3
9669,Jul,Sharjah,Enterprise Software,14,1273.05,654.27,17822.69,8662.89,48.6
9670,Jun,Ajman,Enterprise Software,17,1162.64,521.53,19764.93,10898.91,55.1
9671,Feb,Abu Dhabi,Security Package,48,1976.42,887.03,94868.27,52290.86,55.1
9672,Jun,Dubai,Cloud Storage,2,538.09,253.34,1076.19,569.5,52.9
9673,May,Dubai,CRM Platform,38,948.47,529.89,36041.95,15906.19,44.1
9674,Jun,Riyadh,CRM Platform,29,742.74,435.41,21539.47,8912.49,41.4
9675,May,Ajman,Analytics Suite,46,655.31,285.45,30144.08,17013.24,56.4
9676,Apr,Riyadh,CRM Platform,40,1965.06,1110.02,78602.26,34201.34,43.5
9677,Jun,Dubai,Cloud Storage,21,1118.19,709.89,23481.91,8574.23,36.5
9678,Jan,Ajman,Analytics Suite,50,832.45,378.34,41622.51,22705.72,54.6
9679,Feb,Dubai,Analytics Suite,14,758.62,429.63,10620.63,4605.8,43.4
9680,Sep,Sharjah,Enterprise Software,46,1392.96,669.74,64076.03,33268.01,51.9
9681,Oct,Ajman,Security Package,28,1441.52,655.58,40362.55,22006.24,54.5
9682,May,Ajman,Analytics Suite,31,1792.25,751.95,55559.88,32249.56,58.0
9683,Mar,Sharjah,Enterprise Software,22,1539.68,862.69,33872.93,14893.86,44.0
9684,May,Riyadh,Cloud Storage,6,245.92,121.03,1475.52,749.33,50.8
9685,Oct,Ajman,Cloud Storage,47,1504.91,968.54,70730.59,25209.15,35.6
9686,Jul,Ajman,CRM Platform,24,959.25,421.35,23022.04,12909.61,56.1
9687,Aug,Dubai,CRM Platform,41,288.66,132.52,11835.25,6401.95,54.1
9688,Apr,Riyadh,Cloud Storage,25,993.08,566.08,24827.0,10674.99,43.0
9689,May,Ajman,Analytics Suite,7,260.25,151.94,1821.74,758.14,41.6
9690,Apr,Riyadh,Analytics Suite,38,1044.42,449.62,39687.82,22602.18,56.9
9691,Mar,Dubai,Security Package,46,298.94,120.49,13751.47,8208.79,59.7
9692,Oct,Sharjah,Enterprise Software,48,641.92,375.05,30812.08,12809.65,41.6
9693,Aug,Riyadh,Cloud Storage,48,1431.52,901.68,68712.88,25432.2,37.0
9694,Nov,Ajman,Cloud Storage,47,1857.67,1121.82,87310.67,34585.17,39.6
9695,Feb,Dubai,Cloud Storage,43,219.38,109.54,9433.19,4722.77,50.1
9696,Dec,Sharjah,CRM Platform,24,373.6,237.81,8966.38,3258.88,36.3
9697,Sep,Sharjah,CRM Platform,33,1097.09,687.31,36203.84,13522.47,37.4
9698,Sep,Riyadh,CRM Platform,36,1121.59,534.03,40377.06,21151.92,52.4
9699,Oct,Riyadh,CRM Platform,47,1782.89,920.52,83795.6,40531.03,48.4
9700,Feb,Riyadh,CRM Platform,7,726.09,399.13,5082.64,2288.72,45.0
9701,May,Ajman,Security Package,27,320.67,197.81,8657.97,3317.02,38.3
9702,Oct,Dubai,CRM Platform,46,1834.21,814.81,84373.75,46892.41,55.6
9703,Jun,Abu Dhabi,Security Package,7,237.35,145.99,1661.46,639.54,38.5
9704,Aug,Abu Dhabi,Cloud Storage,43,1130.14,564.42,48596.1,24325.88,50.1
9705,Sep,Riyadh,CRM Platform,43,1968.53,1068.57,84646.65,38698.29,45.7
9706,Jan,Sharjah,Cloud Storage,2,612.16,389.04,1224.32,446.24,36.4
9707,Nov,Sharjah,Enterprise Software,15,1992.87,1234.7,29893.04,11372.58,38.0
9708,Feb,Abu Dhabi,Analytics Suite,7,690.65,305.33,4834.52,2697.18,55.8
9709,Jun,Ajman,CRM Platform,7,1997.22,910.21,13980.51,7609.05,54.4
9710,Oct,Sharjah,Cloud Storage,19,1280.34,664.62,24326.46,11698.68,48.1
9711,Dec,Dubai,Cloud Storage,41,1555.64,784.66,63781.12,31610.22,49.6
9712,Sep,Dubai,Enterprise Software,18,1615.8,1026.8,29084.48,10602.11,36.5
9713,Dec,Riyadh,Cloud Storage,38,1060.14,503.84,40285.18,21139.41,52.5
9714,Sep,Sharjah,Cloud Storage,28,1176.94,588.01,32954.39,16490.12,50.0
9715,Aug,Abu Dhabi,Security Package,27,1083.65,474.73,29258.42,16440.75,56.2
9716,May,Abu Dhabi,Analytics Suite,41,777.56,456.94,31879.9,13145.53,41.2
9717,Feb,Sharjah,Cloud Storage,23,1533.87,971.9,35278.92,12925.29,36.6
9718,Nov,Riyadh,Cloud Storage,20,1205.25,733.68,24105.0,9431.44,39.1
9719,Dec,Riyadh,Security Package,24,641.05,405.42,15385.09,5654.95,36.8
9720,Jan,Abu Dhabi,Enterprise Software,34,1578.73,859.22,53676.91,24463.55,45.6
9721,Jan,Dubai,Analytics Suite,50,253.17,112.37,12658.34,7040.03,55.6
9722,Jan,Dubai,CRM Platform,14,928.02,429.56,12992.22,6978.35,53.7
9723,Dec,Abu Dhabi,CRM Platform,16,591.91,267.03,9470.6,5198.04,54.9
9724,Feb,Abu Dhabi,Analytics Suite,19,1791.99,913.84,34047.79,16684.88,49.0
9725,Aug,Riyadh,Security Package,26,492.41,206.18,12802.62,7441.98,58.1
9726,Oct,Ajman,CRM Platform,43,1666.26,969.42,71649.12,29963.98,41.8
9727,Nov,Sharjah,Cloud Storage,40,519.78,212.47,20791.19,12292.46,59.1
9728,Mar,Dubai,CRM Platform,32,1806.21,967.22,57798.85,26847.83,46.5
9729,Dec,Abu Dhabi,Enterprise Software,22,1808.09,1131.37,39777.91,14887.69,37.4
9730,Dec,Sharjah,Enterprise Software,32,1430.94,723.28,45790.13,22645.16,49.5
9731,Mar,Dubai,Cloud Storage,18,1437.37,812.99,25872.65,11238.84,43.4
9732,Jul,Sharjah,Security Package,6,1320.17,666.6,7921.03,3921.41,49.5
9733,Oct,Sharjah,Enterprise Software,26,905.9,471.39,23553.51,11297.3,48.0
9734,Aug,Sharjah,Analytics Suite,4,1980.34,948.79,7921.35,4126.2,52.1
9735,Sep,Riyadh,CRM Platform,28,493.24,292.26,13810.61,5627.28,40.7
9736,Sep,Abu Dhabi,CRM Platform,24,1453.33,744.31,34880.03,17016.61,48.8
9737,Feb,Dubai,CRM Platform,12,318.5,174.44,3822.02,1728.77,45.2
9738,Feb,Abu Dhabi,Security Package,32,883.43,517.44,28269.81,11711.63,41.4
9739,Nov,Dubai,CRM Platform,1,202.6,89.71,202.6,112.89,55.7
9740,Jul,Ajman,Security Package,50,489.49,229.65,24474.36,12991.92,53.1
9741,Aug,Sharjah,Cloud Storage,33,1982.76,936.96,65431.0,34511.24,52.7
9742,Dec,Abu Dhabi,Enterprise Software,1,594.94,319.05,594.94,275.89,46.4
9743,Jul,Riyadh,Enterprise Software,19,962.54,613.97,18288.27,6622.78,36.2
9744,Dec,Riyadh,Analytics Suite,39,357.82,211.37,13955.09,5711.83,40.9
9745,Sep,Riyadh,CRM Platform,42,1518.65,923.39,63783.34,25001.09,39.2
9746,Aug,Riyadh,Security Package,45,689.14,398.03,31011.08,13099.71,42.2
9747,Apr,Abu Dhabi,Enterprise Software,47,1246.35,550.53,58578.62,32703.49,55.8
9748,Sep,Riyadh,CRM Platform,31,246.14,140.61,7630.36,3271.42,42.9
9749,Jun,Ajman,Analytics Suite,48,1626.56,866.67,78075.1,36474.79,46.7
9750,Aug,Sharjah,Analytics Suite,46,1448.57,719.41,66634.34,33541.7,50.3
9751,Jan,Sharjah,Cloud Storage,38,457.96,268.74,17402.52,7190.54,41.3
9752,Apr,Ajman,Analytics Suite,2,1839.83,787.28,3679.66,2105.11,57.2
9753,Mar,Abu Dhabi,Cloud Storage,23,1961.24,966.22,45108.43,22885.29,50.7
9754,Mar,Sharjah,Enterprise Software,11,958.81,456.85,10546.95,5521.57,52.4
9755,Dec,Abu Dhabi,Analytics Suite,49,205.44,96.62,10066.66,5332.2,53.0
9756,Dec,Sharjah,Analytics Suite,42,1359.74,622.9,57108.93,30947.13,54.2
9757,Mar,Sharjah,Security Package,43,1922.99,972.02,82688.56,40891.82,49.5
9758,Aug,Abu Dhabi,Analytics Suite,29,971.25,437.41,28166.16,15481.29,55.0
9759,Nov,Riyadh,Cloud Storage,33,306.9,196.55,10127.68,3641.41,36.0
9760,Mar,Dubai,Enterprise Software,17,769.03,456.13,13073.44,5319.15,40.7
9761,May,Riyadh,CRM Platform,8,1332.13,751.07,10657.04,4648.49,43.6
9762,Oct,Abu Dhabi,Security Package,25,1302.7,717.47,32567.4,14630.54,44.9
9763,Apr,Abu Dhabi,Security Package,16,1109.85,644.95,17757.61,7438.46,41.9
9764,Jul,Riyadh,CRM Platform,36,1122.26,603.69,40401.48,18668.51,46.2
9765,Oct,Ajman,Security Package,34,469.37,247.91,15958.7,7529.61,47.2
9766,Sep,Ajman,Cloud Storage,47,980.63,524.27,46089.6,21448.69,46.5
9767,Mar,Ajman,Analytics Suite,48,455.69,220.17,21873.18,11305.04,51.7
9768,Dec,Ajman,Security Package,41,1308.25,680.27,53638.31,25747.43,48.0
9769,Dec,Ajman,Cloud Storage,41,847.84,363.3,34761.29,19866.03,57.1
9770,Jan,Riyadh,Security Package,25,1895.59,879.39,47389.73,25405.02,53.6
9771,Jan,Riyadh,CRM Platform,43,554.55,250.74,23845.52,13063.7,54.8
9772,Oct,Sharjah,Cloud Storage,50,1310.24,639.03,65512.07,33560.71,51.2
9773,Aug,Riyadh,CRM Platform,10,1995.67,875.23,19956.69,11204.38,56.1
9774,Sep,Ajman,Cloud Storage,6,1816.87,930.93,10901.22,5315.64,48.8
9775,Dec,Ajman,CRM Platform,29,1651.77,882.99,47901.26,22294.48,46.5
9776,Nov,Ajman,CRM Platform,46,612.06,336.9,28154.61,12657.23,45.0
9777,Feb,Dubai,Security Package,39,281.73,158.62,10987.57,4801.4,43.7
9778,Jul,Ajman,Analytics Suite,33,1909.32,1037.79,63007.46,28760.4,45.6
9779,Apr,Riyadh,Cloud Storage,3,850.79,487.54,2552.37,1089.77,42.7
9780,Nov,Sharjah,Enterprise Software,28,484.1,224.66,13554.74,7264.36,53.6
9781,Jan,Ajman,Enterprise Software,46,623.69,273.09,28689.84,16127.81,56.2
9782,Aug,Riyadh,CRM Platform,13,901.16,384.95,11715.05,6710.74,57.3
9783,Oct,Riyadh,Analytics Suite,8,1305.4,791.02,10443.2,4115.08,39.4
9784,Apr,Ajman,Enterprise Software,10,1244.58,504.5,12445.77,7400.76,59.5
9785,Aug,Abu Dhabi,Analytics Suite,12,675.94,338.47,8111.23,4049.62,49.9
9786,Sep,Abu Dhabi,Security Package,23,1056.44,461.51,24298.1,13683.34,56.3
9787,Jun,Ajman,Security Package,3,220.24,95.8,660.72,373.33,56.5
9788,Sep,Sharjah,Cloud Storage,42,1481.69,724.14,62230.95,31816.99,51.1
9789,Oct,Dubai,Enterprise Software,40,1661.23,1043.65,66449.21,24703.02,37.2
9790,Nov,Ajman,CRM Platform,45,1223.2,729.07,55043.92,22235.98,40.4
9791,Dec,Sharjah,Analytics Suite,2,1873.6,779.79,3747.2,2187.62,58.4
9792,Jan,Sharjah,Security Package,20,1105.8,571.47,22115.94,10686.61,48.3
9793,Dec,Abu Dhabi,Analytics Suite,39,1077.99,504.83,42041.73,22353.41,53.2
9794,Apr,Sharjah,Analytics Suite,25,1713.57,950.44,42839.37,19078.27,44.5
9795,Dec,Ajman,Enterprise Software,4,1077.18,625.19,4308.72,1807.94,42.0
9796,Nov,Riyadh,Security Package,29,1021.74,446.89,29630.58,16670.92,56.3
9797,May,Abu Dhabi,CRM Platform,25,1514.83,637.96,37870.78,21921.75,57.9
9798,Apr,Sharjah,Cloud Storage,3,218.86,114.73,656.58,312.4,47.6
9799,Jun,Abu Dhabi,CRM Platform,48,307.79,188.28,14774.0,5736.67,38.8
9800,Aug,Ajman,Security Package,49,1807.14,920.24,88549.94,43458.16,49.1
9801,Sep,Riyadh,Cloud Storage,45,269.66,129.38,12134.78,6312.57,52.0
9802,Apr,Sharjah,Analytics Suite,36,879.21,482.32,31651.59,14288.03,45.1
9803,Jul,Dubai,Enterprise Software,34,1803.6,753.17,61322.24,35714.49,58.2
9804,Jun,Dubai,CRM Platform,1,298.39,149.39,298.39,149.01,49.9
9805,Jun,Riyadh,Enterprise Software,24,1153.54,728.84,27684.88,10192.66,36.8
9806,Oct,Riyadh,Cloud Storage,43,482.2,210.2,20734.47,11696.05,56.4
9807,Jun,Sharjah,Analytics Suite,23,1898.94,920.38,43675.63,22506.94,51.5
9808,Mar,Abu Dhabi,Cloud Storage,7,746.67,480.22,5226.71,1865.18,35.7
9809,May,Riyadh,Analytics Suite,50,351.06,195.0,17552.91,7802.7,44.5
9810,Jun,Riyadh,Security Package,42,353.71,181.03,14855.8,7252.52,48.8
9811,Apr,Riyadh,Security Package,14,1887.97,867.75,26431.65,14283.21,54.0
9812,Jul,Dubai,Analytics Suite,38,788.87,495.44,29976.9,11150.18,37.2
9813,Jun,Ajman,Enterprise Software,48,1386.74,819.52,66563.31,27226.46,40.9
9814,Dec,Riyadh,Analytics Suite,5,223.43,113.47,1117.17,549.82,49.2
9815,Feb,Abu Dhabi,CRM Platform,42,1613.49,971.25,67766.63,26974.02,39.8
9816,May,Riyadh,CRM Platform,3,1468.88,772.08,4406.63,2090.41,47.4
9817,Aug,Dubai,Enterprise Software,13,1966.7,1124.38,25567.15,10950.18,42.8
9818,Apr,Riyadh,Security Package,34,461.48,216.36,15690.25,8333.89,53.1
9819,Aug,Abu Dhabi,Security Package,34,1249.41,736.44,42479.97,17441.1,41.1
9820,Mar,Riyadh,CRM Platform,33,1237.32,785.44,40831.4,14911.88,36.5
9821,Sep,Dubai,Cloud Storage,19,301.53,131.51,5729.15,3230.51,56.4
9822,Jan,Riyadh,Analytics Suite,21,889.98,367.61,18689.68,10969.97,58.7
9823,Oct,Abu Dhabi,Enterprise Software,7,469.59,235.78,3287.1,1636.65,49.8
9824,Jun,Sharjah,Security Package,48,1997.87,1082.48,95897.93,43939.06,45.8
9825,Oct,Sharjah,Analytics Suite,36,322.33,207.36,11603.94,4138.9,35.7
9826,Oct,Sharjah,Enterprise Software,16,1178.5,748.48,18856.06,6880.39,36.5
9827,May,Ajman,Analytics Suite,30,324.89,192.56,9746.73,3969.92,40.7
9828,Nov,Ajman,Enterprise Software,24,656.28,337.55,15750.67,7649.47,48.6
9829,Jan,Riyadh,CRM Platform,22,918.4,402.53,20204.78,11349.15,56.2
9830,Jun,Dubai,Enterprise Software,26,1993.86,1088.85,51840.33,23530.17,45.4
9831,Nov,Sharjah,Analytics Suite,26,1768.89,867.07,45991.12,23447.29,51.0
9832,Nov,Dubai,Cloud Storage,50,1506.37,947.87,75318.51,27924.87,37.1
9833,Jul,Dubai,CRM Platform,41,874.95,432.26,35873.14,18150.47,50.6
9834,Jan,Dubai,Analytics Suite,23,1311.63,798.27,30167.58,11807.39,39.1
9835,Dec,Sharjah,Analytics Suite,30,970.76,505.93,29122.75,13944.7,47.9
9836,Aug,Riyadh,Cloud Storage,37,1459.18,674.38,53989.71,29037.69,53.8
9837,May,Dubai,Security Package,32,679.79,350.38,21753.42,10541.33,48.5
9838,Jan,Riyadh,Security Package,46,543.25,335.4,24989.52,9561.08,38.3
9839,Dec,Dubai,Security Package,25,1654.45,669.34,41361.23,24627.73,59.5
9840,Mar,Dubai,Enterprise Software,30,960.66,572.01,28819.71,11659.55,40.5
9841,May,Ajman,Enterprise Software,12,652.1,367.18,7825.15,3418.97,43.7
9842,Feb,Abu Dhabi,Enterprise Software,5,1664.13,907.32,8320.67,3784.06,45.5
9843,Nov,Abu Dhabi,CRM Platform,27,1571.45,681.09,42429.04,24039.67,56.7
9844,Apr,Ajman,CRM Platform,41,1877.25,802.09,76967.2,44081.67,57.3
9845,Jan,Abu Dhabi,Cloud Storage,40,1831.24,978.45,73249.51,34111.54,46.6
9846,Jun,Dubai,Analytics Suite,11,649.8,346.67,7147.83,3334.44,46.6
9847,May,Dubai,Cloud Storage,25,590.36,265.09,14759.05,8131.91,55.1
9848,Aug,Abu Dhabi,Security Package,17,1339.53,804.77,22772.06,9091.05,39.9
9849,Jul,Ajman,Analytics Suite,36,906.83,535.13,32646.05,13381.52,41.0
9850,Sep,Dubai,Analytics Suite,3,256.47,148.47,769.42,324.02,42.1
9851,Nov,Riyadh,Security Package,23,1857.34,1067.76,42718.85,18160.3,42.5
9852,Feb,Abu Dhabi,Security Package,21,1044.42,515.02,21932.72,11117.33,50.7
9853,Jun,Dubai,Enterprise Software,18,597.57,320.22,10756.24,4992.24,46.4
9854,Sep,Sharjah,CRM Platform,7,1207.67,497.96,8453.7,4967.98,58.8
9855,Oct,Ajman,CRM Platform,46,1640.38,910.09,75457.51,33593.25,44.5
9856,Sep,Dubai,Analytics Suite,34,1768.38,757.96,60125.05,34354.57,57.1
9857,May,Dubai,Analytics Suite,28,931.42,579.48,26079.68,9854.17,37.8
9858,May,Riyadh,Analytics Suite,8,1017.46,416.02,8139.67,4811.5,59.1
9859,Jul,Ajman,Analytics Suite,10,1839.26,915.44,18392.59,9238.19,50.2
9860,Jun,Riyadh,Security Package,19,1742.01,833.42,33098.19,17263.17,52.2
9861,Nov,Sharjah,Cloud Storage,44,918.28,481.55,40404.35,19216.05,47.6
9862,Jul,Ajman,CRM Platform,24,1288.08,801.65,30913.99,11674.28,37.8
9863,Jan,Riyadh,Security Package,11,1392.87,653.09,15321.59,8137.56,53.1
9864,Sep,Abu Dhabi,Cloud Storage,7,1702.54,758.06,11917.81,6611.39,55.5
9865,May,Ajman,CRM Platform,33,1723.29,953.8,56868.42,25393.13,44.7
9866,Nov,Dubai,Security Package,26,374.05,185.62,9725.28,4899.29,50.4
9867,Sep,Abu Dhabi,Security Package,15,927.01,535.89,13905.2,5866.85,42.2
9868,Nov,Riyadh,Enterprise Software,24,1553.36,699.31,37280.64,20497.23,55.0
9869,Nov,Sharjah,Enterprise Software,13,339.02,218.54,4407.24,1566.28,35.5
9870,Feb,Sharjah,CRM Platform,7,1903.23,1187.95,13322.63,5006.99,37.6
9871,Sep,Abu Dhabi,CRM Platform,19,1054.68,500.21,20038.89,10534.92,52.6
9872,Apr,Ajman,Security Package,29,507.46,225.28,14716.32,8183.34,55.6
9873,Aug,Riyadh,Enterprise Software,49,884.47,488.71,43339.26,19392.69,44.7
9874,Mar,Ajman,Security Package,11,823.24,441.73,9055.64,4196.64,46.3
9875,Nov,Riyadh,Analytics Suite,13,416.22,232.52,5410.81,2388.08,44.1
9876,May,Sharjah,CRM Platform,1,1149.9,548.34,1149.9,601.56,52.3
9877,Aug,Sharjah,Enterprise Software,13,1298.14,568.42,16875.88,9486.43,56.2
9878,Dec,Ajman,Enterprise Software,32,824.98,400.44,26399.46,13585.5,51.5
9879,Oct,Ajman,Security Package,4,892.76,470.21,3571.03,1690.18,47.3
9880,May,Abu Dhabi,Analytics Suite,10,791.85,333.83,7918.45,4580.17,57.8
9881,Jun,Dubai,Security Package,17,800.74,335.89,13612.53,7902.32,58.1
9882,Feb,Abu Dhabi,Analytics Suite,24,1859.4,982.63,44625.6,21042.4,47.2
9883,May,Ajman,Cloud Storage,36,651.98,271.66,23471.41,13691.62,58.3
9884,Nov,Ajman,Enterprise Software,29,286.32,174.08,8303.23,3254.88,39.2
9885,Oct,Ajman,Analytics Suite,8,747.72,359.92,5981.72,3102.38,51.9
9886,Dec,Abu Dhabi,CRM Platform,23,1717.67,695.69,39506.35,23505.58,59.5
9887,Oct,Sharjah,CRM Platform,7,696.96,442.71,4878.72,1779.78,36.5
9888,Nov,Dubai,CRM Platform,20,1988.72,969.85,39774.31,20377.34,51.2
9889,Apr,Ajman,Cloud Storage,31,965.83,620.97,29940.63,10690.65,35.7
9890,Dec,Sharjah,Enterprise Software,40,359.53,167.82,14381.37,7668.4,53.3
9891,Feb,Ajman,Security Package,1,1313.56,685.34,1313.56,628.22,47.8
9892,Aug,Riyadh,Analytics Suite,42,383.84,245.37,16121.22,5815.51,36.1
9893,May,Sharjah,Enterprise Software,38,845.18,397.19,32116.82,17023.73,53.0
9894,Sep,Sharjah,Analytics Suite,50,540.96,282.16,27048.19,12940.28,47.8
9895,Sep,Abu Dhabi,CRM Platform,3,1920.25,992.29,5760.74,2783.88,48.3
9896,Jul,Riyadh,CRM Platform,47,340.19,209.98,15989.06,6120.04,38.3
9897,May,Dubai,Security Package,16,1810.63,958.99,28970.1,13626.23,47.0
9898,Sep,Dubai,CRM Platform,20,1153.03,708.42,23060.66,8892.22,38.6
9899,Nov,Abu Dhabi,Cloud Storage,2,1681.72,926.69,3363.45,1510.07,44.9
9900,May,Ajman,Enterprise Software,47,1886.67,884.6,88673.33,47097.21,53.1
9901,Apr,Sharjah,Enterprise Software,2,1393.4,688.92,2786.79,1408.96,50.6
9902,Jun,Dubai,Analytics Suite,46,1502.7,854.31,69124.34,29825.88,43.1
9903,Sep,Riyadh,Enterprise Software,6,1709.55,888.71,10257.28,4925.01,48.0
9904,Jan,Abu Dhabi,Enterprise Software,12,1087.37,658.98,13048.38,5140.62,39.4
9905,Aug,Abu Dhabi,Cloud Storage,12,499.39,297.41,5992.68,2423.79,40.4
9906,Oct,Abu Dhabi,CRM Platform,21,306.65,186.38,6439.67,2525.72,39.2
9907,Jan,Abu Dhabi,CRM Platform,22,1253.25,582.88,27571.46,14748.21,53.5
9908,Apr,Abu Dhabi,Analytics Suite,21,1718.04,757.78,36078.74,20165.26,55.9
9909,Oct,Sharjah,Analytics Suite,14,294.36,176.16,4121.03,1654.79,40.2
9910,Oct,Sharjah,Cloud Storage,30,1799.53,1065.71,53985.81,22014.5,40.8
9911,Apr,Sharjah,Enterprise Software,44,1385.46,834.52,60960.38,24241.61,39.8
9912,May,Riyadh,CRM Platform,10,957.46,534.61,9574.57,4228.48,44.2
9913,Oct,Dubai,Enterprise Software,36,1319.87,679.2,47515.5,23064.12,48.5
9914,Jan,Ajman,Analytics Suite,45,765.66,355.72,34454.71,18447.35,53.5
9915,Jul,Abu Dhabi,Enterprise Software,19,364.03,151.88,6916.57,4030.87,58.3
9916,Dec,Riyadh,Enterprise Software,13,981.58,495.67,12760.5,6316.8,49.5
9917,Dec,Dubai,Cloud Storage,24,1863.58,1157.85,44725.81,16937.45,37.9
9918,Jan,Abu Dhabi,CRM Platform,3,942.93,504.47,2828.79,1315.38,46.5
9919,Mar,Riyadh,Cloud Storage,13,1137.17,512.76,14783.18,8117.27,54.9
9920,Oct,Ajman,Security Package,13,1167.99,641.49,15183.89,6844.5,45.1
9921,Jun,Riyadh,Analytics Suite,36,1217.42,534.33,43827.05,24591.25,56.1
9922,May,Dubai,CRM Platform,32,779.75,428.18,24951.88,11250.26,45.1
9923,Aug,Riyadh,CRM Platform,23,916.67,438.78,21083.37,10991.37,52.1
9924,Sep,Abu Dhabi,Security Package,44,1797.18,1020.47,79075.92,34175.09,43.2
9925,Sep,Ajman,Cloud Storage,13,970.68,487.24,12618.89,6284.71,49.8
9926,Jan,Sharjah,CRM Platform,14,344.51,138.08,4823.17,2889.98,59.9
9927,Nov,Abu Dhabi,Cloud Storage,5,641.7,359.99,3208.5,1408.52,43.9
9928,Jun,Riyadh,CRM Platform,14,1353.81,771.77,18953.34,8148.59,43.0
9929,Feb,Sharjah,Cloud Storage,20,717.04,378.48,14340.76,6771.26,47.2
9930,Nov,Sharjah,Analytics Suite,50,1564.12,920.69,78205.9,32171.51,41.1
9931,Oct,Ajman,Analytics Suite,33,1147.48,639.35,37866.83,16768.32,44.3
9932,Sep,Riyadh,CRM Platform,13,1211.47,523.11,15749.11,8948.67,56.8
9933,May,Abu Dhabi,Analytics Suite,14,264.65,162.57,3705.13,1429.14,38.6
9934,Jun,Sharjah,Cloud Storage,12,1936.05,944.78,23232.61,11895.26,51.2
9935,Nov,Ajman,Cloud Storage,19,1621.56,818.88,30809.57,15250.91,49.5
9936,Sep,Dubai,CRM Platform,47,1233.22,667.5,57961.17,26588.61,45.9
9937,Aug,Abu Dhabi,Analytics Suite,7,1932.47,1002.87,13527.32,6507.24,48.1
9938,Feb,Sharjah,CRM Platform,2,1181.98,669.14,2363.95,1025.68,43.4
9939,Apr,Dubai,Enterprise Software,2,492.2,306.42,984.41,371.57,37.7
9940,Oct,Abu Dhabi,Cloud Storage,22,1930.12,823.49,42462.59,24345.83,57.3
9941,Oct,Dubai,CRM Platform,33,604.03,270.46,19932.89,11007.79,55.2
9942,May,Riyadh,Analytics Suite,7,671.16,289.7,4698.14,2670.23,56.8
9943,Apr,Abu Dhabi,CRM Platform,41,439.51,257.53,18019.75,7460.99,41.4
9944,May,Abu Dhabi,Enterprise Software,17,774.97,486.0,13174.51,4912.45,37.3
9945,Nov,Dubai,Analytics Suite,3,680.01,293.19,2040.03,1160.45,56.9
9946,Aug,Riyadh,CRM Platform,35,1751.37,916.73,61297.96,29212.43,47.7
9947,Feb,Riyadh,Enterprise Software,44,424.39,207.2,18672.94,9556.1,51.2
9948,Apr,Riyadh,Enterprise Software,12,960.89,456.07,11530.69,6057.9,52.5
9949,Dec,Abu Dhabi,Cloud Storage,44,907.84,439.78,39944.95,20594.68,51.6
9950,Oct,Sharjah,CRM Platform,44,273.12,122.38,12017.33,6632.8,55.2
9951,Dec,Ajman,Security Package,13,355.8,220.27,4625.37,1761.82,38.1
9952,Feb,Sharjah,CRM Platform,37,1018.99,452.43,37702.48,20962.69,55.6
9953,Jun,Riyadh,Enterprise Software,19,813.32,353.32,15453.12,8740.11,56.6
9954,Jul,Riyadh,CRM Platform,41,1600.75,892.42,65630.77,29041.57,44.2
9955,Apr,Dubai,Cloud Storage,22,973.11,394.57,21408.32,12727.78,59.5
9956,Jan,Riyadh,Cloud Storage,40,1301.52,721.02,52060.97,23220.12,44.6
9957,Oct,Ajman,Security Package,6,1279.47,631.12,7676.84,3890.09,50.7
9958,Jul,Ajman,Security Package,32,1888.38,1223.3,60428.31,21282.85,35.2
9959,Oct,Riyadh,Security Package,37,591.18,314.01,21873.83,10255.49,46.9
9960,Nov,Dubai,Security Package,8,1796.45,1000.47,14371.59,6367.82,44.3
9961,Nov,Sharjah,Security Package,30,691.17,296.81,20735.12,11830.89,57.1
9962,Oct,Abu Dhabi,Enterprise Software,45,1391.85,569.31,62633.4,37014.51,59.1
9963,Jun,Sharjah,Enterprise Software,22,403.54,246.98,8877.91,3444.44,38.8
9964,Jul,Sharjah,Security Package,14,1817.57,1145.67,25445.93,9406.5,37.0
9965,Apr,Abu Dhabi,Analytics Suite,13,498.48,258.4,6480.2,3121.0,48.2
9966,Oct,Abu Dhabi,Security Package,39,923.3,591.56,36008.65,12937.97,35.9
9967,Sep,Riyadh,CRM Platform,24,1664.22,1012.4,39941.35,15643.73,39.2
9968,Feb,Sharjah,Cloud Storage,6,893.38,561.44,5360.26,1991.63,37.2
9969,Jun,Dubai,CRM Platform,49,351.61,202.25,17229.05,7319.01,42.5
9970,Apr,Sharjah,CRM Platform,40,1882.78,1098.63,75311.1,31365.96,41.6
9971,Feb,Sharjah,Cloud Storage,2,811.84,413.83,1623.69,796.03,49.0
9972,Apr,Dubai,Enterprise Software,44,299.06,169.06,13158.61,5720.18,43.5
9973,Jun,Abu Dhabi,CRM Platform,37,945.83,510.09,34995.74,16122.32,46.1
9974,Jun,Riyadh,Security Package,36,889.48,456.16,32021.26,15599.44,48.7
9975,Sep,Abu Dhabi,Analytics Suite,20,566.86,354.52,11337.16,4246.84,37.5
9976,May,Abu Dhabi,Enterprise Software,37,697.77,337.27,25817.43,13338.43,51.7
9977,Jun,Dubai,Cloud Storage,46,1765.68,1118.17,81221.09,29785.27,36.7
9978,Jul,Ajman,Enterprise Software,9,1356.85,800.97,12211.68,5002.92,41.0
9979,Feb,Riyadh,Security Package,36,280.12,131.13,10084.24,5363.46,53.2
9980,Oct,Riyadh,Security Package,8,770.54,461.97,6164.31,2468.53,40.0
9981,May,Sharjah,Enterprise Software,1,844.89,350.54,844.89,494.35,58.5
9982,Nov,Sharjah,Enterprise Software,6,1467.26,834.32,8803.58,3797.64,43.1
9983,Dec,Ajman,Analytics Suite,11,1946.5,1113.42,21411.47,9163.85,42.8
9984,May,Abu Dhabi,CRM Platform,5,1800.22,797.39,9001.11,5014.16,55.7
9985,Aug,Ajman,Analytics Suite,9,776.48,362.41,6988.35,3726.64,53.3
9986,Dec,Abu Dhabi,Security Package,12,713.68,323.28,8564.22,4684.88,54.7
9987,May,Ajman,Enterprise Software,9,656.31,350.61,5906.78,2751.28,46.6
9988,May,Dubai,CRM Platform,46,1332.39,579.0,61289.73,34655.79,56.5
9989,Dec,Abu Dhabi,Security Package,45,1680.55,1010.49,75624.6,30152.56,39.9
9990,Nov,Ajman,Security Package,22,1552.64,693.16,34158.16,18908.72,55.4
9991,Mar,Ajman,Security Package,2,1223.1,656.83,2446.21,1132.54,46.3
9992,Mar,Riyadh,Enterprise Software,10,751.99,484.93,7519.89,2670.59,35.5
9993,Feb,Ajman,CRM Platform,17,1790.7,1065.17,30441.89,12333.96,40.5
9994,Oct,Riyadh,Enterprise Software,32,202.88,81.56,6492.23,3882.33,59.8
9995,Dec,Ajman,Security Package,1,1293.31,735.27,1293.31,558.04,43.1
9996,Nov,Sharjah,Enterprise Software,21,1320.95,553.08,27739.89,16125.19,58.1
9997,Apr,Sharjah,Cloud Storage,8,991.75,430.24,7934.01,4492.09,56.6
9998,Apr,Sharjah,Cloud Storage,32,1277.4,511.51,40876.94,24508.75,60.0
9999,May,Ajman,Enterprise Software,42,624.21,368.8,26216.62,10726.9,40.9
10000,Aug,Sharjah,Security Package,12,1583.56,711.93,19002.72,10459.51,55.0
